,RU,EN
0,Он сел в трамвай и поехал домой.,He got on the tram and went home.
1,Я хочу стать водителем трамвая.,I want to become a tram driver.
2,Слишком поздно. Трамваи не ходят.,It's too late. The trams aren't running.
3,Я купила два килограмма яблок.,I bought two kilos of apples.
4,Килограмм брокколи стоит сто рублей.,A kilogram of broccoli costs one hundred rubles.
5,Мой рюкзак весит восемь килограммов.,My backpack weights eight kilograms.
6,Эта работа подходит для активных людей.,This work is suitable for active people.
7,Аудитория играет активную роль в жизни артиста.,The audience plays an active role in a performer's life.
8,Маша устала от активной жизни.,Masha got tired of her active life.
9,Моя мама любит гулять в парке вечером.,My mother likes walking in the park in the evening.
10,После школы девочки пошли в парк.,After school the girls went to the park.
11,Фестиваль чая пройдёт на территории Парка Горького.,The Tea Festival will take place on the grounds of Gorky Park.
12,Новый закон защищает интересы бизнесменов.,The new law protects the interests of businessmen.
13,Бизнесмен должен быть честным.,A businessman has to be honest.
14,Российские бизнесмены протестуют против повышения налогов.,Russian businessmen are protesting against a tax increase.
15,Работники музея могут посещать выставки бесплатно.,The museum workers can go to the exhibitions for free.
16,В этом музее есть скелет синего кита.,There is a skeleton of a blue whale in this museum.
17,Музей Москвы был открыт в девятнадцатом веке.,The Moscow Museum opened in the nineteenth century.
18,"Саша – богатый человек, но скромный.",Sasha is a rich man but a modest one.
19,Жизнь в центре города – удовольствие только для богатых людей.,Living in the city center is a luxury for rich people only.
20,Я совсем не хочу быть богатым.,I don't want to be rich at all.
21,Эта группа не сдаст экзамен по химии.,This group won't pass the chemistry exam.
22,Летом мы сдаём экзамены по всем предметам.,In summer we have exams in all subjects. 
23,После экзаменов я собираюсь спать три дня.,After the exams I am going to sleep for three days.
24,Он всегда ест хлеб с маслом на завтрак.,He always has bread and butter for breakfast.
25,Нужно добавить в салат больше оливкового масла.,You need to add more olive oil to the salad.
26,"Дома закончилось сливочное масло, нужно купить."," There’s no more butter in the house, we need to buy some."
27,Немцы любят пиво.,Gemans like beer.
28,В моём университете много немцев.,There are many Germans at my university.
29,"В его анекдотах всегда есть русский, француз и немец.","His jokes are always about a Russian, a Frenchman and a German."
30,Я кладу в чай одну ложку сахара.,I put a spoonful of sugar in my tea.
31,Маленький мальчик ест суп большой ложкой.,The little boy eats soup with a big spoon.
32,Здесь нет ложки.,There is no spoon.
33,Он положил левую руку мне на плечо.,He put his left hand on my shoulder.
34,Левые не получают поддержки от правительства Российской Федерации.,Leftists don't get support from the government of the Russian Federation.
35,Маша сломала палец левой руки.,Masha broke her finger on her left hand.
36,"Это комедия, в ней никто не умирает.","This is a comedy, so nobody dies."
37,Я читал это в комедии Шекспира.,I read it in a comedy by Shakespeare.
38,Я останусь дома и посмотрю хорошую комедию.,I’ll stay at home and watch a good comedy.
39,Мне понравилось это вино.,I really liked this wine.
40,Моему брату не понравился мой новый друг.,My brother didn't like my new friend.
41,София сразу мне понравилась.,I liked Sophia at once.
42,На перемене мы обычно играем в футбол или пинг-понг.,During the break we always play soccer or ping-pong.
43,Никакого футбола в моём дворе!,No soccer in my yard!
44,В 2018 чемпионат мира по футболу прошёл в России.,In 2018 the World Cup was held in Russia.
45,Мы пообедали в новом кафе.,We ate lunch in the new café.
46,После работы мы решили вместе пообедать.,After work we decided to eat lunch together.
47,"Мы с Марией пообедаем вместе, а потом пойдём в кино.",Maria and I are going to eat lunch and then go to the movie theater.
48,"Например, ты можешь положить в сэндвич лист салата.","For example, you can put a lettuce leaf in the sandwich."
49,Папа сегодня готовит свой любимый салат.,Today Dad is making his favorite salad.
50,На Новый Год люди обычно готовят пять или шесть разных салатов.,For the New Year celebration people usually prepare five or six different salads. 
51,Друзья будут ждать меня у стадиона.,My friends will wait for me outside the stadium.
52,"На стадионе ""Лужники"" пройдёт следующий матч чемпионата мира.",The next World Cup will be held at the Luzhniki stadium.
53,Стадион был построен в 2014 году.,The stadium was built in 2014.
54,Я ушла и заперла дверь на ключ.,I left and locked the door with the key.
55,"Кажется, я забыл ключи.",It seems I forgot the keys.
56,Мама откроет дверь своим ключом.,Mom will open the door with her key.
57,Я купила десяток яиц.,I bought ten eggs.
58,Папа достал из холодильника яйца и помидоры.,Dad took eggs and tomatoes out of the refrigerator.
59,На завтрак я съел яйцо.,For breakfast I ate an egg.
60,Я не покупаю одежду этой марки.,I don't buy this brand of clothes.
61,У меня большая коллекция марок.,I have a big stamp collection.
62,Моя сестра предпочитает другую марку пива.,My sister prefers another brand of beer.
63,Брат попросил у меня деньги на обед.,My brother asked me for money to buy lunch.
64,Я хотела попросить у него денег.,I wanted to ask him for money.
65,"Саша, мама попросила тебя помыть посуду.","Sasha, Mom asked you to wash the dishes."
66,Я хочу взять интервью у артиста цирка.,I want to interview a circus performer.
67,"Работа в цирке тяжёлая, но интересная.",Working in the circus is hard but interesting
68,Этот цирк великолепен!,This circus is incredible!
69,После обеда я всегда хочу спать.,After lunch I always want to sleep.
70,Обед начинается в два часа.,Lunch starts at two o'clock.
71,"Думаю, мы вернёмся к обеду.",I think we're going to come back before lunch.
72,Я положила в торт двести грамм сахара.,I put 200g of sugar in the cake.
73,Каждый из нас выпил сто граммов водки.,Each of us drank 100 grams of vodka.
74,Вес золотой медали Олимпийских игр — пятьсот шестьдесят два грамма. ,The Olympic gold medal weighs 562 grams.
75,Мы остановимся в гостинице на площади Восстания.,We are staying in the hotel on Vosstaniya Square.
76,Наша гостиница была ужасна.,Our hotel was terrible.
77,Мы выезжаем из гостиницы в восемь утра.,We're leaving the hotel at 8 in the morning.
78,Он всегда ходит с ножом.,He always carries a knife.
79,Я не могу найти нож.,I can't find a knife.
80,Мы купили новые ножи на кухню.,We bought new kitchen knives.
81,Мой старший брат – мастер спорта по боксу.,My big brother is a master of sports in boxing.
82,Заниматься спортом полезно для здоровья.,Playing sports is good for one's health.
83,Я ничего не понимаю в спорте.,I don't understand anything about sports.
84,Какая у тебя красивая рубашка!,What a lovely shirt you have!
85,"Было жарко, и я снял рубашку.","It was hot, so I took off my shirt."
86,Машенька положила конфету в карман рубашки.,Mashenka put a candy in her shirt pocket.
87,Эту технологию используют в медицине.,This technology is used in medicine.
88,Медицина в России — бесплатная.,Medical care in Russia is free of charge.
89,Развитие медицины — важная задача.,The development of medicine is an important task.
90,Следующая остановка — «площадь Восстания».,"The next stop is ""Vosstaniya square""."
91,Приходи! Я жду тебя на остановке.,Come! I’m waiting for you at the bus stop.
92,Через пять остановок я вышел из автобуса.,I got off the bus after 5 stops.
93,В Москве много немецких туристов.,There are a lot of German tourists in Moscow.
94,Маша — преподаватель немецкого языка.,Masha is a German teacher.
95,"Я учил немецкий в школе, но уже ничего не помню.",I learned German at school but now I don’t remember anything.
96,Мне нравится зелёный чай с мятой.,I like green tea with mint.
97,У Оли зелёные глаза и чёрные волосы.,Olya has green eyes and black hair.
98,Купи зелёной краски! Мы красим стены в доме.,Buy some green paint! We’re painting the walls in our house.
99,День рождения нашей учительницы — в апреле.,Our teacher’s birthday is in April.
100,"Наша учительница строгая, но справедливая.",Our teacher is strict but fair.
101,"Вчера я позвонил учительнице, потому что не пришёл на урок.",I called my teacher yesterday because I didn’t go to class.
102,Какой у вас родной язык?,What is your mother tongue?
103,Мне всегда уютно в моём родном городе.,I always feel comfortable in my hometown.
104,Ты как с родным отцом разговариваешь?,Is that any way to speak to your own father?
105,Каким видом транспорта вы пользуетесь?,Which means of transport do you use?
106,Я не пользуюсь общественным транспортом — у меня своя машина.,I don’t use public transport — I have my own car.
107,Важно развивать общественный транспорт.,It’s important to develop public transport.
108,Какой красивый браслет! Можно посмотреть?,What a beautiful bracelet! Can I take a look?
109,"Ты посмотрел, как пройти в центр города?",Did you check how to get to the city center?
110,Она странно посмотрела на меня.,She gave me a strange look.
111,Жди меня у входа в магазин!,Wait for me at the entrance to the store!
112,На входе в аэропорт теперь стоит охрана.,There is now security at the entrance to the airport.
113,Я не вижу вход в этот магазин.,I can’t see the entrance to this shop.
114,Французский президент вчера прибыл в Москву.,The French president arrived in Moscow yesterday.
115,Вчера закончился фестиваль французской культуры.,The festival of French culture ended yesterday.
116,"Во французском языке есть артикли: le, la, les.","There are articles in French: le, la, les."
117,Мы поедем в центр на автобусе. Трамваи туда не ходят.,We’ll take the bus to the city center. No trams go there.
118,Я знаю маршрут этого автобуса.,I don't know the route of this bus.
119,В московских автобусах есть бесплатный интернет.,There is free internet in Moscow buses.
120,Почему об этом не пишут в учебниках по истории?,Why they don’t write about that in history textbooks?
121,Наши учебники по математике очень сложные.,Our math books are very difficult.
122,Мне нужен этот учебник.,I need this textbook.
123,Сколько иностранных языков вы знаете?,How many foreign languages do you know?
124,Он пошёл в библиотеку иностранной литературы.,He went to the foreign literature library.
125,Иностранным гражданам в этом музее скидка.,There is a discount for foreign citizens in this museum.
126,"Как здорово, что ты приехал!",It's so great that you came!
127,Ты очень устал. Тебе нужен здоровый сон.,You’re so tired. You need some good sleep.
128,"Петя болел на прошлой неделе, но сейчас абсолютно здоров.",Petya was sick last week but now he is absolutely fine.
129,Любовь делает меня счастливым.,Love makes me happy.
130,Меня взяли на работу! Какой счастливый день сегодня!,I got a job! What a happy day!
131,Ты счастлив с ней?,Are you happy with her?
132,Мой папа — инженер.,My father is an engineer.
133,На нашем заводе свободна должность главного инженера.,At our factory the position of chief engineer is available.
134,В нашу компанию нужны инженеры.,We need engineers in our company.
135,Мужской туалет находится справа от кассы.,The men’s bathroom is to the right of the cash register.
136,По-русски «дом» — существительное мужского рода.,In Russian «house» is a masculine noun.
137,В этом магазине нет мужских духов. ,There's no men's perfume in this shop.
138,Я не могу найти свои очки.,I can't find my glasses.
139,Я всегда смотрю телевизор в очках.,I always wear glasses when I watch TV.
140,Я не могу читать без очков.,I can't read without glasses.
141,Как называется приложение с картой метро?,What is the name of the app with a map of the metro?
142,Он узнал об этом из приложения к журналу.,He learned about it from the insert in the magazine.
143,Результаты анализов смотрите в приложении.,See the results of analyses in the attachment.
144,Привет из северной столицы России — Санкт-Петербурга!,Greetings from the Northern capital of Russia — Saint Petersburg!
145,Жители северных стран пьют много кофе.,People living in the Northern countries drink a lot of coffee.
146,Северная Корея — очень закрытая страна.,North Korea is a very closed country.
147,Ты сегодня такой весёлый. У тебя какой-то праздник?,You’re so happy today. Is there a special occasion?
148,Мне здесь совсем не весело. Пойдём домой!,It's no fun here at all. Let’s go home!
149,Моя собака всегда весёлая и энергичная.,My dog is always happy and energetic.
150,Жёлтые листья падают с деревьев.,Yellow leaves are falling from the trees.
151,Мне нравится твой жёлтый свитер.,I like your yellow sweater.
152,Я ищу юбку с жёлтыми полосками.,I am looking for a skirt with yellow stripes.
153,Не забудь сумку! Там наши паспорта.,Don’t forget the bag! Our passports are there.
154,Я не выхожу из дома без сумки.,I don't leave the house without my purse.
155,Я не могу найти ключи в сумке.,I can’t find the keys in the bag.
156,"В этом салате мало соли, нужно добавить.","There's not enough salt in this salad, we need to add more."
157,"Передай мне, пожалуйста, соль.","Pass me the salt, please."
158,В этой воде много солей магния.,This water contains a lot of magnesium salts.
159,С какого вокзала ты уезжаешь?,Which train station do you depart from?
160,Я провёл ночь на вокзале — ждал поезд в Мурманск.,I spent the night at the train station — I was waiting for the train to Murmansk.
161,Вася поехал на вокзал встречать своих друзей.,Vasya has gone to the train station to pick up his friends.
162,Откуда у Пети деньги? Он же бедный студент.,Where does Petya get money from? He’s a poor student.
163,Бедная девочка! Выздоравливай скорее!,Poor girl! Get well soon!
164,Дети из бедных семей получат бесплатные обеды в школе.,Children from poor families will get free lunches at school.
165,Кто ты по специальности?,What’s your profession?
166,"Моя специальность — переводчик, но я работаю фотографом.","I’m an interpreter by profession, but I work as a photographer."
167,В этом университете учат двадцати специальностям.,They teach 20 specializations in this university.
168,Мне не нравятся эти серые тучи на небе.,I don't like those grey clouds in the sky.
169,Серый волк — герой многих русских сказок.,The grey wolf is a character in many Russian fairy-tales.
170,Видите мужчину в серых штанах? Это мой дядя.,Do you see that man in grey pants? That’s my uncle.
171,Куда поступают твои одноклассники?,What universities are your classmates are applying to?
172,Мой брат хочет поступать в МГУ.,My brother wants to apply to Moscow State University.
173,"В этом году он не поступает в университет, а идёт работать.","He’s not applying to the university this year, he’s going to work."
174,На каком факультете ты учишься?,Which faculty/department of the university do you study at?
175,Это профессор с моего факультета.,This is a professor from my faculty/department.
176,Я поступила на факультет лингвистики.,I got accepted into the linguistics department.
177,Моя внучка любит танцевать.,My granddaughter likes to dance.
178,Как зовут вашу внучку?,What's your granddaughter’s name?
179,У моей внучки много талантов.,My granddaughter has many talents.
180,Каждый месяц он посылает деньги своей семье.,He sends money to his family every month.
181,Я люблю посылать друзьям открытки из путешествий.,I like to send my friends postcards from my travels.
182,Сергея всегда посылают на встречи с клиентами.,They always send Sergey to meet with clients.
183,Я только что вернулась из бассейна.,I just came back from the swimming pool.
184,Я не люблю плавать в бассейне. Там слишком грязно.,I don't like to swim in the swimming pool. It’s too dirty there.
185,Рядом с нашим домом открылся новый бассейн.,A new swimming pool has opened next door to us.
186,Генеральный менеджер сейчас в отпуске. Что ему передать?,The general manager is now on vacation. Should I take a message?
187,Менеджеры нашей компании собрались на встречу.,The managers of our company gathered for the meeting.
188,Дайте мне номер менеджера! Я хочу с ним поговорить. ,Give me your manager's number! I want to talk to him.
189,Англичане пьют чай с молоком.,The English drink tea with milk.
190,"Наш сосед — англичанин. Он родился в Лондоне, но вырос в Москве.",Our neighbor is an Englishman. He was born in London but grew up in Moscow.
191,Ваня похож на англичанина.,Vanya looks like an Englishman.
192,Мне пора идти. До свидания!,It’s time for me to go. Goodbye!
193,Я вчера опоздала на свидание.,I was late for my appointment yesterday.
194,,
195,Море сегодня спокойное.,The sea is calm today.
196,Спокойной ночи! Сладких снов!,Goodnight! Sweet dreams!
197,"День был ветреный и дождливый, а ночь — спокойная и тихая.",The day was windy and rainy but the night was calm and quiet.
198,Где нам сегодня поужинать? Я хочу пиццу.,Where should we have dinner tonight? I want pizza.
199,Вчера мы поужинали в итальянском ресторане.,We had dinner at an Italian restaurant yesterday.
200,Давай поужинаем сегодня вместе?,Shall we have dinner together tonight?
201,У Марии Петровны пять внуков.,Mariya Petrovna has 5 grandchildren.
202,Мои внуки часто приезжают ко мне в гости.,My grandchildren visit me often.
203,Бабушка приготовила внуку котлеты с картошкой.,Grandmother made meatballs with potatoes for her grandson.
204,Вы живёте в квартире или в общежитии?,Do you live in an apartment or in a student dormitory?
205,Наше общежитие очень старое.,Our dormitory is very old.
206,В общежитиях нельзя пить и курить.,It's prohibited to drink alcohol and smoke in the dormitories.
207,Иностранцы обычно приезжают в Москву или в Санкт-Петербург.,Foreigners usually come to Moscow or Saint Petersburg.
208,На чемпионат мира по футболу в Россию приехало много иностранцев.,Many foreigners came to Russia for the World Cup.
209,Директор нашей компании — иностранец. Он приехал из Франции.,The director of our company is a foreigner. He came from France.
210,Вам нравится жить в России?,Do you like living in Russia?
211,Он приехал в Россию на неделю и остался навсегда.,He came to Russia for a week and stayed there forever.
212,В Берлине начались переговоры между Россией и ЕС.,Negotiations between Russia and the EU began in Berlin.
213,Что у вас есть из горячих блюд?,Which of the main courses do you have?
214,Она только что вышла из горячей сауны.,She just came out of the hot sauna.
215,Осторожно! Вода в кружке очень горячая!,Be careful! The water in the cup is very hot!
216,Я люблю яблочный сок.,I like apple juice.
217,Он пьёт водку с соком.,He drinks vodka with juice.
218,"Дай мне стакан сока, пожалуйста!","Give me a glass of juice, please!"
219,К этому костюму тебе нужна другая обувь.,You need different shoes for this suit.
220,У меня нет хорошей зимней обуви.,I don't have good winter shoes.
221,В углу стоял ящик со старой обувью.,There was a box with old shoes in the corner.
222,Я не люблю суп без мяса.,I don't like soup without meat.
223,Я не ем супы летом.,I don't eat soups in the summer.
224,В этом супе есть картошка?,Are there potatoes in this soup?
225,Когда ты прилетаешь? Я встречу тебя в аэропорту.,When are you arriving? I’ll pick you up at the airport.
226,Позвони мне из аэропорта!,Call me from the airport!
227,"Мне пора ехать в аэропорт, а я не могу найти свой паспорт.","It's time for me to go to the airport, but I can’t find my passport."
228,Катя не ест сыр с плесенью.,Katya doesn't eat blue cheese.
229,Ты будешь бутерброд с сыром и ветчиной?,Would you like to eat a sandwich with cheese and ham?
230,Она жить не может без сыра!,She can’t live without cheese!
231,В России сейчас много юристов и экономистов.,There are a lot of lawyers and economists in Russia now.
232,Сколько зарабатывают юристы в Москве?,How much do lawyers in Moscow earn?
233,Мне нужна помощь юриста.,I need help from a lawyer.
234,Мой сын такой умный!,My son is so smart!
235,Дельфины — умные животные.,Dolphins are very clever animals.
236,Я ещё не встречал таких умных студентов.,I have never met such smart students.
237,Иди есть завтрак!,Come and eat breakfast!
238,Мы с самого утра без завтрака. Так есть хочется!,We haven’t eaten anything since this morning. We’re so hungry now!
239,За завтраком он читает новости.,He reads the news during breakfast.
240,У моей бабушки в деревне живут куры. ,My grandma has hens in the village.
241,Я не ем курицу.,I don't eat chicken.
242,Эта курица несвежая.,This chicken isn’t fresh.
243,Мой младший брат любит мультики.,My little brother likes cartoons.
244,У Коли нет младших братьев или сестёр.,Kolya doesn’t have any younger brothers or sisters.
245,У моего младшего брата большая коллекция автомобилей.,My younger brother has a big collection of cars.
246,"Передайте этот конверт директору, пожалуйста!","Give this envelope to the director, please!"
247,Он достал письмо из конверта и начал читать.,He took the letter out of the envelope and started to read it.
248,У вас есть большие конверты?,Do you have large envelopes?
249,Вот ваша сдача — двадцать три копейки.,Here is your change — 23 kopecks.
250,Хлеб стоит сорок два рубля шестьдесят копеек.,Bread costs 42 roubles and 60 kopecks.
251,Он даже копейку не отдаст на благотворительность.,He won’t give even a kopeck to charity.
252,Мы вчера были на шоколадной фабрике.,Yesterday we visited the chocolate factory.
253,Эти конфеты — из фабрики рядом с нашим домом.,These candies are from the factory next to our house.
254,В нашем городе открылась фабрика игрушек.,A toy factory opened in our city.
255,Спички вы можете купить на кассе.,You can by matches at the cash register.
256,"Старший кассир, подойдите на кассу.","Senior cashier, please come to the cash register."
257,Грабители забрали из кассы все деньги.,The thieves took all the money from the cash register.
258,Запишите тему урока в тетрадь.,Write down the topic of the lesson in your notebook.
259,На экзамене нельзя пользоваться учебниками и тетрадями.,You are not allowed to use textbooks or notebooks during the exam.
260,Гриша заплакал и вырвал листок из тетради.,Grisha started crying and tore out a page from his notebook.
261,Раньше к нам каждые выходные приезжали гости.,We used to have guests at our house every weekend.
262,По выходным к нам приезжают дети и внуки.,On weekends our children and grandchildren come to visit us.
263,Завтра к нам приезжает дядя из Саратова.,Tomorrow our uncle from Saratov is coming to visit us.
264,"У меня правый глаз голубой, а левый — зелёный.",My right eye is light blue and my left one is green.
265,Он купил новую голубую рубашку.,He bought new light blue shirt.
266,Мои комментарии к работе отмечены голубым цветом.,My comments to the paper are marked in light blue.
267,Мы с друзьями любим петь под гитару.,My friends and I like to sing while playing the guitar.
268,Он вышел на сцену с гитарой и начал играть.,He came on stage with a guitar and started playing.
269,Где твоя гитара? Ты хотел спеть нам песню.,Where’s your guitar? You wanted to sing a song for us.
270,Мама налила молока в чашку.,Mother poured milk into the cup.
271,Дети вчера разбили две чашки.,The children broke 2 cups yesterday.
272,Она пришла на кухню с пустой чашкой.,She came into the kitchen with an empty cup.
273,Маша вернулась из Южной Кореи.,Masha came back from South Korea.
274,Сенатор поехал разговаривать с жителями южных штатов.,The senator went to talk with citizens of the southern states.
275,Южные районы Москвы мне не нравятся.,I don't like the southern districts of Moscow.
276,Я не люблю фисташковое мороженое.,I don't like pistachio ice-cream.
277,Петя пошёл в магазин за мороженым.,Petya went to the store to buy ice-cream.
278,Какой сорт мороженого ты любишь?,What kind of ice-cream do you like?
279,Синий автобус подъехал к остановке.,A blue bus came to the bus stop.
280,Мне нужны синие туфли и зелёная шляпа.,I need blue shoes and a green hat.
281,"Синим карандашом Маша нарисовала облака, а жёлтым — солнце.",Masha drew clouds with blue pencil and the sun with a yellow one.
282,Мы ждём тебя в столовой. Приходи есть!,We’re waiting for you in the cafeteria. Come eat!
283,После уроков мы идём есть в столовую.,After classes we go to the cafeteria.
284,В нашем университете открылась новая столовая.,A new cafeteria opened at our university.
285,Я не кладу сахар в кофе.,I don’t put sugar in my coffee.
286,,
287,Я не пью чай без сахара.,I don't drink tea without sugar.
288,Дай мне красный карандаш.,Give me a red pencil.
289,"Почему она пишет карандашом, а не ручкой?","Why is she writing with a pencil, and not with a pen?"
290,Я потеряла три карандаша.,I lost 3 pencils.
291,"Как я рад, что вы пришли!",I’m so glad that you came!
292,Мы всегда рады вас видеть.,We're always happy to see you.
293,"Я так рада, что сегодня выходной!",I'm so happy that today is a day off.
294,Это магазин с разумными ценами.,This is a shop with reasonable prices.
295,"Я думаю, что это разумная тактика. Так мы точно выиграем.",I think it’s a reasonable tactic. We’ll definitely win that way.
296,Разумных причин для такого решения не было.,There weren’t solid reasons for such a decision.
297,Средства массовых коммуникаций очень важны в современном мире.,Mass media is very important in the modern world.
298,Личное общение — мой любимый способ коммуникации.,Personal interaction is my favorite means of communication.
299,Фильм снят на деньги агентства по печати и массовым коммуникациям.,The movie was filmed with the help of money from the press and mass media agency.
300,Курс рубля продолжает падать.,The exchange rate of the rouble keeps falling.
301,"Все ушли, но он продолжал петь.",Everybody already left but he kept singing.
302,Я не хочу продолжать здесь работать.,I don't want to continue working here.
303,Я люблю картошку со сметаной.,I like potatoes with sour cream.
304,У нас нет картошки. Надо купить!,We don’t have any potatoes We need to buy some!
305,Наташа пошла на рынок за картошкой.,Natasha went to the market to buy potatoes.
306,В Большой театр приехали звёзды мирового балета.,The stars of the ballet world came to the Bolshoi theatre.
307,Мы сегодня идём на балет в Мариинский театр.,We’re going to the Mariinsky theatre to watch a ballet tonight.
308,За год я посмотрел больше десяти балетов.,I have seen more than 10 ballets this year.
309,Тадж-Махал — шедевр архитектуры.,The Taj Mahal is an architectural masterpiece.
310,Мне очень нравится современная архитектура.,I really like modern architecture.
311,"Он относится к архитектуре, как к искусству.",He treats architecture as art.
312,Этот художник очень талантливый.,This artist is very talented.
313,У меня очень талантливые внуки.,My grandchildren are very talented.
314,В чём секрет талантливого художника?,What is the secret to a talented artist?
315,Что у нас сегодня на ужин?,What are we having for dinner today?
316,Мы не успели на поезд и остались без ужина.,We were late for the train so we didn’t get dinner.
317,Папа будет дома к ужину.,Dad will be at home for dinner.
318,Какой национальности твои родители?,What is your parents’ nationality?
319,"Нам неважно, какая у вас национальность.",It doesn’t matter for us what your nationality is.
320,На ужин собрались представители шести национальностей.,People of 6 nationalities gathered for the dinner.
321,Свет от лампы был очень ярким. ,The light from the lamp was very bright.
322,Я хочу купить новую настольную лампу. ,I want to buy a new desk lamp.
323,Лампа у меня на столе не работает.,The lamp on my desk doesn’t work.
324,Я не пришёл на прошлый урок биологии. ,I didn’t come to the last biology class.
325,Моим любимым уроком в школе была биология. ,Biology was my favorite subject at school.
326,Мой брат изучает биологию в университете. ,My brother studies biology at the university.
327,Налей мне воды из чайника. ,Pour me some water from the teapot.
328,"Включи чайник, пожалуйста!","Turn on the tea kettle, please!"
329,У моей бабушки дома коллекция чайников.,My grandmother has a collection of teapots at home.
330,В нашем городе построили завод переработки бытовых отходов.,A waste recycling plant was built in our city.
331,Перед выходом из дома отключайте от электричества все бытовые приборы!,Turn off all the household appliances before leaving home!
332,В соседнем доме произошёл взрыв бытового газа.,There was a gas explosion in the house next door.
333,Какие у тебя планы на эту пятницу?,What are your plans for this Friday?
334,Пятница — мой любимый день.,Friday is my favorite day.
335,Я должна купить новое платье до пятницы.,I have to buy a new dress by Friday.
336,Моя новая квартира дешевле старой.,My new apartment is cheaper than the old one.
337,Это самый дешёвый супермаркет в городе.,This is the cheapest supermarket in the city.
338,Эта сумка красивая и дешёвая. Беру!,This bag is beautiful and cheap. I’ll take it!
339,Какие фрукты растут у вас в саду?,What fruits grow in your garden?
340,Купи домой немного фруктов.,Buy some fruit to take home.
341,Это вино хорошо подходит к фруктам и сырам.,This wine goes well with fruit and cheese.
342,Что вы делаете в этот четверг?,What are you doing this Thursday?
343,По четвергам я хожу в бассейн.,I go to the swimming pool on Thursdays.
344,Меня не будет в городе до четверга.,I won’t be in the city until Thursday.
345,Мама попросила меня нарезать колбасы.,Mom asked me to cut up the sausage.
346,Настя забыла купить колбасу.,Nastya forgot to buy sausage.
347,Колбаса — вредный продукт.,Sausage is a product that is bad for your health.
348,Возьми мои часы с книжной полки.,Get my watch from off the bookshelf.
349,У правой стены стоял большой книжный шкаф.,A big bookcase stood next to the wall on the right.
350,Иван стал директором книжного издательства.,Ivan became the manager of a book publishing house.
351,Турнир по большому теннису прошёл на прошлой неделе в Москве.,The tennis tournament was held in Moscow last week.
352,Мама купила Паше новую форму для тенниса.,Mother bought Pasha a new tennis outfit.
353,Большой теннис — мой любимый вид спорта.,Tennis is my favorite sport.
354,Я потерял свой паспорт в отпуске.,I lost my passport when I was on vacation.
355,"По паспорту ему сорок один год, но все говорят, что больше.","According to his passport he’s 41, but everybody says he's older."
356,Подойдите с паспортом в двадцать второй кабинет.,Go to room 22 with your passport.
357,Студенческий обед в столовой стоит сто двадцать рублей.,A student lunch at the cafeteria costs 120 roubles.
358,Они подошли к главному входу студенческого общежития.,They came to the main entrance of the student dormitory.
359,Он написал статью для сборника студенческих работ.,He wrote an article for an anthology of student works.
360,Какие овощи любят ваши дети?,What vegetables do your children like?
361,Мой муж умеет готовить только салат из овощей и яичницу.,The only things my husband knows how to make are vegetable salad and scrambled eggs.
362,,
363,"Прошу вас, помогите мне!",I’m begging you to help me!
364,Олег просит совета у Кати.,Oleg asks for Katya’s advice.
365,Мой сын три дня просил у меня эту игрушку.,My son was asking me for that toy for 3 days.
366,Визы каких стран есть у тебя в паспорте?,Which countries do you have visas for in your passport?
367,В какие страны российские граждане могут въезжать без виз?,Which countries can Russians enter without a visa?
368,Ты уже подал документы на визу?,Have you already applied for the visa?
369,Мы поедем в театр на троллейбусе.,We'll go to the theatre by trolleybus.
370,По этой улице троллейбусы не ездят.,Trolleybuses don’t go down this street.
371,Пятого июля не будет движения троллейбусов по улице Ленина.,No trolleybuses will go along Lenin street on July 5th.
372,Я пошла в аптеку за парацетамолом.,I went to the pharmacy to buy paracetamol.
373,В этой аптеке нет моего лекарства.,They don’t have my medicine at this pharmacy.
374,Эта аптека сегодня не работает.,This pharmacy is closed today.
375,Я не люблю упражнения на грамматику.,I don't like grammar exercises.
376,Я забыла тетрадь с упражнениями дома. ,I forgot my exercise book at home.
377,Ответы к упражнениям находятся в конце учебника. ,The answers to the exercises are in the back of the book.
378,Его жена — домохозяйка.,His wife is a housewife.
379,Любимый сериал моей мамы — «Отчаянные домохозяйки».,My mom’s favorite TV series is «Desperate Housewives».
380,"Здесь так красиво! Жаль, что у меня нет с собой фотоаппарата.",It's so beautiful here! It’s such a pity I don’t have my camera.
381,Все фотографии я сделала на профессиональный фотоаппарат.,I took all the photos with a professional camera.
382,Многие мои друзья купили фотоаппараты для работы.,Many of my friends have bought cameras for work.
383,"Мой брат добрый, смелый и умный.","My brother is kind, brave and smart."
384,Пусть сбываются ваши самые смелые мечты!,Let all your wildest dreams come true!
385,Прыгнуть с парашютом — это очень смелая идея.,Skydiving is a very daring idea.
386,Катя купила в Таллине набор открыток.,Katya bought a set of postcards in Tallinn.
387,В магазине закончились открытки с днём рождения.,There are no more birthday cards in the shop.
388,Сколько стоит эта открытка?,How much does this postcard cost?
389,Я не люблю работать по ночам.,I don't like to work at night.
390,Моя сестра работает врачом.,My sister works as a doctor.
391,Где работают твои родители?,Where do your parents work?
392,"Было очень холодно, и она укрылась шарфом.",It was very cold so she put on a scarf.
393,Мне было тепло в этом шерстяном шарфе.,I felt warm in that woolen scarf.
394,Мой новый шарф очень тёплый.,My new scarf is very warm.
395,Вы привозите сувениры из путешествий?,Do you bring home souvenirs from your travels?
396,Я не успела купить никаких сувениров в Греции.,I didn't have time to buy any souvenirs in Greece.
397,В последний день мы пошли за сувенирами.,On the last day we went souvenir shopping.
398,"У меня нет коричневых сапог, а они мне так нужны к этой куртке.",I don't have any brown boots and I really need them with this jacket.
399,Я купила белую футболку с коричневыми полосками.,I bought a white T-shirt with brown stripes.
400,У Насти были длинные коричневые волосы и чёрные глаза.,Nastya had long brown hair and dark brown eyes.
401,"Мы считаем, что они не уделяют ребёнку должного внимания.",We don't think that they pay enough attention to their child.
402,"Я верю, что в нашем городе люди воспитаны должным образом.",I believe that people in our city are brought up properly.
403,Государство оказывает бедным семьям должную помощь.,The government gives proper help to families with low income.
404,Я не люблю разговаривать с незнакомыми людьми.,I don't like talking with strangers.
405,Мы вчера три часа разговаривали с коллегами после работы.,After work I spent 3 hours talking with my co-workers.
406,Он весь вечер ни с кем не разговаривал.,He didn’t talk to anybody the whole evening.
407,Как сделать хорошую фотографию?,How do you take a good photograph?
408,Каждый актёр сделал свою работу великолепно.,Every actor did an excellent job.
409,"Они сделали большую ошибку, что пошли в тот клуб.",They made a big mistake when they went to that club.
410,Мальчик сидел на берегу и смотрел на море.,The boy was sitting on the shore and looking at the sea.
411,Петя заболел и сегодня сидит дома.,Petya got sick so today he is staying at home.
412,Мой ребёнок научился сидеть!,My baby learned how to sit!
413,Что он тебе сказал в тот вечер?,What did he tell you that night?
414,"Я не знаю, как сказать это по-русски.",I don't know how to say that in Russian.
415,Зачем ты ему это сказала?,Why did you say that to him?
416,Андрей любит смотреть футбол.,Andrey likes to watch soccer.
417,Ты смотрел вчера матч Россия-Испания?,Did you watch the game between Russia and Spain yesterday?
418,Что Вася сейчас смотрит?,What is Vasya watching now?
419,Мы не смогли вчера прийти на лекцию.,We couldn’t come to the lecture yesterday.
420,Мой папа не сможет пойти со мной в кино — он работает.,My dad can’t go to the cinema with me — he is working.
421,Я не смог поднять эту коробку — она слишком тяжёлая.,I couldn’t lift that box — it is too heavy.
422,У меня был долгий перелёт. Я очень хочу спать.,I had a long flight. I really want to sleep.
423,Сегодня ночью я совсем не спал.,I didn’t sleep at all last night.
424,Тихо! Маша спит.,Quiet! Masha is sleeping.
425,"Ваня спрашивает, во сколько сегодня ужин?",Vanya is asking what time is dinner tonight?
426,"Я не буду спрашивать, откуда у него деньги на новую квартиру.",I won't ask him where he got the money for a new apartment.
427,Я тебя ещё раз спрашиваю: где моя куртка?,I’m asking you one more time: where is my coat?
428,"Из его оценок становится понятно, почему он бросил университет.",It becomes clear from his grades why he quit university studies.
429,Осенью дни становятся короче.,In fall days get shorter.
430,На уроках математики мне становилось очень скучно.,I was very bored in math class.
431,Сколько стоит этот дом?,How much does this house cost?
432,Посмотреть эту выставку стоило пятьсот рублей.,It cost 500 roubles to see that exhibition.
433,Два килограмма яблок стоят двести пятьдесят рублей.,2 kilos of apples cost 250 roubles.
434,Катя стоит на остановке и ждёт свой автобус.,Katya is standing at the bus stop and waiting for her bus.
435,В этом углу раньше стоял стол.,There used to be the table standing in this corner.
436,"На столе стояли пироги: с мясом, с капустой и с ягодами.","There were pies on the table: meat ones, cabbage ones and berry ones."
437,Рядом с нашим домом будут строить новый мост.,A new bridge will be constructed next to our house.
438,Мы строили этот дом пять лет.,We’ve been building this house for 5 years.
439,Коля всё ещё строит свой дом?,Is Kolya still building his home?
440,Мои дети не любят танцевать.,My children don’t like dancing.
441,Как красиво танцует эта балерина!,How beautifully that ballerina dances!
442,"Он раньше танцевал в Большом театре, а потом переехал в Лондон.",He used to dance at the Bolshoi theatre and then he moved to London.
443,"Я тебя сразу увидел, когда ты вошла.",I saw you as soon as you came in.
444,Я хочу увидеть Эйфелеву башню своими глазами.,I want to see the Eiffel tower with my own eyes.
445,Я увидела тебя из окна и пошла открывать дверь. ,I saw you from the window and went to open the door.
446,Ты уже ужинал сегодня?,Have you already had dinner today?
447,Ты идёшь ужинать с нами?,Are you coming to dinner with us?
448,Где вы вчера ужинали?,Where did you have dinner yesterday?
449,Надежда умирает последней.,Hope dies last.
450,Мои цветы всё время умирают.,My flowers always die.
451,Умирать всегда страшно.,It's always scary to die.
452,"Я быстро устаю, когда бегаю.",I get tired very quickly when I run.
453,Она быстро уставала на занятиях йогой.,She got tired quickly at yoga classes.
454,Ты так много работаешь! Как ты не устаёшь?,You are working so much! How is it that you don’t get tired?
455,В следующем году я буду учить немецкий.,Next year I’ll start learning German.
456,Мои дети учат английский и французский.,My children are learning English and French.
457,Паша весь день учит стихотворение.,Pasha has been trying to memorize the poem all day long.
458,Я устала учиться и очень хочу отдохнуть.,I'm tired and really want to rest.
459,Где ты учился играть на гитаре?,Where did you learn to play the guitar?
460,Моя сестра учится в школе.,My sister studies at school.
461,Почему ты фотографируешь только кошек?,Why do you only take photos of cats?
462,"В путешествиях он фотографирует каждый день, а в Москве — раз в месяц.","While traveling he takes photos every day, but in Moscow only once a month."
463,Я не умею фотографировать маленьких детей.,I don't know how to take photos of little children.
464,Наши дети ходили в одну школу.,Our children studied at the same school.
465,Когда ваша дочка научилась ходить?,When did your daughter learn how to walk?
466,В детстве я ходила в спортивную школу.,I used to go to a sports school when I was a child.
467,"Я хочу, чтобы в мире не было войны.",I wish there were no wars in the world.
468,Он работал всю ночь и утром очень хотел спать.,He’s been working all night long and in the morning he really wanted to sleep.
469,Маша хочет поехать в Италию.,Masha wants to travel to Italy.
470,"Я плохо себя чувствую. Наверное, останусь сегодня дома.",I feel sick. I will probably stay at home today.
471,Как Петя себя чувствует? Ему лучше?,How is Petya? Is he feeling better?
472,В такие моменты он чувствовал себя счастливым.,At such times he felt happy.
473,Маша уезжает в понедельник.,Masha is leaving on Monday.
474,По понедельникам я работаю из дома.,On Mondays I work from home.
475,Анна будет в городе до понедельника.,Anna will be in the city until Monday.
476,Ты занят во вторник?,Are you busy on Tuesday?
477,По вторникам Паша играет в футбол.,On Tuesdays Pasha plays football.
478,Александр на больничном до вторника.,Alexandr is on sick leave until Tuesday.
479,В воскресенье мы идём на концерт.,We're going to a concert on Sunday.
480,По воскресеньям я сплю до обеда.,On Sundays I sleep until noon.
481,Коля у бабушки в деревне до воскресенья.,Kolya is with his grandmother in the village until Sunday.
482,Ване двадцать пять лет.,Vanya is 25 years old.
483,Я не был в театре два года. ,I haven't been to the theatre for 2 years.
484,Я родился в 1990 году. ,I was born in 1990.
485,"Я не знаю, кто эти люди. ",I don't know who these people are.
486,Этот человек хорошо играет в шахматы. ,This person plays chess well.
487,Это нарушение прав человека!,This is a violation of human rights!
488,Он не любит брать деньги в долг. ,He doesn't like to borrow money.
489,Она всегда берёт в магазине молоко. ,She always gets milk at the grocery store.
490,"Она не была высокой, поэтому её не брали в баскетбольную команду. ","She wasn't tall, so she wasn't chosen for the basketball team."
491,"На улице дождь, надо взять зонт. ","It's raining outside, we need to take an umbrella."
492,"Хорошо, что он взял с собой куртку. На улице холодно. ",Good that he took his coat with him. It's cold outside.
493,В Барселону мы взяли самый большой чемодан.,We took the biggest suitcase with us to Barcelona.
494,Я не люблю тратить время на покупки.,I don't like to spend time on shopping.
495,У меня мало свободного времени.,I don't have much free time.
496,Со временем ещё больше людей будут жить в городах.,With time more and more people will live in cities.
497,"Быть или не быть, вот в чём вопрос. ","To be, or not to be, that is the question."
498,Никто не может ответить на мои вопросы. ,Nobody can answer my questions. 
499,У нас много вопросов к президенту.,We have many questions for the president.
500,"Я помню, как увидел Эйфелеву башню в первый раз.",I remember the first time I saw the Eiffel tower.
501,Нам повторили вопрос два раза: по-русски и по-английски. ,They repeated their question twice: in Russian and in English.
502,Я ни разу в жизни не видела жирафа. ,I have never seen a giraffe in my life. 
503,На Марсе нет жизни.,There's no life on Mars.
504,Всю жизнь он работает в школе.,He has worked at school all his life.
505,Я доволен своей жизнью.,I am satisfied with my life.
506,Сейчас у меня нет работы.,I don't have a job now.
507,Она ищет работу через интернет. ,She is looking for a job on the internet.
508,Моя работа мне не нравится.,I don't like my job.
509,Он видел Тауэрский мост. ,He saw the Tower bridge.
510,Я не вижу звёзд. Слишком светло. ,I don't see the stars. It's too bright.
511,Очки помогают людям видеть.,Glasses help people to see.
512,Это лекарство следует принимать два раза в день. ,You should take this medicine twice a day. 
513,Через три дня у нас экзамен. Надо готовиться!,We have an exam in three days. We need to study!
514,Нас не будет в городе несколько дней. ,We won't be in the city for several days.
515,В нашей семье много детей. ,There are many children in our family.
516,Почему дети любят конфеты и не любят брокколи?,Why is it children like sweets and don't like broccoli?
517,Где родители этого ребёнка? Он здесь совсем один!,Where are this child's parents? He's all alone here!
518,После революции много учёных уехало из страны.,After the revolution many scientists left the country.
519,В нашей стране много нефти. ,There is a lot of oil in our country.
520,Люди из разных стран приехали в Россию на чемпионат мира по футболу.,People from different countries came to Russia to watch the World Cup.
521,"Этих собак мы уже видели, покажите нам других. ","We already saw these dogs, show us the others."
522,Вчера моя жена ушла от меня к другому.,Yesterday my wife left me to be with someone else.
523,"Здесь хлеб стоит пятьдесят рублей, а в другом магазине — сорок.","Bread here costs 50 roubles, and in the other shop it costs 40 roubles."
524,Этот человек был из другого мира. ,This person was from a different world.
525,"В мире животных не существует чувств, а есть только инстинкты.","There are no feelings in the animal world, only instincts."
526,С появлением интернета мир значительно изменился.,The world changed radically with the invention of the internet.
527,В этой библиотеке сосем нет новых книг.,There aren’t any new books in this library.
528,В нашем университете в этом году появились новые факультеты.,There are new academic departments at our university this year.
529,Теперь историю у нас будет вести новый преподаватель.,History now will be taught by a new teacher.
530,"Он соглашался работать по выходным, потому что боялся потерять место в хорошей компании.",He agreed to work on weekends because he was afraid of losing his position in a good company.
531,Я всегда плохо сплю на новом месте.,I always sleep badly in a new place
532,"Я не мог сдвинуть шкаф с места, такой он был тяжёлый!","I couldn't move the wardrobe, it was so heavy."
533,Дай мне руку! Я не могу подняться.,Give me a hand! I can't stand up.
534,"Возьмите друг друга за руки, мы будем танцевать!","Take each other's hands, we are going to dance!"
535,"Когда я его увидел, он держал в руках маленького котёнка.","When I saw him, he was holding a little kitten in his hands."
536,Я еду в аэропорт встречать своих друзей.,I'm going to the airport to pick up my friends.
537,"Когда я жил в Париже, я часто встречал его в кафе.",I often met him in the cafe while I was living in Paris.
538,По дороге домой мы часто встречали Петю.,We often met Petya on our way home.
539,"Маша готовит лучше, чем Ваня.",Masha cooks better than Vanya.
540,Он хорошо поёт.,He sings well.
541,Вася — хороший друг.,Vasya is a good friend.
542,В начале было слово.,In the beginning was the word.
543,Значение этого слова неизвестно.,The meaning of this word is unknown.
544,Это так красиво! У меня нет слов!,It's so beautiful! I have no words!
545,"Я уже вышел из дома, когда вспомнил, что не взял зонтик. ","I had already left my house, when I remembered that I hadn't taken an umbrella. "
546,Мы купили квартиру в этом доме.,We bought an apartment in this building.
547,Мой дом — моя крепость.,My house is my castle.
548,В нашей школе 800 учеников.,There are 800 students in our school.
549,Я люблю свою школу.,I love my school.
550,После школы я поступила в университет.,After finishing school I entered university.
551,Кто эта женщина?,Who is that woman?
552,Эти женщины — мои учителя.,These women are my teachers.
553,В Иране есть вагоны метро только для женщин.,"There are special ""women only"" cars in the Iranian metro."
554,Высшее образование ему не нужно.,He doesn't need higher education.
555,"Мне нужна вода, здесь очень жарко.",I need water -- it's very hot here.
556,Мне не нужны проблемы.,I don't need any problems.
557,Глобальное потепление — проблема для всего мира.,Global warming is a problem for the whole world.
558,У меня на работе много проблем.,I have many problems at work.
559,Проблемы других его не интересуют.,The problems of others don't interest him.
560,Вася — мой лучший друг.,Vasya is my best friend.
561,Мои друзья — моё богатство.,My friends are my treasure.
562,"Не имей сто рублей, а имей сто друзей.",It's better to have 100 friends than 100 roubles.
563,Летом важно защищать лицо от солнца.,It's important to protect your face from sun during summer.
564,Они объединились перед лицом опасности. ,They united in the face of danger.
565,На переговорах с новыми партнерами я должен был говорить от лица всей нашей компании.,I had to talk with our new partners at the meeting on behalf of our company.
566,"Я забыл дома деньги, придётся возвращаться.",I forgot my money at home so I have to go back.
567,У меня нет денег на машину.,I don't have money to buy a car.
568,В этом магазине можно расплатиться только наличными деньгами.,You can only pay in cash in this shop.
569,Этот фильм вышел в 2010 году.,This film was made in 2010.
570,Режиссёр этого фильма — Джеймс Кэмерон.,James Cameron is the director of this film.
571,В этом фильме снималась Джулия Робертс.,Julia Roberts starred in this film. 
572,В этом городе всего два кинотеатра.,There are only two movie theaters in this town.
573,"Выпало много снега, поэтому мы долго не могли выехать из города.","There was a lot of snow, so it took us long to get out of the city."
574,Москва — мой любимый город!,Moscow is my favorite city.
575,Общение — важная часть нашей жизни.,Communication is an important part of our life.
576,Я ещё не видел второй части этого фильма.,I haven't seen the second part of this film yet.
577,Спорт стал частью моей жизни.,Sport became a part of my life.
578,"Когда врёшь, сложно смотреть людям в глаза.","When you are lying, it's difficult to look people in the eyes."
579,Неправда! Я видел это своими глазами!,That's not true! I saw it with my own eyes!
580,В её глазах я видел грусть.,I saw sadness in her eyes.
581,У меня большая проблема: я не успеваю в аэропорт!,I have a big problem: I can't get to the airport on time.
582,Большой брат следит за тобой.,Big brother is watching you.
583,Арбуз больше яблока.,A watermelon is bigger than an apple.
584,В конце ужина нам подавали десерт.,Dessert was served at the end of the dinner.
585,Я больше не буду путешествовать с Катей: она без конца ноет!,I will never travel with Katya again: she whines endlessly!
586,Поможет мне кто-нибудь в конце концов?!,Will anybody help me finally?!
587,Мне в голову пришла великолепная идея.,A great idea came to my mind.
588,Он покачал головой в знак неодобрения.,He shook his head as a sign of disapproval.
589,Тревожные мысли в голове мешали мне спать.,Upsetting thoughts in my head didn't let me sleep.
590,Я хожу на курсы русского языка. Мне нравится.,I go to Russian language courses. I like it.
591,"В русском языке существительные трёх родов: мужского, женского и среднего.","There are nouns of three genders in Russian: masculine, feminine and neuter."
592,Русский язык — официальный язык Российской Федерации.,Russian is the official language of Russian Federation.
593,"Перед нами стоял человек в форме, но мы не сразу поняли, что это полицейский.",There was a man in uniform in front of us but but we didn’t realize straight away that he was a policeman.
594,В путешествии по Мексике я видел кактусы удивительных форм.,While traveling in Mexico I saw cacti with strange shapes.
595,"Мне не нравится форма, в которой это написано.",I don't like the form in which it's written. 
596,Прилагательное «большие» стоит во множественном числе.,The adjective «большие» is a plural form.
597,"Число Пи равно 3,1415. ",The number Pi equals 3.1415.
598,"Он был из числа тех людей, которые постоянно опаздывают.",He was one of those people who are always late.
599,У нас дома уже две недели нет горячей воды.,We haven’t had hot water at home for 2 weeks already.
600,Я не пью воду с газом.,I don't drink sparkling water.
601,Без маски или акваланга человек не может дышать под водой.,A human being can't breathe underwater without a mask or scuba gear.
602,Он говорит слишком быстро.,He speaks too fast.
603,Я не хочу говорить об этом.,I don't want to talk about it.
604,"Я всегда говорю, что думаю.",I always say what I think.
605,Я люблю гулять по Москве.,I like walking around Moscow.
606,Современные дети мало гуляют.,Today’s children don’t walk enough.
607,"Я часто гулял в этом лесу, когда приезжал к бабушке.",I often walked in that forest when I came to visit my grandmother.
608,Только три человека из группы сдали экзамен.,Only three people in our group passed the exam.
609,У меня четвёртая группа крови.,My blood type is AB.
610,Для работы над проектом мы разделились на пять групп.,We divided into five groups to work on the project.
611,Заниматься музыкой полезно для общего развития.,It's good for your development to study music.
612,"Семья есть, работа есть, в общем, пока меня всё устраивает.","I have a family and work. Generally, I'm happy with everything."
613,Это событие — часть нашей общей истории. ,This event is part of our common history.
614,История древнего мира — мой любимый предмет в университете.,Ancient history is my favorite subject at university.
615,Без изучения истории у людей нет будущего.,Without learning history people have no future.
616,Я изучаю историю России.,I study Russian history.
617,Мама даёт ребёнку игрушку.,The mom gives a toy to her child.
618,Дети шумят и не дают мне работать.,"Childeren are noisy, they don't let me work. "
619,Хороший психолог не станет давать советов.,A good psychologist will never give advice.
620,У меня на компьютере нет хорошей программы для обработки фотографий.,I don't have a good program on my computer for editing photos.
621,По телевизору идёт моя любимая программа.,My favorite show is on TV now.
622,На моём компьютере нет программ для обработки видео.,I don't have programs for editing videos on my computer.
623,На день рождения принято дарить подарки.,It is customary to give birthday presents.
624,Дед Мороз дарит детям подарки на Новый год.,Santa Claus gives children presents on New Year's Eve.
625,"Я не люблю, когда мне дарят цветы.",I don't like it when people give me flowers.
626,"Цвета флага Российской Федерации — белый, синий и красный.","The colors of the Russian flag are white, blue and red."
627,Министр финансов отказался отвечать на вопросы российских журналистов. ,The Minister of finance refused to answer questions from the Russian journalists.
628,У него нет российского паспорта.,He doesn't have a Russian passport.
629,Я сегодня спал десять часов!,I slept for 10 hours today!
630,В два часа у нас встреча с новым клиентом.,I have a meeting with a new client at two o’clock.
631,Мы вернёмся через час.,We'll be back in an hour.
632,XIX век — «золотой» век русской литературы.,"The 19th century is the ""golden"" era of Russian literature."
633,Мы идём на выставку русского авангарда в Третьяковскую галерею.,We are going to the exhibition of Russian avant-garde art at the Tretyakov gallery.
634,В русском алфавите тридцать три буквы.,There are 33 letters in the Russian alphabet.
635,Этот мужчина всегда гуляет в парке один.,This man always walks in the park alone.
636,В школе работает мало мужчин.,Few men work at school.
637,Эти мужчины работают со мной в одном офисе.,These men work with me in a shared office. 
638,Я купила новую книгу Акунина.,I bought a new book by Akunin.
639,Эта книга мне не нравится.,I don't like that book.
640,В этой книге много ошибок.,There are many mistakes in this book.
641,Миша на десять сантиметров выше Пети. ,Misha is 10 centimeters taller than Petya.
642,У него высокий голос. ,He has a high voice.
643,Я осталась дома с высокой температурой.,I stayed at home because of a high fever.
644,Это здание известно во всём мире.,This building is famous worldwide.
645,Здесь много известных людей. ,There are many famous people here.
646,Известные актёры приняли участие в благотворительном марафоне. ,Famous actors took part in a charity marathon.
647,Впереди яма! Смотри под ноги!,There's a gap! Mind your feet!
648,"В футбол играют ногами, а в баскетбол — руками.","Football is played with the feet, basketball is played with the hands."
649,Она упала и сломала правую ногу.,She fell and broke her right leg.
650,"Что делать, если болит зуб?",What should you do if you have a toothache?
651,Он целыми днями сидит дома и ничего не делает!,All day long he just sits at home doing nothing!
652,"Из молока делают сметану, масло, йогурт и творог.","Sour cream, butter, yoghurt and cottage cheese are made from milk."
653,"Я не думаю, что это хорошая идея.",I don’t think it’s a good idea.
654,"Когда Вася был маленьким, он думал, что столица США — Нью-Йорк.",When Vasya was little he used to think that New York is the capital of the USA.
655,"Я не хочу сейчас об этом думать, я хочу спать!","I don't want to think about it now, I want to sleep!"
656,Маша работает в Министерстве образования.,Masha works in the ministry of education.
657,Я получила высшее образование в Москве. А вы?,I got my higher education in Moscow. And you?
658,Кем можно работать с образованием философа?,What job can you get with a degree in philosophy?
659,Это вам подарок от нашей семьи.,This is a gift to you from our family.
660,Он родился в большой семье.,He was born into a big family.
661,"Наша семья не очень большая: мама, папа, моя сестра и я.","Our family is not very big: mom, dad, my sister and me."
662,Эти фотографии можно повесить на стену в качестве украшения.,You can put these photos on the wall as a decoration.
663,"Я купила дорогие кроссовки, но они оказались плохого качества.",I bought expensive sneakers but they turned out to be of bad quality.
664,Честность — моё любимое качество в людях.,Honesty is my favorite quality in people.
665,Молоко стоит пятьдесят рублей.,Milk costs 50 roubles.
666,Цена этого хлеба — сорок четыре рубля.,The price of this bread is 44 roubles.
667,Есть рубль? Мне не хватает на билет.,Do you have a rouble? I need one more to buy a ticket.
668,На прошлой неделе он ездил в Санкт-Петербург.,Last week he went to Saint Petersburg.
669,Мне нравится ездить на поезде.,I like traveling by train.
670,В прошлом году мы ездили во Францию.,Last year we went to France.
671,В моей квартире три комнаты.,There are 3 rooms in my apartment.
672,Я ищу квартиру в центре Москвы.,I am looking for an apartment in the centre of Moscow.
673,"Моя квартира маленькая, но уютная.",My apartment is small but cozy.
674,Это здание восемнадцатого века.,This building is from the 18th century.
675,Толстой родился в девятнадцатом веке. ,Tolstoy was born in the 19th century.
676,В течение многих веков люди жили без электричества.,For many centuries people lived without electricity.
677,Первая страница в этой книге — пустая.,The first page of this book is blank.
678,В этой книге двести страниц.,There are 200 pages in this book.
679,На последних страницах журнала напечатана моя статья.,My article is printed on the last pages of the journal.
680,"Уже поздно, нам пора ехать домой!","It’s late, time for us to go home!"
681,Мальчик едет на велосипеде.,The boy is riding a bike.
682,Через неделю мы едем в Турцию.,In a week we’re going to Turkey.
683,Меня ждёт дома мама.,Mom is waiting for me at home.
684,Я буду ждать тебя у метро.,I will wait for you next to the metro station.
685,Мы долго ждали автобус на остановке.,We were waiting for the bus at the bus stop for a long time.
686,Мы дружим с первого класса.,We have been friends since first grade.
687,Сегодня наш класс идёт на экскурсию в музей!,Our class is going on a field trip to a museum today!
688,В нашем классе двадцать восемь человек.,There are 28 people in our class.
689,Пирамиды в Гизе — одно из семи чудес света.,Pyramids in Giza are one of the Seven Wonders of the world.
690,У меня лучшая мама на свете!,I have the best mom on Earth!
691,Свет Солнца доходит до Земли за восемь минут девятнадцать секунд.,Solar light reaches Earth in 8 minutes and 19 seconds.
692,Я желаю вам счастья и любви!,I wish you happiness and love!
693,"Мы говорили ему пойти к врачу, но он не желает ничего слышать!","We told him to see doctor, but he doesn’t want to listen."
694,"Он поднялся на двадцатый этаж, желая увидеть фейерверк. ",He went to the 20th floor hoping to see the fireworks.
695,Я написала им письмо и теперь жду ответ.,I wrote them a letter and am now waiting for a response.
696,"Я задал много вопросов, но не получил на них ответов.",I asked many questions but didn’t get answers.
697,Он оставил мой вопрос без ответа.,He left my question unanswered.
698,К нам приехали друзья из разных стран.,Friends from different countries came to see us.
699,Все разные — все равные.,Everybody is different — everybody is equal.
700,"Мы женаты, но живём под разными фамилиями.",We are married but live under different surnames.
701,Я хочу жить во Франции.,I want to live in France.
702,Он живёт в Лондоне.,He lives in London.
703,Раньше мы жили в Санкт-Петербурге.,We used to live in Saint Petersburg.
704,С тобой интересно разговаривать.,It's interesting to talk to you.
705,Какая у тебя интересная жизнь!,What an interesting life you have!
706,Это интересное предложение. Я подумаю и перезвоню вам.,It’s an interesting suggestion. I’ll think about it and call you back.
707,Я люблю завтракать дома с семьей.,I like to have breakfast at home with my family.
708,Во Франции я каждый день завтракал круассанами.,In France I ate croissants for breakfast every day.
709,"Одиннадцать утра, а мы ещё не завтракали! Пойдём скорее есть!",It’s 11 AM and we haven’t had breakfast yet! Let’s go eat!
710,Через месяц мы поедем на море.,In one month we’ll travel to the seaside.
711,Я ничего не слышала от него уже три месяца. С ним всё в порядке?,I haven’t heard anything from him in 3 months. Is he all right?
712,Я работаю в этой компании уже десять месяцев.,I’ve been working for this company for 10 months already.
713,В следующий раз не забудь взять с собой паспорт!,Don’t forget to take your passport with you next time!
714,Кто станет следующим президентом России?,Who will be the next president of Russia?
715,В следующем году мне будет тридцать лет.,I will be 30 next year.
716,"Пока вас не было, у вас звонил телефон.",Your phone was ringing while you were away.
717,"Как хорошо, что вы пришли. Я уже собирался вам звонить.",So good that you came. I was just about to call you.
718,"Он обещал позвонить сегодня, но почему-то не звонит.",He promised to call today but hasn’t called for some unknown reason.
719,Спектакль начнётся через пять минут.,The show starts in 5 minutes.
720,Дайте мне минуту! Я всё объясню.,Give me a minute! I’ll explain everything.
721,Она придёт через три минуты.,She will come in 3 minutes.
722,Пойдём в кино сегодня вечером?,Shall we go to the movie theater tonight?
723,Давайте подождём до вечера и потом будем звонить ему.,Let's wait until evening and then we’ll call him.
724,У нас большие планы на сегодняшний вечер!,We have big plans for this evening!
725,"Назовите, пожалуйста, Ваше имя!",Tell me your name please!
726,"Уважаемые пассажиры, от имени нашей авиакомпании желаю вам приятного полёта!","Dear passengers, on behalf of our company I wish you a pleasant flight!"
727,"Никто не знает, какой художник скрывается под именем Бэнкси.",Nobody knows the artist who is hiding behind the name of Banksy.
728,Этот молодой человек хочет стать музыкантом.,This young man wants to become a musician
729,В этой школе много молодых учёных.,There are many young scientists at this school.
730,Молодые учёные собрались на конференцию в Милане.,Young scientists gathered for the conference in Milan.
731,"Здравствуйте, уважаемые участники конференции!","Hello, dear conference participants!"
732,Да здравствует свобода!,Long live freedom!
733,"Здравствуй, Катя! Давно не виделись! Как твои дела?","Hi, Katya! Long time no see! How are you?"
734,Мы будем следить за развитием событий.,We’ll keep on watching the development of events.
735,Эти события изменили нашу жизнь.,These events changed our life.
736,Полёт человека в космос— большое событие для всего мира.,Human flight into outer space is a big event for the whole world.
737,Я не знаю этого человека.,I don't know that person.
738,"Знаете ли вы, что Луна — спутник Земли?",Did you know that the Moon is a satellite of the Earth?
739,Он много знает об истории России.,He knows a lot about Russian history.
740,Мы были в клубе всю ночь.,We were in the club the whole night.
741,За полярным кругом ночью можно увидеть северное сияние.,It's possible to see the northern lights at night above the polar circle.
742,Наш самолёт улетает в два часа ночи.,Our flight departs at 2 AM.
743,"Садись в машину, нам пора ехать!","Get inside the car, it’s time to go!"
744,За городом трудно жить без машины.,It's difficult to live outside the city without a car.
745,"У меня сломалась машина, нужно везти её в ремонт.","My car broke down, I need to take it in for service."
746,Я не умею играть в баскетбол.,I don't know how to play basketball.
747,Мой брат играет на гитаре.,My brother plays the guitar.
748,Он очень хорошо играл на скрипке.,He played the violin very well.
749,В сентябре моя дочка идёт в школу.,My daughter starts school in September.
750,Я устала и не могу идти дальше.,I am tired and can’t walk further.
751,Вчера весь день шёл дождь.,It was raining the whole day yesterday.
752,Его мать — очень сильная женщина.,His mother is a very strong woman.
753,В России обычно не празднуют День матери.,People don’t usually celebrate Mother’s day in Russia.
754,Он не разговаривает со своей матерью.,He doesn't talk to his mother.
755,"Люблю, когда вся семья собирается за столом.",I like it when the whole family gathers around the table.
756,"Ужин готов, садитесь за стол!","Dinner is ready, sit down at the table!"
757,"Пора было выходить из-за стола, но у меня не было сил.",It was time to leave the table but I didn’t have energy.
758,"Мне нравится это платье, но его цена слишком высокая.",I like this dress but the price is too high.
759,Цены в нашем магазине — самые низкие в городе.,The prices in our shop are the lowest in town.
760,Мы были в шоке от цен на новые айфоны.,We were shocked by the prices for new iPhones.
761,,
762,,
763,,
764,Этот маленький мальчик — мой брат.,This little boy is my brother.
765,Луна меньше Земли.,The Moon is smaller than the Earth.
766,Эта маленькая девочка — моя сестра.,This little girl is my sister.
767,"Я услышал, как в дверь кто-то постучал.",I heard someone knock on the door.
768,Я стою у двери и жду тебя.,I am standing by the door waiting for you.
769,"За дверью стоял человек, но я не видел его лица.","There was someone behind the door, but I couldn’t see their face."
770,Кем работает твоя мама?,What job does your mom have?
771,У моей мамы очень красивые глаза.,My mom has very beautiful eyes.
772,Только не рассказывайте это моей маме!,Please don’t tell that to my mom!
773,Давай встретимся в центре в восемь?,Let's meet in the city center at eight o’clock?
774,Вечером так сложно выехать из центра — пробки!,It's so difficult to drive from the city centre in the evening — so much traffic!
775,Исторический центр города сохранился с XV века.,The historical centre of the city has been preserved since the 15th century.
776,Ты знаешь правила этой игры?,Do you know the rules of this game?
777,Что наша жизнь? Игра!,What is our life? A game!
778,Кто-нибудь сыграет со мной в игру?,Will someone play this game with me?
779,Во время экономического кризиса люди стали забирать свои деньги из банков.,During the economic crisis people started to take their money out of the banks.
780,Мне позвонили из банка — документы готовы!,I got a call from the bank — the documents are ready!
781,Банки сегодня не работают.,The banks are closed today.
782,"На улице холодно, одевайся теплее.","It's cold outside, dress warmly."
783,"Я не хочу выходить на улицу, там дождь!","I don't want to go outside, it’s raining!"
784,На другой стороне улицы наш дом.,Our house is on the other side of the street.
785,В этой статье пишут о российской экономике. Надо почитать.,They write about the Russian economy in this article. I need to read it.
786,Эта статья мне не нравится.,I don't like this article.
787,"Я ничего не понял из статьи по физике. Объясни мне, пожалуйста!","I didn’t understand anything from that article on physics. Could you explain it to me, please?"
788,Он смотрел на нас из окна.,He was watching us from the window.
789,Я люблю смотреть в окно по вечерам.,I like to stare out the window in the evening.
790,"За окном зима, а дома тепло и уютно.","It's winter outside, but inside the house it’s warm and cozy."
791,Я составил список продуктов на неделю.,I made a grocery list for the week.
792,У нового продукта компании много достоинств.,The company's new product has many advantages.
793,Мои любимые продукты — творог и сметана.,My favorite food items are cottage cheese and sour cream.
794,Я ничего не ел с утра.,I haven't eaten anything since this morning.
795,Утром я ездила в банк.,I went to the bank this morning.
796,Под утро выпал снег.,It was snowing right before the morning came.
797,Я хочу купить это платье.,I want to buy this dress.
798,Он купил себе новую машину.,He bought himself a new car.
799,Она купила себе новый дом.,She bought herself a new house.
800,У дороги стоит маленький магазин.,There is a little shop by the side of the road.
801,Переходите через дорогу только по светофору!,Cross the road only when the light is green!
802,"Лось подошёл близко к дороге, и мы смогли его сфотографировать.",The moose came close to the road and we managed to take a photo of it.
803,Он бросил курить десять лет назад.,He quit smoking 10 years ago.
804,Я раньше много курил.,I used to smoke a lot.
805,Я не курю.,I don't smoke.
806,До реки идти десять минут.,It takes ten minutes to walk to the river.
807,Как называется эта река? Это Волга.,What is the name of this river? It's the Volga.
808,Нам нужен мост через реку.,We need a bridge across the river.
809,Где лежит мой паспорт? Я не могу его найти.,Where is my passport? I can’t find it.
810,"В прошлый вторник я лежал на пляже, а сегодня должен работать.",Last Tuesday I was lying on the beach and today I have to work.
811,Книги лежат на столе.,The books are lying on the table.
812,Пушкин — великий русский поэт.,Pushkin is a great Russian poet.
813,Я люблю стихи этого поэта.,I like this poet's poems.
814,В нашем городе есть памятник поэту двадцатого века — Владимиру Маяковскому.,In our city there is a statue of the 20th century poet Vladimir Mayakovsky.
815,Этот человек — её отец.,This person is her father.
816,40% детей в России растут без отца.,40% of children in Russia grow up without a father.
817,Сложно ли быть отцом?,Is it difficult to be a father?
818,"Пожалуйста, не заходите в мою комнату.","Please, don’t come in my room."
819,В этой комнате три окна.,There are 3 windows in this room.
820,В углу комнаты стоял шкаф.,There was a wardrobe in the corner of the room.
821,Я люблю фильмы Вуди Аллена.,I like films by Woody Allen.
822,Вася любит Машу.,Vasya loves Masha.
823,Ты когда-нибудь любил по-настоящему?,Have you ever truly loved somebody?
824,Моя любимая картина — «Подсолнухи» Ван Гога.,"My favorite painting is ""Sunflowers"" by Van Gogh."
825,Я хочу купить эту картину.,I want to buy this painting.
826,Я хочу купить раму для своей картины.,I want to buy a frame for my painting.
827,Моя жена работает в банке.,My wife works in the bank.
828,Завтра мы с женой идём в театр.,Tomorrow my wife and I are going to the theatre.
829,У моей жены интересная работа.,My wife has an interesting job.
830,Мой учитель английского живёт в Лондоне.,My English teacher lives in London.
831,Все учителя в нашей школе — женщины.,All the teachers in our school are women.
832,Мы приготовили подарок для наших учителей.,We prepared a gift for our teachers.
833,В детстве я мечтала стать певицей.,"When I was a child, I dreamed about becoming a singer."
834,В детстве он мечтал стать художником.,"When he was a child, he wanted to become an artist."
835,Вася мечтает об отпуске — он очень устал.,Vasya is dreaming about a vacation — he is very tired.
836,"Он сейчас не может говорить по телефону, он летит в Нью-Йорк.","He can’t talk on the phone now, he’s flying to New York."
837,"Они так устали, что не могут встать!",They are so tired that they can’t stand up!
838,Я не могу найти свой паспорт.,I can't find my passport.
839,Они пьют чай из чёрных кружек.,They are drinking tea from black mugs.
840,Он достал футболку из чёрной сумки.,He took a T-shirt out of the black bag.
841,Вы видите эту девочку с чёрными волосами?,Do you see that girl with black hair?
842,Эта девочка из нашего района.,This girl is from our neighborhood.
843,В нашем районе много магазинов.,There are many shops in our neighborhood.
844,Что интересного есть в ваших районах?,What interesting things do you have in your neighborhoods?
845,Это была любовь с первого взгляда.,It was love at first sight.
846,Трудно жить без любви.,It's hard to live without love.
847,Моя мама всегда готовит с любовью.,My mom always cooks with love.
848,Как называется этот цветок?,What is the name of this flower?
849,Как называются эти овощи?,What are these vegetables called?
850,Раньше эта улица называлась по-другому.,This street used to have a different name.
851,Мы вчера были в театре.,We were at the theatre yesterday.
852,Мы только что вернулись из театра.,We just got back from the theatre.
853,Этот театр — самый старый в городе.,This theatre is the oldest one in town.
854,Я хожу в бассейн два раза в неделю.,I go to the swimming pool twice a week.
855,Через две недели мы полетим в Англию.,In two weeks we are going to England.
856,На следующей неделе мы идём в театр.,We’re going to the theatre the next week.
857,На билете написано время начала концерта.,The concert's starting time is written on the ticket.
858,"Я написал письмо, но забыл его отправить.","I wrote a letter, but forgot to send it."
859,Как написать стихотворение?,How does one write a poem?
860,В салоне самолёта не должно быть опасных предметов.,There shouldn’t be any dangerous items inside the aircraft.
861,"Я не знаю, как называются эти предметы.",I don't know what these things are called.
862,Я не вижу предмет у него в руках.,I can’t see the thing that he’s holding in his hands.
863,Мой сын любит апельсины.,My son likes oranges.
864,Я люблю своего сына.,I love my son.
865,Я купила сыну новую куртку.,I bought my son a new coat.
866,Больше всего я люблю уроки литературы.,I like literature classes best of all.
867,Ответ на любой вопрос можно найти в литературе.,You can find the answer to any question in the literature.
868,Русская литература начала активно развиваться в XIX веке.,Russian literature started actively developing in the 19th century.
869,Я вышла из магазина и пошла в банк.,I walked out of the shop and went into the bank.
870,Во всех магазинах сейчас распродажа! Пора покупать новую одежду.,There are sales in all the shops! Time to buy new clothes.
871,Мы только что вернулись домой из магазинов.,We just returned home from shopping.
872,В Замбии я увидел настоящее чудо природы — водопад Виктория.,I saw a real miracle of nature in Zambia — Victoria falls.
873,Это настоящий мех или искусственный?,Is this fur real or artificial?
874,Рядом с нашей яхтой проплыла настоящая акула!,A real shark just passed by our yacht!
875,Я до смерти боюсь высоты.,I’m scared to death of heights!
876,Смерть пугает многих людей.,Death scares many people.
877,Перед смертью все равны.,Everybody is equal in the face of death.
878,Мой муж работает в университете.,My husband works at the university.
879,У моего мужа много друзей.,My husband has many friends.
880,Мы с мужем много путешествуем.,My husband and I travel a lot.
881,Где находится Мыс Доброй Надежды?,Where is the Cape of Good Hope located?
882,Где находятся Лофотенские острова?,Where are the Lofoten islands located?
883,"Всю прошлую неделю я находился в больнице, поэтому не мог вам ответить.","All of last week I was in the hospital, that’s why I couldn’t reply to you."
884,"В России государственных школ больше, чем частных.",There are more state-funded schools than private schools in Russia.
885,Я недавно ушла из государственной организации и начала работать в бизнесе.,Not long ago I quit working for a government agency and took a new job in business.
886,Мой брат — выпускник Московского государственного университета.,My brother is a graduate of Moscow State University.
887,Я сделала новую сумку из старых джинсов.,I made a new purse from some old jeans.
888,Мой старый друг сегодня в Москве. Я хочу его увидеть!,My old friend is in Moscow today. I want to see him!
889,"Моя старая юбка порвалась, нужно покупать новую.","My old skirt’s torn, I need to buy a new one."
890,"Мне нравится это платье, но оно слишком дорогое.",I like this dress but it’s too expensive.
891,Мне не нравятся новые правила!,I don't like the new rules!
892,Мне всегда нравилось это платье.,I have always liked that dress.
893,Я не хочу переезжать из современной квартиры в дом в деревне.,I don't want to move from a modern apartment to a house in a village.
894,Кто из современных писателей тебе нравится?,Which of the modern writers do you like?
895,Мне нравится современная живопись.,I like contemporary paintings.
896,У этой газеты много читателей.,This newspaper has a lot of readers.
897,Все новости моя бабушка узнает из газет.,My grandmother gets all the news from newspapers.
898,Он написал в газету объявление о продаже дома.,He put an ad about a house for sale in the newspaper.
899,Какая музыка тебе нравится?,What kind of music do you like?
900,Я люблю классическую музыку.,I love classical music.
901,Я не могу сидеть в комнате без музыки.,I can't sit in the room without having the music on.
902,В детстве я вырезала картинки из журнала мод.,As a child I used to cut pictures out of a fashion magazine.
903,Ты уже читал этот журнал? Он интересный?,Have you read this magazine? Is it interesting?
904,"Я люблю смотреть на картинки из модных журналов, они такие красивые.","I like to look at pictures in fashion magazines, they are so beautiful."
905,Новости экономики меня не интересуют.,News about the economy doesn’t interest me.
906,Мировая экономика сейчас в кризисе.,The world economy is now in crisis.
907,Она хорошо разбирается в мировой экономике и политике.,She knows a lot about the global economy and politics.
908,Вы уже получили моё письмо?,Have you received my letter yet?
909,"Из его письма мы узнали, что возвращаться домой он не планирует.",We understood from his letter that he isn’t planning to return back home.
910,В письме я написал о своей работе.,In my letter I wrote about my job.
911,Мой дедушка любит играть в бильярд.,My grandfather likes to play pool.
912,В детстве я любила играть с дедушкой.,As a child I liked to play with my grandfather.
913,Я вчера был у дедушки в гостях.,I visited my grandfather yesterday.
914,"Ты знаешь, кто эта девушка?",Do you know who that girl is?
915,"Эти девушки работают стюардессами, поэтому проходят паспортный контроль первыми.","These young women work as stewardesses, that’s why they are the first ones to go through passport control."
916,Видите ту девушку на лестнице? Это моя сестра.,Do you see that girl on the stairs? That’s my sister.
917,Когда мы будем обедать? Я уже проголодался.,When will we have lunch? I’m hungry already.
918,Вы уже обедали сегодня?,Have you already had lunch today?
919,На прошлой неделе я каждый день обедал в кафе рядом с работой.,Last week I had lunch at the cafe next to my workplace every day.
920,Моя бабушка живёт в другом городе.,My grandmother lives in another city.
921,У моей бабушки дома много интересных картин. Она рисует их сама.,My grandmother has many interesting paintings at home. She paints them herself.
922,"Я научила бабушку пользоваться айфоном, и теперь мы каждый день разговариваем с ней по скайпу.",I taught my grandmother to use an iPhone and now I talk to her on Skype every day.
923,Поставь этот стол к стене.,Put that table next to the wall.
924,На всех стенах в моей квартире висят фотографии нашей семьи.,There are photos of our family on all the walls in my apartment.
925,Я хочу повесить новую картину на стену в моей комнате.,I want to put a new picture on the wall in my room.
926,"Даже опаздывая на самолёт, помните о своей безопасности и не переходите дорогу на красный свет.","Even if you are late for a flight, think of your safety and don’t cross the road when the light is red."
927,Мои друзья часто опаздывают на наши встречи.,My friends are often late when we meet up.
928,Я никогда раньше не опаздывал на самолёт.,I have never been late for a flight before.
929,Я мечтаю жить у моря.,I dream about living by the sea.
930,Красное море — самое тёплое в мире.,The Red Sea is the warmest sea in the world.
931,Прошлым летом мы ездили к морю.,We went to the seaside last summer.
932,Мой брат ходит в школу.,My brother goes to school.
933,Я очень люблю своего младшего брата.,I love my younger brother very much.
934,Мои братья живут в Париже.,My brothers live in Paris.
935,Как вы любите отдыхать после работы? Я — с книжкой на диване или в кино с друзьями.,How do you like to relax after work? I prefer to be with a book on the sofa or at the movies with my friends.
936,Дети долго бегали и теперь отдыхают.,The children did a lot of running and now they’re resting.
937,"Мы так давно не отдыхали, я ужасно устала!","We haven't had any rest for a such long time, I am so terribly exhausted!"
938,Разве мы хуже других?,Are we really worse than the others?
939,"Очень плохо, что ты никому не сказал, что не придёшь на встречу. Мы тебя ждали!",It's bad you didn’t tell anybody that you couldn't meet up. We were waiting for you!
940,"Что плохого в том, чтобы спать 5 часов в сутки?",What’s bad about sleeping 5 hours a day?
941,Эта строчка из романа «Война и Мир» Льва Толстого.,"This is a line from the novel ""War and Peace"" by Leo Tolstoy."
942,В 2017 году Букеровскую премию получил роман Джорджа Сондерса.,The 2017 Booker prize was awarded to a novel by George Saunders.
943,В романе «Унесенные ветром» Маргарет Митчелл показала жизнь в Америке во время гражданской войны.,"In the novel ""Gone with the Wind"" Margaret Mitchell portrayed life in America during the Civil War."
944,"Я не умею петь, но очень хочу научиться!",I can't sing but I really want to learn!
945,Вчера мы весь вечер пели наши любимые песни.,Yesterday we spent the whole evening singing our favorite songs.
946,Он так красиво поёт!,She sings so beautifully!
947,"Я писал тебе вчера, но ты не ответил.",I texted you yesterday but you didn’t reply.
948,Я не люблю писать длинные письма.,I don't like to write long letters.
949,Он ушёл с работы и сейчас пишет свой первый роман.,He quit his job and now he’s writing his first novel.
950,Что вы ели на завтрак?,What did you have for breakfast?
951,Мой брат не ест хлеб.,My brother doesn't eat bread.
952,Хотите есть?,Do you want to eat?
953,У Саши красивая улыбка и белые зубы.,Sasha has a pretty smile and white teeth.
954,Обычно я ем суп с белым хлебом.,Usually I eat soup with white bread.
955,Первого сентября на улицах много девочек с белыми бантами.,On September 1 a lot of girls wear white bows outside.
956,"Вечером придут гости, нужно накрыть на стол.","The guests are coming in the evening, we need to set the table."
957,Вы всегда желанный гость в нашем доме!,You are always a welcome guest in our house!
958,"Я сейчас в гостях, перезвоню позже.","I'm visiting someone now, call you later."
959,Маша разговаривает по телефону.,Masha is on the phone now.
960,"Возьми телефон, он звонит!","The phone is ringing, take the call!"
961,Телефон сто двенадцать доступен круглосуточно.,The number 112 can be reached around the clock.
962,Катя работает учительницей математики в школе.,Katya is a math teacher at school.
963,Математика развивает логическое мышление.,Mathematics develops logical thinking.
964,Вася очень старался и получил четыре по математике.,Vasya has worked hard and received a grade of 4 (=B) in math.
965,Николай – директор этой фирмы.,Nikolay is the director of this company.
966,Фирма Volvo выпустила новый автомобиль.,Volvo has released a new automobile.
967,В области торговли работает много мелких фирм.,There are a lot of small-businesses in commerce.
968,Лев Толстой – знаменитый русский писатель.,Leo Tolstoy is a famous Russian writer.
969,В кабинете писателя много книг.,There are a lot of books in the writer's office.
970,Недавно вышел сборник с текстами молодых писателей.,A collection of poems written by young writers came out recently.
971,Мальчик гуляет во дворе.,A boy is walking in the yard.
972,Я вижу мальчика.,I see a boy.
973,Мальчики играют в футбол.,The boys are playing soccer.
974,Александр – кандидат экономических наук.,Alexandеr has а Ph.D. in Economics.
975,Главная задача сейчас – обеспечение экономической стабильности.,The main goal now is to ensure economic stability.
976,Министр экономического развития прокомментировал эту ситуацию.,The Minister of Economic Development has commented on this situation
977,Наш номер в отеле чистый и просторный.,Our hotel room is clean and spacious.
978,В номере есть холодильник?,Is there a refrigerator in the room?
979,Мы хотим забронировать 5 одноместных номеров.,We want to book 5 single rooms.
980,Я запишу твой номер телефона.,I'll write down your telephone number.
981,У меня нет номера Маши.,I don't have Masha's number.
982,Я отправила вам письмо с номером телефона Саши.,I've sent you an e-mail with Sasha's phone number.
983,Летом начинается подача документов в университеты.,Submission of university applications starts in the summer.
984,Перед поездкой нужно подготовить все документы.,We need to prepare all the documents before the trip.
985,Я сделаю копию этого документа.,I'll make a copy of this document.
986,Высота этого дома – примерно двадцать метров.,This building is about 20 meters tall.
987,"Васе пять лет, его рост уже больше метра.","Vasya is five years old, and he is already more than a meter tall."
988,Магазин находится в пяти метрах от станции метро.,The shop is 5 meters away from the metro station.
989,Нам нужно купить пять билетов на поезд.,We need to buy 5 train tickets.
990,Мы купили билеты и пошли смотреть кино.,We bought tickets and went to the movie theater.
991,"Когда поедешь в аэропорт, не забудь билет на самолёт.",Don't forget your plane ticket when you go to the airport.
992,Сколько лет твоей дочке? Три с половиной.,How old is your daughter? She is three and a half.
993,Пушкин – поэт первой половины девятнадцатого века.,Pushkin is a poet from the first half of the 19th century.
994,"Уже половина первого, я опаздываю!","It's half past twelve already, I'm late!"
995,"Сегодня тепло, светит солнце.","Today it's warm, the sun is shining."
996,"Сегодня облачно, солнца нет.","Today it's cloudy, there is no sun."
997,Каждый человек ищет своё место под солнцем.,Everyone is looking for his place in the sun.
998,"Ура, моё желание сбылось!","Hooray, my wish came true!"
999,У меня нет желания приходить завтра.,I have no desire to come tomorrow.
1000,При желании я смогу одновременно учиться и работать.,"If I want to, I can study and work at the same time."
1001,Мой дедушка работал на заводе.,My grandfather worked in a factory.
1002,Александр – директор этого завода.,Alexandr is the director of this factory.
1003,Наш завод находится в Москве.,Our factory is located in Moscow.
1004,Я хочу пить.,I'm thirsty.
1005,Ты пил вчера на вечеринке?,Did you drink alcohol at the party yesterday?
1006,"Вчера мы были в гостях, пили сок и вино.",Yesterday we visited our friends and drank juice and wine.
1007,"Выключи телевизор, там нет ни одной интересной передачи.","Turn off the TV, there are no interesting shows on the air."
1008,Это моя любимая передача.,This is my favorite TV show.
1009,Давай посмотрим кулинарную передачу.,Let's watch a cooking show.
1010,Вася – студент Московского государственного университета.,Vasya is a student at Moscow State University.
1011,Маша и Лена сейчас учатся в университете.,Masha and Lena are now studying at the university.
1012,"Университет – это учебное заведение, в котором получают высшее образование.",A university is an educational institution where people receive a higher education.
1013,Первого сентября начинается учебный год.,The academic year starts on the first of September.
1014,В сентябре начинают опадать листья.,In September the leaves begin to fall.
1015,Куда мы поедем летом?,Where will we go in Summer?
1016,Я уезжаю на лето к бабушке.,I am going to spend the summer visiting my grandmother.
1017,"Не успеешь оглянуться, а уже конец лета.",Summer is gone before you know it.
1018,Охрана окружающей среды – это актуальная проблема сегодня.,Protection of the environment is a relevant problem today.
1019,Я буду в Москве в среду.,I'll be in Moscow on Wednesday.
1020,Лена – эколог и очень много знает об окружающей среде.,"Lena is an environmental specialist, and knows a lot about the environment."
1021,Врач сегодня принимает с восьми до четырнадцати часов.,The doctor is seeing patients from 8 a.m. til 2 p.m. today.
1022,В этой поликлинике работают очень хорошие врачи.,Highly skilled doctors work in this clinic.
1023,Я очень боюсь врачей!,I'm very scared of doctors!
1024,Эти часы отстают.,This clock is slow.
1025,,
1026,На моих часах ровно три.,It's 3 o'clock sharp by my watch.
1027,"Мне кажется, ты не прав.",It seems to me you're not right.
1028,В двадцатом веке в Европе были популярны правые партии.,Right-wing parties were popular in Europe in the twentieth century.
1029,Он придерживается правых взглядов.,He is a right-winger.
1030,Анна – студентка первого курса.,Anna is a first-year student.
1031,"Ты студент? Да, перехожу на третий курс.","Are you a student? Yes, I'm entering the third year."
1032,На каком ты курсе?,Which year are you in?
1033,Зачем ты купил футболку белого цвета? Она быстро испачкается.,Why did you buy a white T-shirt? It will get dirty soon.
1034,Синий цвет тебе идёт!,The color blue suits you!
1035,Эта рубашка не подходит тебе по цвету.,The color of this shirt doesn't suit you.
1036,"Это платье слишком маленького размера, поищи другое.","This dress is too small, look for another one."
1037,В этом магазине нет больших размеров.,You can't find large sizes in this shop.
1038,Какой у тебя размер обуви?,Which shoe size do you wear?
1039,"Ты написал сложное слово без ошибок, молодец!","You've written a difficult word without mistakes, well done!"
1040,"Здесь ошибка, имя записано неправильно.","There is a mistake here, the name is entered incorrectly."
1041,"Если ты сделал ошибку, нужно это признать.","If you've made a mistake, you must admit it."
1042,Дима – член студенческого футбольного клуба.,Dima is a member of the student football club.
1043,"Этот клуб очень красивый, но внутри слишком шумно.",This club is very nice but it's too loud inside.
1044,Вчера в клубе выступала твоя любимая группа.,Yesterday your favorite band played at the club.
1045,"Я бы с удовольствием выпил, но я за рулём сегодня.",I'd love to have a drink but I'm driving today.
1046,Я получаю удовольствие от плавания.,I really enjoy swimming.
1047,Маша откусила пирог и закрыла глаза от удовольствия.,Masha has took a bite of the pastry and shut her eyes with pleasure.
1048,Катя – самая высокая девочка в нашем классе.,Katya is the tallest girl in our class.
1049,"Миша, пригласи эту девочку к себе на день рождения!","Misha, invite this girl to your birthday party!"
1050,"Маша, смотри, девочки играют в волейбол.","Masha, look, the girls are playing volleyball."
1051,Пойдёшь со мной на концерт?,Will you go to the concert with me?
1052,Вчера по дороге с концерта я встретил Лену.,Yesterday on the way back from the concert I met Lena.
1053,В субботу я была со своими друзьями на концерте.,On Saturday I was at a concert with my friends.
1054,В Москве около десяти миллионов жителей.,About 10 million people live in Moscow.
1055,Жители села добираются в город на автобусе.,People from the village get to the city by bus.
1056,Жителям Москвы понравилась новая станция метро.,The people of Moscow liked the new metro station.
1057,"Я буду на работе, забери Машу из детского сада.","I'll be at work, so you take Masha home from daycare."
1058,Утром мы пошли работать в сад.,In the morning we went to work to the garden.
1059,"В ботаническом саду на этой неделе проходит выставка роз, пойдём?","There is an exhibition of roses at the botanical garden this week, shall we go?"
1060,"Кажется, наш поезд опаздывает.",It seems our train is late.
1061,"Я вышел из поезда и понял, что забыл багаж.",I got out of the train and realized that I had forgotten my luggage.
1062,В поезде есть туалет и Wifi.,The train has a toilet and Wifi.
1063,Трудно возвращаться к работе после отпуска.,It's hard to come back to work after vacation.
1064,Зимой гораздо труднее просыпаться с утра.,It's much more difficult to wake up in the morning in winter.
1065,В горах дышать трудней.,It's more difficult to breathe in the mountains.
1066,Моя сестра отлично танцует.,My sister is a good dancer.
1067,Вы с сестрой очень похожи.,You and your sister look a lot alike.
1068,"А я и не знал, что вы сёстры!",I didn't even know that you were sisters!
1069,Коля подарил мне букет из полевых цветов.,Kolya gave me a bouqet of wildflowers.
1070,"Маша любит цветы, особенно пионы.","Masha loves flowers, especially peonies."
1071,У моих родителей в квартире много горшков с цветами.,There are many flower-pots in my parents' apartment.
1072,Его отец – сотрудник милиции.,His father is a police officer.
1073,На место преступления приехала милиция.,The police came to the scene of the crime.
1074,"Если соседи опять будут шуметь после одиннадцати вечера, я вызову милицию.",I'll call the police if my neighbors make noise after 11 pm again.
1075,Я пью чай без сахара.,I drink tea without sugar.
1076,"Кажется, ты замёрз. Хочешь чаю?",It seems like you're cold. Want some tea?
1077,Я возьму в дорогу бутерброд с чаем.,I'll take a sandwich with tea to go.
1078,"Я не люблю зиму, потому что темнеет уже днём.",I don't like winter because it gets dark during the day.
1079,Зимой моя семья всегда ходит на каток.,In winter my family always goes skating.
1080,"Я поеду на море в январе, чтобы немного отдохнуть от холодной зимы.",I'll go the beach in January to take a rest from the cold winter.
1081,Недавно к нам заходили новые соседи.,Our new neighbors stopped by recently.
1082,В общежитии без помощи соседей никуда.,You can't get by in the dormitory without help from your neighbors.
1083,"Мой сосед всегда шумит по утрам, это невозможно терпеть!",My neighbor is always making noise in the morning. It's unbearable.
1084,"Чтобы лучше запомнить новое слово, я повторяю его несколько раз.","In order to memorize a new word, I repeat it several times."
1085,"Учитель повторяет одно и то же, мне не интересно.","The teacher repeats the same thing over and over, I'm not interested."
1086,Завтра я буду повторять материал к занятию и не смогу прийти в гости.,Tomorrow I’ll be studying for my lesson and can’t come and see you.
1087,"Автобус уже через полчаса, вы готовы?","The bus will come in 30 minutes, are you ready?"
1088,"Вася, иди на кухню, обед готов.","Vasya, go to the kitchen, dinner is ready."
1089,У меня уже всё готово к этому учебному году.,I've already prepared everything for this academic year.
1090,"Арина очень хотела эту книгу, поэтому я подарил её на день рождения.","Arina really wanted this book, so I gave it as her birthday present."
1091,"Я не знаю, что подарить маме на восьмое марта.",I don't know what to give my mother for the eighth of March.
1092,Что ты подарила невесте и жениху на свадьбу?,What was your wedding present for the bride and groom?
1093,Господин Сахаров – наш новый сосед.,Mister Sakharov is our new neighbor.
1094,"Дамы и господа, выключите телефоны, спектакль начинается.","Ladies and gentlemen, turn off your phones, the performance is beginning."
1095,"Иван Бунин – автор ""Господина из Сан-Франциско"".","Ivan Bunin is the author of ""The Gentleman from San Francisco""."
1096,"По телевизору ничего интересного, выключи.","There is nothing interesting on TV, turn it off."
1097,Моя бабушка смотрит телевизор каждый вечер.,My grandmother watches TV every evening.
1098,"У Кати дома нет телевизора, она смотрит новости в Интернете.","Katya doesn’t have a TV at home, she watches news on the Internet."
1099,У Алёны такая красивая фамилия!,Alyona has such a pretty surname!
1100,"Я не буду менять фамилию, когда выйду замуж.",I will not change my surname when I get married.
1101,Новые студенты должны записать свои фамилии в список курса.,New students must enter their surnames in the list of students.
1102,"Это пиво слишком горькое, я закажу другое.","This beer is too bitter, I'll order a different one."
1103,Вчера после работы я выпил кружку пива.,I drank a mug of beer after work yesterday.
1104,Я буду курицу с пивом.,I'll take chicken and beer.
1105,"Мой рюкзак легче, чем твой.",My backpack is lighter than yours.
1106,Вася легко с этим справится.,Vasya will manage this easily.
1107,В сентябре я ношу джинсы с лёгкой курткой.,In September I wear jeans and light jacket.
1108,Лена очень сильная и способная студентка.,Lena is a very strong and gifted student.
1109,"Петя сильнее меня, он ходит в тренажёрный зал.","Petya is stronger than me, he goes to the gym."
1110,"На улице сильный ветер, будь осторожнее!","There's a strong wind outside, be careful!"
1111,Моя мама любит готовить и проводит много времени на кухне.,My Mom loves cooking and spends a lot of time in the kitchen.
1112,"Пойдём на кухню, я приготовил ужин.","Let's go to the kitchen, I've made supper."
1113,"Принести тарелки с кухни, пожалуйста.","Bring the plates from the kitchen, please."
1114,Твоя тётя приезжала в гости в ноябре?,Did your aunt visit you in November?
1115,У моей тёти есть дача.,My aunt has a summer cottage.
1116,Я встречу твою тётю с поезда.,I'll meet your aunt at the train.
1117,Всемирный женский день отмечают восьмого марта.,International Women's Day is celebrated on the 8th of March.
1118,Я люблю погоду в марте.,I love the weather in March.
1119,У нашей кошки большие зелёные глаза.,Our cat has big green eyes.
1120,"Смотри, какая красивая кошка!","Look, what a pretty cat!"
1121,Купи корм для кошек по дороге домой.,Buy cat food on the way home.
1122,Учёные пишут научные работы и выступают на конференциях.,Scientists write scientific papers and speak at conferences.
1123,Вчера на конференции я узнал о проектах российских учёных.,Yesterday at the conference I learned about projects by Russian scientists.
1124,Ричард Докинз – мой любимый учёный.,Richard Dawkins is my favorite scientist.
1125,Недавно я побывал на Красной площади.,I've been to the Red Square recently.
1126,Красная площадь очень красивая.,The Red Square is very beautiful.
1127,Мне нужна квартира площадью минимум шестьдесят квадратных метров.,I need an apartment with at least 60 square meters.
1128,В МГУ учится много талантливых студентов.,Many talented students study at Moscow State University.
1129,Студенты покупают билеты на поезд со скидкой.,Students buy train tickets for a reduced price.
1130,Мой брат – студент.,My brother is a student.
1131,Дочь Лены поёт в хоре.,Lena's daughter sings in a choir.
1132,У моей старшей дочери родился сын.,My eldest daughter gave birth to a son.
1133,Вечером я иду в театр с Романом и его дочерью.,I will go to the theatre with Roman and his daughter this evening.
1134,Саша открыла рот от удивления.,Sasha opened her mouth in surprise.
1135,Они спорили с пеной у рта.,They argued while foaming at the mouth.
1136,Не говори с набитым ртом!,Don't talk with your mouth full!
1137,У меня поднялась температура.,I've got a fever.
1138,Вчера Нина не пошла на работу из-за высокой температуры.,Nina didn't go to work yesterday because she had a fever.
1139,"Кажется, ты заболел. Померь температуру.",It seems that you're sick. Take your temperature.
1140,Весной на улице очень тепло.,It's very warm outside in spring.
1141,Снег начинает таять в начале весны.,The snow starts melting in the beginning of spring.
1142,"Ура, через две недели уже весна!","Hurray, spring is coming in 2 weeks!"
1143,Хозяин этой квартиры разрешает приводить гостей.,The owner of this apartment allows you to bring guests.
1144,Хозяева квартиры не разрешают в ней курить.,The owners of this apartment don't allow smoking here.
1145,"У этой собаки нет хозяина, она бродячая.","This dog don't have an owner, she is a stray."
1146,Максим будет ждать нас у вагона поезда.,Maxim will wait for us by the car of the train.
1147,Я еду в третьем вагоне с конца.,I'm traveling in the third car from the end.
1148,В этом поезде двенадцать вагонов.,This train has 12 cars.
1149,Я увидел цветы и подумал о лете.,I saw the flowers and thought about summer.
1150,Мне нужно подумать об этом.,I need to think about it.
1151,Я подумала об отпуске и сразу захотела на море.,I thought about my vacation and wanted to go to the sea at once.
1152,Миша закончил университет с красным дипломом.,Misha has graduated from the university with honors.
1153,На сцену вышли девочки с красными бантами.,Girls with red bows came on stage.
1154,"Мне кажется, красные розы – это очень красиво.",I think that red roses are very beautiful.
1155,Александр Пушкин – великий поэт.,Alexander Pushkin is a great poet.
1156,Мэрилин Монро – великая актриса.,Marilyn Monroe is a great actress.
1157,Саша переехал в Москву из Великого Новгорода.,Sasha has moved to Moscow from Veliky Novgorod.
1158,"Мы поехали в гости к бабушке, будем поздно.","We went to visit grandma, we will be late."
1159,Гриша поехал в Москву и поступил в университет.,Grisha went to Moscow and got into the university.
1160,Я очень хочу поехать в Германию!,I really want to visit Germany!
1161,Я не могу работать без компьютера и интернета.,I can't work without a computer and an Internet connection.
1162,В нашем офисе много новых компьютеров.,We have a lot of new computers in our office.
1163,Недавно мой дедушка научился работать на компьютере.,My grandfather has recently learned to use a computer.
1164,Двенадцатого апреля 1961 года Юрий Гагарин полетел в космос.,"On April 12, 1961, Yuri Gagarin flew into outer space."
1165,У Кати день рождения в апреле.,Katya's birthday is in April.
1166,Папа сегодня вернётся с работы в пять часов.,Dad will come home from work at five o’clock.
1167,Мама с папой познакомились в университете.,Mom and dad first met at the university.
1168,"Позови папу, обед готов.","Call dad, dinner is ready."
1169,В этом ресторане очень вкусная пицца.,The pizza in this restaurant is very tasty.
1170,Я закажу еду из ресторана на дом.,I'll order take-out food from the restaurant.
1171,Пойдём вечером в ресторан?,Shall we go to a restaurant this evening?
1172,"Когда пойдёшь в магазин, купи хлеба.",Buy some bread when you go to the store.
1173,"Дай, пожалуйста, хлеб.","Pass the bread, please."
1174,Я ем суп с белым хлебом.,I eat soup with white bread.
1175,Нефть ― главный источник национального богатства России.,Oil is the main source of Russia's national wealth.
1176,Марк - игрок национальной сборной.,Mark is a player on the national team.
1177,Это – проблема национальных меньшинств.,This is a problem for ethnic minorities.
1178,Он показал мне свою фотографию.,He showed me his photograph.
1179,Я отправлю тебе фотографии из Италии.,I'll send you my photographs from Italy.
1180,Эта фотография очень удачная!,This photo is very good!
1181,Это очень хороший магазин техники.,This is a very good electronics store.
1182,У меня всё время ломается техника.,My gadgets always break.
1183,"У меня проблемы с техникой, позвони мастеру.","I have some problems with the equipment, call the professional, please."
1184,Я с тобой согласен.,I agree with you.
1185,Все с этим согласны?,Does everyone agree with that?
1186,Я с этим полностью согласна.,I agree with that completely.
1187,У Маши так много красивой одежды!,Masha has so many beautiful clothes!
1188,Я постираю одежду в выходные.,I'll wash my clothes on the weekend.
1189,Эта одежда очень удобная.,This clothing is very comfortable.
1190,У Саши завтра день рождения.,Sasha has his birthday tomorrow.
1191,Где моё свидетельство о рождении?,Where is my birth certificate?
1192,Рождение ребёнка – это серьёзный шаг для семьи.,The birth of a child is an important step for a family.
1193,У Коли очень красивая девушка.,Kolya's girlfriend is very beautiful.
1194,Эти цветы очень красивые.,These flowers are very beautiful.
1195,"Это красивый рисунок, молодец.","This is a beautiful picture, well done."
1196,В Москве много образовательных учреждений.,There are a lot of educational institutions in Moscow.
1197,Мой отец – работник медицинского учреждения.,My father works in a health care institution.
1198,Детский сад – это дошкольное образовательное учреждение.,Daycare is a pre-school institution.
1199,Ты уже сделал уроки на завтра?,Have you done your homework for tomorrow?
1200,"Наш урок скоро начнётся, надо спешить.","Our class is about to start, hurry up."
1201,"Завтра суббота, уроков не будет.","Tomorrow is Saturday, there will be no classes."
1202,В этом шкафу много места.,There is a lot of space in this armoire.
1203,"Я переехала недавно, у меня в квартире ещё нет шкафа.","I moved recently, I don't have an armoire yet."
1204,Этот шкаф очень большой и удобный.,This armoire is very big and roomy.
1205,Я не люблю рыбу.,I don't like fish.
1206,"Рыба готова, приходи есть!","The fish is ready, come and eat!"
1207,Я не знаю названия этих рыб.,I don’t know what those fish are called.
1208,В моём классе много учеников.,There are a lot of students in my class.
1209,Вася – ученик девятого класса.,Vasya is a ninth grade student.
1210,Ученики хорошо написали контрольную.,The students did a good job on the test.
1211,Почему ты такой серьёзный? Что случилось?,Why are you so serious? What happened?
1212, У всех в комнате были серьёзные лица.,Everyone in the room had a serious face.
1213,Сейчас у меня нет серьёзных проблем с учёбой.,I don't have any serious problems with my studies now.
1214,Собака съела кость.,The dog ate a bone.
1215,"Слышишь, собаки лают.","Listen, the dogs are barking."
1216,У Насти дома нет кошек и собак из-за аллергии.,Nastya doesn't have cats or dogs at home due to allergies.
1217,Петя ходит в детский сад.,Petya goes to daycare.
1218,У нас есть детская одежда.,We have baby clothes.
1219,Мой брат сегодня до вечера в детском саду.,Today my brother will be in daycare until evening.
1220,Добрый день!,Good day!
1221,У Маши очень добрые родители.,Masha's parents are very kind.
1222,"Всего доброго, до встречи!","All the best, see you soon!"
1223,"Смотри, самолёт летит!","Look, the plane is flying!"
1224,Самолёты летят низко.,The airplanes are flying low.
1225,Сегодня в небе много самолётов.,There are a lot of planes in the sky today.
1226,Я купил Маше подарок.,I bought Masha a present.
1227,Миша любит дарить дорогие подарки.,Misha loves to give expensive presents.
1228,Нельзя приходить на день рождения без подарков.,You can’t go to a birthday party without presents.
1229,Вчера я видел Машу у библиотеки.,Yesterday I saw Masha outside the library.
1230,Я буду готовиться к экзаменам в библиотеке.,I'll be studying for my exams in the library.
1231,"Мы идём заниматься в библиотеку, пойдёшь с нами?","We're going to the library to study, are you going to come with us?"
1232,Казимир Малевич – русский художник двадцатого века.,Kazimir Malevich is a twentieth Century Russian artist.
1233,Мне очень нравятся картины этого художника.,I really love this artist’s paintings.
1234,Молодые художники провели свою первую выставку.,The young artists organized their first exhibition.
1235,"Я позвонил Алёне, чтобы спросить задание на завтра.",I call Alyona to ask about the homework for tomorrow.
1236,Не забудь позвонить мне завтра.,Don't forget to call me tomorrow.
1237,Почему ты не позвонила мне вчера?,Why didn't you call me yesterday?
1238,Сегодня весь день идёт дождь.,It's been raining all day long today.
1239,Завтра не будет дождя.,It won't rain tomorrow.
1240,Я промок под дождём и заболел.,I got drenched in the rain and got sick.
1241,Это здание построено в девятнадцатом веке.,This building was built in the 19th Century.
1242,У здания суда было много журналистов.,There were a lot of journalists outside the courthouse.
1243,В здании очень просторно.,It's very spacious in this building.
1244,Вечером я пошёл в магазин и встретил Лену.,In the evening I went shopping and met Lena.
1245,Мы с Сашей пошли в кафе.,Sasha and I went to the café.
1246,Я пошла в школу в семь лет.,I started school at age seven.
1247,Я перевёл тебе деньги на карту.,I've transferred money to your card.
1248,Я хочу поиграть в карты.,I want to play a card game.
1249,Мне нужна карта города.,I need a map of the city.
1250,Этот рассказ неинтересный.,This story is boring.
1251,Мне понравился герой рассказа.,I liked the hero of the story.
1252,В рассказе об этом не говорится.,The story does not say anything about that.
1253,Иван Петрович – доктор философии.,Ivan Petrovich is a Doctor of Philosophy.
1254,Философия – мой любимый предмет.,Philosophy is my favorite subject.
1255,Я буду изучать философию в университете.,I will be studying philosophy at the university.
1256,Большинство новостей я узнаю из интернета.,I get most of my news from the Internet.
1257,Моя бабушка смотрит новости по телевизору.,My grandmother watches news on TV.
1258,Это хорошая новость!,This is good news!
1259,Я перешлю тебе письмо на этот адрес.,I'll forward you an e-mail to this address.
1260,"Я живу по адресу: улица Ленина 6, квартира 54",My home address is Lenin St. 6-54.
1261,Я отправил письмо по нескольким адресам.,I sent the letter to several addresses.
1262,Завтра мы будем покупать новый холодильник.,We will buy new refrigerator tomorrow.
1263,Этим летом мы покупали много фруктов.,This summer we bought a lot of fruit.
1264,Вася всегда покупает чипсы и пиво после работы.,Vasya always buy chips and beer after work.
1265,У меня есть родственники в Санкт-Петербурге.,I have relatives in St. Petersburg.
1266,Я люблю своих родственников и часто их навещаю.,I love my relatives and visit them often.
1267,Мой дальний родственник живёт в Германии.,My distant relative lives in Germany.
1268,"Сегодня плохая погода, давай пойдём гулять завтра.","The weather is bad today, let's go for a walk tomorrow."
1269,Ты посмотрел прогноз погоды на сегодня?,Have you looked at the weather forecast for today?
1270,В хорошую погоду я люблю кататься на велосипеде.,I love riding a bike when the weather is good.
1271,У моего отца день рождения первого октября.,My father's birthday is on the 1st of October.
1272,Я люблю погоду в октябре. ,I love the weather in October.
1273,Октябрь – мой любимый осенний месяц.,October is my favourite fall month.
1274,Поздравляю с днём рождения! Желаю счастья и здоровья.,Happy birthday! I wish you happiness and health.
1275,Спорт улучшает здоровье.,Sport improves health.
1276,У пожилых людей часто бывают проблемы со здоровьем.,Elderly people often have health problems.
1277,Я езжу на работу в Москву из Московской области.,I commute to work in Moscow from the Moscow region.
1278,Моя московская квартира очень просторная.,My apartment in Moscow is very spacious.
1279,В последнее время московские улицы стали красивее.,The streets in Moscow have become more beautiful recently.
1280,В центре столицы очень много уютных кафе.,There are a lot of cozy cafés in the center of the capital.
1281,Маша живёт в культурной столице России – Санкт-Петербурге.,"Masha lives in the capital of Russian culture, St. Petersburg."
1282,Москва не всегда была столицей России.,Moscow was not always the capital of Russia.
1283,Мне очень интересно ходить на уроки физики.,I find going to physics classes very interesting.
1284,Физика – мой любимый предмет.,Physics is my favorite subject.
1285,Сегодня будет контрольная работа по физике.,Today we'll have physics test.
1286,Мой дядя раньше был лётчиком.,My uncle used to be a pilot.
1287,У моего дяди загородный дом.,My uncle has a country house.
1288,Я люблю своего дядю.,I love my uncle.
1289,Автор этой научной работы – мой преподаватель.,The author of this scientific article is my teacher.
1290,В университете проводят много научных исследований.,A lot of scientific research is conducted at the university.
1291,Что относится к методам научного исследования?,What classifies scientific research methods?
1292,Лена любит фотографировать природу осенью.,Lena loves to take pictures of nature in the fall.
1293,"Я не люблю осень, потому что часто идёт дождь.",I don't like fall because it rains often.
1294,В начале осени на улице очень красиво.,In early fall it's very beautiful outside.
1295,Сегодня почта не работает.,The post office is closed today.
1296,Какой у тебя адрес электронной почты?,What's your e-mail address?
1297,Я прислал тебе документ на почту.,I sent you the document via e-mail.
1298,Эти музыканты играют хорошо.,These musicians play well.
1299,Я люблю песни уличных музыкантов.,I love the songs of street musicians.
1300,Алексей – музыкант. Он играет на скрипке.,Alexey is a musician. He plays the violin.
1301,Некоторые люди часто меняют профессию.,Some people change jobs often.
1302,Профессия экономиста очень мне интересна.,I'm interested in becoming an economist.
1303,В мире много разных профессий.,There are a lot of different professions in the world.
1304,Дима на два года старше меня.,Dima is 2 years older than me.
1305,У Алёны есть старшая сестра.,Alyona has an older sister.
1306,Мой старший брат раньше прогуливал школу.,My older brother used to play hookey from school.
1307,Лекция была слишком сложной для этой аудитории.,The lecture was too complicated for this audience.
1308,Маркетологи анализируют целевую аудиторию продукта.,Marketing specialists analyze the target audience for the product.
1309,Аудитория аплодировала артисту.,The audience applauded the singer.
1310,Все знают слова этой народной песни.,Everybody know the words of this folk song.
1311,Четвёртое ноября в России – День народного единства.,The fourth of November in Russia is National Unity Day
1312,Волк – типичный герой русских народных сказок.,The wolf is a common character in Russian folk tales.
1313,В редакции работает двадцать журналистов.,Twenty journalists work in the editorial office.
1314,Журналисты опубликовали скандальный материал.,The journalists published shocking material.
1315,Президент дал интервью журналистам.,The president gave an interview for the journalists.
1316,"Положи мне кусок мяса, пожалуйста.","Give me a piece of meat, please."
1317,Я приготовлю мясо на обед.,I'll cook meat for dinner.
1318,Я люблю пирожки с мясом.,I love meat pies.
1319,Это яблоко очень вкусное.,This apple is very tasty.
1320,Миша сорвал с дерева три красных яблока.,Misha picked three red apples from the tree.
1321,Петя купил пирожок с яблоком.,Petya bought an apple pie.
1322,Артист выступил великолепно.,The singer gave a great performance.
1323,Артисты вышли на сцену.,The singers came on stage.
1324,Во время выступления у артиста сломался микрофон.,The singer's microphone broke during the performance.
1325,Зимой и осенью в поликлинике больше больных.,There are more sick people in the hospital in winter and autumn.
1326,Ай! Мне больно!,Ouch! It hurts!
1327,Вчера мне вылечили больной зуб.,Yesterday I got a toothache taken care of.
1328,На улице идёт снег.,It’s snowing outside.
1329,"Уже середина декабря, а на улице ещё нет снега.",It's the middle of December already and still no snow outside.
1330,Ты весь в снегу!,You're covered with snow!
1331,Я живу отдельно от родителей с июля.,I’ve been living separate from my parents since July.
1332,В июле я поеду в отпуск.,I'll go on vacation in July.
1333,Июль – самый жаркий месяц.,July is the hottest month.
1334,Этот телефон очень дорогой.,This phone is very expensive.
1335,Эта машина слишком дорогая для нас.,This car is too expensive for us.
1336,Золотыe украшения очень дорогие.,Gold jewelry is vey expensive.
1337,Иван Иванович вошёл в свой кабинет.,Ivan Ivanovich went into his office.
1338,В кабинете врача было очень светло.,There was a lot of light in the doctor's office.
1339,У кабинета директора стояли ученики.,The students stood outside the director's office.
1340,Метр – единица измерения длины.,The meter is a unit of length.
1341,В физике используют международную систему единиц.,The International System of Units is used in physics.
1342,"Метр, килограмм, секунда – это единицы измерения.","The meter, kilogram, and second are units of measurement."
1343,Вчера я купил пакет молока в магазине.,I bought a carton of milk yesterday.
1344,Катя вообще не пьёт молоко.,Katya doesn't drink milk at all.
1345,Я люблю чай с молоком.,I love tea with milk.
1346,Наш преподаватель всегда задаёт интересные вопросы.,Our teacher always asks interesting questions.
1347,Петя работает в университете ассистентом преподавателя.,Petya works as a teaching assistant at the university.
1348,На этой неделе наши преподаватели организовали научную конференцию.,Our teachers have organized a scientific conference this week.
1349,Недавно я купил новое зимнее пальто.,I bought a new winter coat recently.
1350,,
1351,Петя упал со стула.,Petya fell off his chair.
1352,"Подвинь стул, пожалуйста.","Move the chair, please."
1353,Мы купили крепкие деревянные стулья.,We bought sturdy wooden chairs.
1354,У Маши день рождения пятого июня.,Masha's birthday is on the 5th of June.
1355,Обожаю погоду в июне!,I really love the weather in June!
1356,"Дай мне ручку, пожалуйста.","Give me a pen, please."
1357,У меня нет с собой ручки.,I don't have a pen on me.
1358,Я люблю писать гелевой ручкой.,I love writing with a gel pen.
1359,Я пойду на свадьбу в костюме.,I'll go to the wedding in a suit.
1360,Этот костюм тебе идёт.,This suit looks good on you.
1361,Эти карнавальные костюмы очень красивые.,These carnival costumes are very beautiful.
1362,Моя подруга недавно закончила университет.,My friend recently finished a degree at the university.
1363,У меня две лучшие подруги.,I have two best friends.
1364,Вчера я видел твою подругу в магазине.,Yesterday I saw your friend at the store.
1365,Ты вчера был на лекции по экономике?,Did you attend the economics lecture yesterday?
1366,Лекция скучная.,The lecture is boring.
1367,Сегодня Миша опоздал на лекцию.,Misha was late for the lecture today.
1368,У моей бабушки день рождения пятого августа.,My grandmother's birthday is on the 5th of August.
1369,В августе уже начинает холодать.,It starts getting colder in August.
1370,Август – мой любимый месяц.,August is my favorite month.
1371,Где мой словарь?,Where is my dictionary?
1372,Я могу читать книги на английском языке без словаря.,I can read books in English without a dictionary.
1373,Посмотри значение этого слова в словаре.,Look up the meaning of this word in the dictionary.
1374,Мой любимый цвет – красный.,Red is my favourite color.
1375,Завтра в Москве выступит моя любимая группа.,My favorite band will perform in Moscow tomorrow.
1376,У меня нет любимой книги.,I don't have a favorite book.
1377,В ноябре на улице очень сыро и холодно.,It's very damp and cold outside in November.
1378,Я ненавижу холодный ветер.,I hate cold wind.
1379,"Кажется, у нас отключили холодную воду.",It seems that our cold water has been turned off.
1380,"Налей мне красного вина, пожалуйста.","Fill my glass with red wine, please."
1381,Маша не любит белое вино.,Masha doesn't like white wine.
1382,Я схожу в магазин за вином.,I'll go to the store to get some wine.
1383,Где здесь женский туалет?,Where is the ladies' room here?
1384,Недавно Маша открыла свой магазин женской обуви.,Masha has recently opened her own women’s shoe store.
1385,В этом магазине продаётся очень качественная женская одежда.,They sell a lot of high-quality women’s clothing in this store.
1386,Я испачкала своё любимое платье.,I stained my favorite dress.
1387,У меня пока нет платья на выпускной.,I don't have a dress for the graduation ceremony yet.
1388,Это пальто хорошо сочетается с платьем.,This coat goes well with the dress.
1389,Ты берёшь в поездку слишком много вещей.,You are taking too much stuff on the trip.
1390,Я не могу жить без поездок за рубеж.,I can't live without traveling abroad.
1391,Мне нужно оформить визу для поездки в Европу.,I need to get a visa to travel to Europe.
1392,Поезд едет до конечной станции.,This train goes to the end station.
1393,Эта станция метро очень красивая.,This metro station is very beautiful.
1394,Я приехал на станцию за полчаса до отправления поезда.,I arrived at the station half an hour before the train’s departure.
1395,У бабушки дома очень красивая мебель.,My grandmother has very beautiful furniture in her home.
1396,"Мне не нравится, когда в доме много мебели.",I don't it like when there's too much furniture in a house.
1397,Я купил квартиру уже с мебелью.,I bought a furnished apartment.
1398,Я передвинул кресло ближе к окну.,I moved the armchair closer to the window.
1399,Дедушка любит сидеть в кресле и читать книги.,My grandfather loves to sit in his armchair and read books.
1400,Моя кошка всегда спит у кресла.,My cat always sleeps next to the armchair.
1401,Мы идём в кино в субботу.,We are going to the cinema on Saturday.
1402,У меня суббота свободна.,I'm free on Saturday.
1403,Я уезжаю на дачу до субботы.,I'll be at my summerhouse until Saturday.
1404,Вася уже сходил в магазин и купил еды.,Vasya already went to the store and bought food.
1405,Я не люблю ходить в кафе и всегда сама готовлю еду.,"I don't like to eat in a café, so I cook for myself."
1406,"Холодильник сломался, и вся еда испортилась.",The refrigerator broke down and all the food went bad.
1407,Петя любит смотреть сериалы на английском.,Petya loves to watch TV series in English.
1408,Английский чай очень вкусный.,English tea is very tasty.
1409,"Дима не знает английского языка, но хочет его выучить.",Dima doesn't know English but he wants to learn it.
1410,В поезде нет свободных мест.,There are no vacant seats on the train.
1411,В московском метро есть свободный доступ в интернет.,There is free WiFi in the Moscow Metro.
1412,Что ты делаешь в свободное время?,What do you do in your spare time?
1413,"Я не помню, что было вчера.",I don't remember what happened yesterday.
1414,"Помните, как мы ездили в Берлин прошлым летом?",Remember our trip to Berlin last summer?
1415,Невозможно всё помнить.,It's impossible to remember everything.
1416,В моём загородном доме три этажа.,There are three floors in my summerhouse.
1417,Я живу на десятом этаже.,I live on the 10th floor.
1418,Мне тяжело подниматься пешком на девятый этаж.,It's hard for me to walk up to the 9th floor.
1419,Александр – доктор исторических наук и профессор.,"Alexandr has a PhD in History, and he is a professor."
1420,Историческая наука появилась в Древней Греции.,The study of history dates back to ancient Greece.
1421,В выходные мы поедем на исторический фестиваль.,We will go to a historical festival this weekend.
1422,У моей мамы день рождения двенадцатого февраля.,My mom has her birthday on the 12th of February.
1423,В феврале я уезжаю в Германию.,I'll go to Germany in February.
1424,В январе я поеду в Москву.,I'm going to Moscow in January.
1425,У моего брата день рождения тринадцатого января.,My brother has his birthday on the 13th of January.
1426,У моего мужа день рождения третьего декабря.,My husband has his birthday on the 3rd of December.
1427,В декабре обычно очень холодно.,It's usually very cold in December.
1428,У меня день рождения девятнадцатого мая.,My birthday is on the 19th of May.
1429,Я очень люблю погоду в мае.,I really love the weather in May.
1430,У Алины день рождения двадцатого ноября.,Alina has her birthday on the 20th of November.
1431,В ноябре выпадает первый снег.,The first snow falls in November.
1432,Больницу построили по решению городских властей.,The hospital was built after a decision by the municipal authorities.
1433,Городские жители вышли на митинг.,The city residents went to a rally.
1434,Концерт пройдёт на городской площади.,The concert will take place at the town square.
1435,Это очень важно для будущих поколений.,It's very important for future generations.
1436,Лёша – будущий инженер.,Lyosha is a future engineer.
1437,Тема будущей конференции — «Вопросы психологии».,"The theme of the future conference is ""Questions of psychology""."
1438,Катя решила преподавать русский язык в школе.,Katya decided to teach Russian at a school.
1439,Мой папа преподаёт философию в университете.,My father teaches philosophy at the university.
1440,Мои родители преподают математику в школе.,My parents teach mathematics at a school.
1441,Сергей пригласил Марию в ресторан.,Sergey invited Maria to a restaurant.
1442,Мои друзья пригласили меня в кино в эту пятницу.,My friends invited me to the cinema on Friday.
1443,Могу ли я пригласить Вас на танец?,Can I ask you to dance?
1444,Зачем он пришёл? Мы его не приглашали!,Why did he come? We didn’t invite him!
1445,Я приглашаю Вас на балет в эту субботу.,I’m inviting you to the ballet this Saturday.
1446,Петя каждый год приглашал меня на свой день рождения.,Petya invited me to his birthday party every year.
1447,Мои дети всегда радуются приезду гостей в наш дом.,My children are always happy when we have guests in our house.
1448,Напишите мне по приезде в Милан.,Write to me when you have arrived in Milan.
1449,Я так ждал вашего приезда!,I was waiting so much for you to come!
1450,Вася вчера не пришёл на лекцию. С ним всё в порядке?,Vasya didn’t come to yesterday’s lecture. Is he ok?
1451,Во сколько ты вчера пришла домой?,When did you come home yesterday?
1452,Мы пришли на йогу слишком поздно — все уже начали заниматься.,We came late to yoga class — everybody had already started exercizing.
1453,"Какие фильмы вам нравятся? Мне, к примеру, драмы.","What kind of movies do you like? I like dramas, for example."
1454,Картины Энди Уорхола — яркий пример поп-арта.,Andy Warhol's paintings are a vivid example of pop art.
1455,Я убедился в пользе изучения языков на примере своих детей.,I was convinced of the benefits of learning languages by the example of my own children.
1456,Что каждый из нас может сделать для природы?,What can each of us do for nature?
1457,В природе существует много видов птиц ― около восьми с половиной тысяч.,Тhere are many species of birds in nature ― about 8500.
1458,Как красива природа осенью!,How beautiful nature is in autumn!
1459,Сергей часто приходит к нам домой.,Sergey often comes to our house.
1460,В этот музей часто приходят школьники и студенты.,Schoolchildren and university students often come to this museum.
1461,Вчера к нам на лекцию приходил профессор из Гарварда.,A professor from Harvard came to our lecture yesterday.
1462,"Полиция сообщила, что нет причин для беспокойства.",The police said there was no reason to worry.
1463,По неизвестным причинам никто не хотел мне помочь.,"For unknown reasons, no one wanted to help me."
1464,Концерта сегодня не будет по причине болезни артиста.,The concert is canceled tonight because the singer is ill.
1465,"Мне будет приятно, если вы придёте на мой концерт.",It will make me happy if you come to my concert.
1466,Я пошла. Спасибо за приятное утро!,I'm leaving. Thank you for a lovely morning!
1467,В их доме всегда звучала приятная музыка.,There was always nice music in their house.
1468,Я не хочу продавать свою машину.,I don’t want to sell my car.
1469,Наши друзья продают квартиру.,Our friends are selling their apartment.
1470,Раньше в этом магазине продавали вкусный хлеб.,They used to sell very tasty bread in this store.
1471,Наш сосед — продавец на рынке.,Our neighbor is a salesman at the market.
1472,Продавцы начали украшать витрины к Новому году.,The salespeople have started to decorate shop windows for the New Year.
1473,"Спроси, пожалуйста, продавца, сколько стоит тот телевизор.",Please ask the salesman how much that TV costs.
1474,Петя решил продать свой дом.,Petya decided to sell his house.
1475,За сколько вы продали свою машину?,How much did you sell your car for?
1476,Он продал мне некачественный товар.,He sold me a defective product.
1477,"Если ничего не делать, такая ситуация будет продолжаться.","If nothing is done, this situation will continue."
1478,Матч продолжается со счётом три-ноль.,The match continues with a score of 3-0.
1479,На границе всю ночь продолжаются взрывы.,Explosions are continuing all night at the border.
1480,Стать счастливым — просто! Нужно только этого захотеть.,It’s easy to be happy! You just need to want it.
1481,Эта задача проще остальных.,This task is easier than the others.
1482,Вы не знаете простых способов выздороветь?,Do you know any simple ways to get well?
1483,Ко мне подошёл маленький мальчик с просьбой помочь: он не мог найти своих родителей.,A little boy came to me asking for help: he couldn’t find his parents.
1484,"Уважаемые зрители, просьба выключить мобильные телефоны на время спектакля!","Dear audience, please turn off your mobile phones during the show!"
1485,Я пришла сюда по просьбе директора компании.,I came here by request of the director of the company.
1486,,
1487,К нам приехал профессор из Оксфорда.,A Professor from Oxford came to visit us.
1488,В детстве он даже не мечтал стать профессором!,He did not even dream of becoming a Professor when he was a child!
1489,Мы пришли на лекцию профессора из Германии.,We came to the lecture by a Professor from Germany.
1490,В музее сейчас проходит интересная выставка.,There is an interesting exhibition at the museum now.
1491,Дни в отпуске проходят слишком быстро.,When you are on vacation the days go by too fast.
1492,"Мы проходили мимо нового кафе, когда возвращались домой.",We passed by the new cafe on our way home.
1493,В магазине сейчас скидки — пятьдесят процентов!,There is a sale at the store now — 50% discount!
1494,Транспортный налог увеличится на четыре процента со следующего года.,The transportation tax will increase by 4% starting next year.
1495,На выборах важен каждый процент голосов!,Every percentage of votes is important in elections!
1496,В прошлом году мы летали в Австралию.,Last year we flew to Australia.
1497,Я работаю в этой школе с прошлого года.,I have been working in this school since last year.
1498,На прошлой неделе мы ходили в театр.,We went to the theater last week.
1499,Нужно учиться прощать своих врагов.,One needs to learn how to forgive one's enemies.
1500,Я ухожу навсегда! Прощай!,I'm leaving forever! Goodbye!
1501,"На этот раз я тебя прощаю, но больше так не делай!","This time I forgive you, but don't ever do that again!"
1502,Пострадавшим в аварии потребовалась помощь психологов.,The victims of the accident needed the help of psychologists.
1503,В российских школах теперь есть психологи.,There are now psychologists in Russian schools.
1504,Мой следующий приём у психолога в эту пятницу.,My next psychologist appointment is this Friday.
1505,Как называются эти птицы?,What are these birds called?
1506,Какая красивая птица! Это ты нарисовал?,What a beautiful bird! Was it you who drew it?
1507,Я увидела стаю птиц в небе.,I saw a flock of birds in the sky.
1508,Кто не любит путешествовать?,Who doesn’t like to travel?
1509,Я никогда ещё не путешествовал так далеко один.,I’ve never traveled so far alone before.
1510,"До рождения детей мы много путешествовали, а сейчас сидим дома.","We used to travel a lot before we had children, but now we stay at home."
1511,Во время рабочей недели я очень занят и очень устаю.,During week days I’m very busy and I get very tired.
1512,Срок изготовления новой карты — десять рабочих дней.,The time it takes to issue a new card is 10 working days.
1513,Вот мой рабочий номер. Звоните!,Here’s my work number. Call me!
1514,Мои дети — моя радость.,My children are my joy.
1515,"Когда в жизни мало радости, я еду путешествовать.","When I have little joy in my life, I go traveling."
1516,Я с радостью приду на твой день рождения! Спасибо за приглашение!,I’ll be happy to come to your birthday party! Thank you for the invitation!
1517,Вчера у меня был неприятный разговор с начальником.,I had unpleasant conversation with my boss yesterday.
1518,Из разговора с Андреем я узнал много интересного.,I learned a lot of interesting things from our conversation with Andrey.
1519,Мы знали о ней только из разговоров.,We knew about her only from conversations with others.
1520,Что рассказал тебе Паша?,What did Pasha tell you?
1521,"Рассказать тебе, как я съездил в Сингапур?",Do you want me to tell you about my trip to Singapore?
1522,"Пойдём, я расскажу тебе сказку.","Let’s go, I’ll tell you a fairy-tale."
1523,Мой папа всегда рассказывает интересные истории.,My father always tells interesting stories.
1524,Я не умею рассказывать анекдоты.,I don't know how to tell jokes.
1525,Он никогда не рассказывал о своём прошлом.,He never talked about his past.
1526,У нас в саду растёт настоящая сакура.,There is a real sakura growing in our garden.
1527,Как быстро растут дети!,How fast the children grow!
1528,Население Москвы в ближайшие годы будет только расти.,The population of Moscow will only grow in the coming years.
1529,"Ребята, пойдём в кино?","Guys, shall we go to the cinema?"
1530,Около ста ребят сдали экзамен на «отлично».,Around a hundred kids passed the exam with an A+.
1531,Мы с ребятами пойдём играть в футбол. Вернусь поздно!,We’re going to play football with the guys. I’ll be back late!
1532,Это фильм известного итальянского режиссёра.,This is a film by a famous Italian director.
1533,,
1534,,
1535,В результате взрыва погибли двадцать человек.,Twenty people died as a result of the explosion.
1536,Результаты выборов будут известны утром.,The election results will be known in the morning.
1537,Результат исследования ещё не готов.,The result of the study is not ready yet.
1538,Четырнадцатое июля — главный праздник для Французской республики.,The fourteenth of July is the main holiday for the French Republic.
1539,В Доминиканской республике сейчас сезон дождей.,It's the rainy season in the Dominican Republic now.
1540,Эта страна — республика или монархия?,Is this country a republic or a monarchy?
1541,Я не умею решать такие задания.,I don’t know how to solve such problems.
1542,Он уже два часа решает одно задание.,He’s been solving one problem for 2 hours already.
1543,"Они решают, где праздновать свадьбу.",They are deciding where to have the wedding.
1544,"Он ещё не решил, куда ехать в отпуск.",He hasn’t decided yet where to go for vacation.
1545,Мы решили переехать в Москву.,They decided to move to Moscow.
1546,Что ты решила насчёт новой работы?,What have you decided about the new job?
1547,Мальчик рисует кошку.,The boy is drawing a cat.
1548,В детстве я много рисовал.,I used to draw a lot in childhood.
1549,Я не умею рисовать людей.,I don't know how to draw people.
1550,"Он жил за границей двадцать лет, а потом вернулся на родину.","He lived abroad for twenty years, and then came back home."
1551,Я никогда не выезжал за пределы родины.,I've never been out of the country.
1552,Моя родина — Россия.,Russia is my motherland.
1553,Кем работают твои родители?,Who do your parents work as?
1554,Дети не должны плавать без родителей.,Children should not swim unattended.
1555,"Когда я был маленьким, мы с родителями каждый год ездили на море.","When I was little, my parents and I used to go to the sea every year."
1556,Я родился в 1996 году.,I was born in 1996.
1557,В прошлом году у меня родилась дочка.,I had a daughter last year.
1558,Мы с мужем родились в один день.,I was born on the same day as my husband.
1559,Он мечтал сыграть роль Гамлета.,He was dreaming about playing the role of Hamlet.
1560,В фильме снялся Леонардо ди Каприо в роли Джека.,Leonardo di Caprio starred as Jack in this movie.
1561,Какая из ролей вам больше всего понравилась?,Which of the roles did you like the most?
1562,Овощи и фрукты я покупаю на рынке.,I buy fruits and vegetables at the market.
1563,Мама только что вернулась с рынка.,Mom has just returned from the market.
1564,В этом городе есть хороший рынок?,Is there a good market in the town?
1565,Садитесь на седьмой ряд — там есть два свободных места.,Sit in row seven — there are two empty seats there.
1566,У мужчины из второго ряда зазвонил телефон.,The man in the second row had his phone ringing.
1567,В ряде городов в этом году пройдут выборы мэров.,A number of cities will hold mayoral elections this year.
1568,Он никогда не садится за руль чужой машины.,He never drives anyone else’s car.
1569,Мне больно садиться — у меня болит спина.,It hurts me to sit down — my back hurts.
1570,Андрей не садился ужинать без семьи.,Andrey wouldn’t sit down to dinner without his family.
1571,,
1572,Моя новая причёска на десять сантиметров короче.,My new haircut is 10 centimeters shorter.
1573,Мой рост — сто семьдесят два сантиметра.,My height is 172 centimeters.
1574,Я купила новые осенние сапоги.,I bought new boots for autumn.
1575,Мне жарко в этих сапогах сегодня.,I’m too hot in these boots today.
1576,Эта сумка подходит к моим сапогам.,This purse goes with my boots.
1577,У вас есть шампунь для светлых волос?,Do you have shampoo for blond hair?
1578,У неё были красивые светлые волосы и голубые глаза.,She had blond hair and blue eyes.
1579,Он надел светлую рубашку и синие брюки.,He put on a light-colored shirt and blue pants.
1580,"Мы решили сдавать нашу старую квартиру, а не продавать её.","We decided to rent our old apartment, not to sell it."
1581,Мы раньше не сдавали эту квартиру.,We have never rented this apartment before.
1582,Как долго он сдавал свой дом?,How long did he rent his house for?
1583,Я никогда не была на севере России.,I've never been to the North of Russia.
1584,Куда дальше: на север или на юг?,Where next: to the North or to the South?
1585,Мы едем к северу острова.,We are going to the northern part of the island.
1586,Секретарь сегодняшней комиссии — Иванов Иван.,Ivan Ivanov is the secretary of today’s committee.
1587,Вы уже нашли кого-то на должность секретаря?,Have you already found someone for the position of secretary?
1588,Моя сестра начинала работать секретарём.,My sister started working as a secretary.
1589,Он разбил мне сердце!,He broke my heart!
1590,Он говорит от сердца. Он всегда говорит искренне.,He is talking from the heart. He always talks sincerely.
1591,"Свою жену я выбирал сердцем, а не головой.","I chose my wife with my heart, not with my head."
1592,Он сел за стол и начал есть.,He sat down at the table and began to eat.
1593,В ресторане я села за столик рядом с окном.,I sat down at a table by the window in the restaurant.
1594,"В библиотеке негде было сесть, поэтому я пошла работать в кафе.","There was no place to sit in the library, so went to work in a cafe."
1595,Не одолжите сигарету?,Could you lend me a cigarette?
1596,Из поездок он привозит алкоголь и сигареты.,He brings alcohol and cigarettes home from his trips.
1597,Я не люблю запах сигарет.,I don't like the smell of cigarettes.
1598,Напротив меня сидел симпатичный парень.,A nice guy was sitting across from me.
1599,"Андрей мне симпатичен, но я люблю Антона.",Andrey is nice but I love Anton.
1600,Его сестра — симпатичная и общительная девушка.,His sister is a pretty and sociable girl.
1601,В компьютере произошёл сбой системы.,The computer system has failed.
1602,В одной из систем самолёта возникла проблема.,There is a problem in one of the airplane’s systems.
1603,Система связи в аэропорте должна работать идеально.,The communication system at the airport must work perfectly.
1604,Моя любимая сказка — «Спящая красавица».,Sleeping Beauty is my favorite fairy-tale.
1605,Я купила детям книжку русских сказок.,I bought a book of Russian fairy-tales for my children.
1606,Какой красивый лес! Как из сказки!,What a beautiful forest! Like from a fairy-tale!
1607,Аня учится играть на скрипке.,Anya is learning to play the violin.
1608,Он не любит звук скрипки.,He doesn’t like the sound of the violin.
1609,Александр — очень известный коллекционер скрипок.,Alexander is a very famous collector of violins.
1610,Я купил тебе маленький сладкий подарок!,I bought you a sweet little present.
1611,Эта конфета слишком сладкая.,This candy is too sweet.
1612,Спокойной ночи! Сладких снов!,Goodnight! Sweet dreams!
1613,Мне сложно учиться в музыкальной школе.,It's difficult for me to study at the conservatory.
1614,"Учить китайский было сложнее, чем испанский.",It was more difficult for me to learn Chinese than Spanish.
1615,В этом году у нас сложные предметы.,We have difficult subjects this year.
1616,В таком случае я не буду работать над этим проектом!,"In that case, I will not work on this project!"
1617,Что обычно делают пилоты в таких случаях?,What do pilots usually do in such situations?
1618,В большинстве случаев самолёт — самый безопасный вид транспорта.,In most cases an airplane is the safest means of transport.
1619,"Чудеса случаются, когда их не ждёшь.",Miracles happen when you don’t expect them.
1620,"Часто случается, что дети выбирают профессию родителей.",It often happens that children choose the same profession as their parents.
1621,Со мной такого никогда не случалось.,Nothing like this ever happened to me before.
1622,Случилось страшное: самолёт разбился.,A frightening thing happened: the plane crashed.
1623,"Никогда не знаешь, что случится завтра.",You never know what will happen tomorrow.
1624,Что может с нами здесь случиться? Не переживай!,What could happen to us here? Don’t worry!
1625,Я люблю слушать шум моря.,I like to listen to the sound of the sea.
1626,Слушай учительницу внимательно! Не отвлекайся!,Listen carefully to the teacher! Don’t get distracted!
1627,"Я совсем не слушала, что он говорил.",I didn’t listen at all to what he was talking about.
1628,"Ты не слышал, куда нам нужно идти?",Have you heard where we have to go?
1629,"На концерте было слишком громко, поэтому они не слышали друг друга.",It was too loud at the concert that’s why they didn’t hear each other.
1630,Я никогда не слышала этой песни.,I've never heard that song.
1631,На концерте было очень смешно.,It was a lot of fun at the concert.
1632,Это очень смешное кино.,This is such a funny movie.
1633,Мой кот такой смешной!,My cat is so funny!
1634,Почему они смеются?,Why are they laughing?
1635,"Я люблю, когда мой сын смеётся.",I love it when my son is laughing.
1636,Мы смеялись целый вечер над его шутками.,We laughed at his jokes the whole evening.
1637,Я не люблю собирать грибы.,I don't like picking mushrooms.
1638,Они собирают магниты на холодильник из разных стран.,They are collecting refrigerator magnets from various countries.
1639,В детстве мы собирали марки.,We used to collect stamps in childhood.
1640,Внутри этого собора очень красиво!,It’s very beautiful inside that cathedral!
1641,На этой площади находится сразу пять соборов.,There are 5 cathedrals on this square.
1642,В Москве мне понравился собор Василия Блаженного.,I liked Saint Basil's Cathedral in Moscow.
1643,Собрание началось вовремя.,The meeting started on time.
1644,После собрания мы пошли в кафе.,After the meeting we went to the cafe.
1645,Что вы обсуждали на собрании?,What did you discuss at the meeting?
1646,Я хочу собрать на праздник всех своих друзей.,I want to get all my friends together for the celebration.
1647,Он собрал все старые вещи в одну коробку.,He put all his old stuff in a box.
1648,"Чемоданы собраны, пора ехать в аэропорт.","The suitcases are ready, it’s time to go to the airport."
1649,Я не спрашивала у вас совета!,I didn’t ask for your advice!
1650,Мне нужен твой совет.,I need your advice.
1651,Родители всегда дают мне хорошие советы.,My parents always give me good advice.
1652,Я не советую тебе ехать в этот город.,I don't advise you to go to that city.
1653,Врачи советуют спать семь часов в сутки.,Doctors recommend sleeping 7 hours every night.
1654,Друг советовал Сергею поторопиться.,A friend advised Sergey to hurry up.
1655,"К сожалению, платья этого размера закончились.","Unfortunately, all the dresses in this size are sold out."
1656,"Как сообщает пресс-служба компании, новый директор начнёт работу с завтрашнего дня.","According to the company's public affairs office, the new director will start work tomorrow."
1657,Она просила никому не сообщать эту информацию.,She asked not to give this information to anybody.
1658,Она никому не сообщала о своих планах.,She didn’t tell anybody about her plans.
1659,Я не видела твоего сообщения.,I didn’t see your message.
1660,Сообщение не было доставлено.,The message was not delivered.
1661,В сообщении было указано место и время встречи.,The place and time of the meeting were stated in the message.
1662,Из соседних машин звучала громкая музыка.,Loud music was coming from nearby cars.
1663,В соседнем доме живёт моя лучшая подруга.,My best friend lives nextdoor.
1664,Я никогда не ходил обедать в соседние рестораны.,I've never gone to the nearby restaurants to eat dinner.
1665,Вам нужна консультация специалистов.,You need expert advice.
1666,Настраивать оборудование приехали специалисты из Германии.,Specialists from Germany came to fix the equipment.
1667,Я не специалист в этой области.,I’m not an expert in that sphere.
1668,Ты опять забыл купить спички?,Did you forget to buy matches again?
1669,"Оказалось, у нас в доме нет спичек.",It turned out there are no matches in the house.
1670,Он взял спичку и поджёг свечу.,He took a match and lit the candle.
1671,"Он не фанат спортивных соревнований, но иногда смотрит футбол.","He is not a fan of athletic competitions, but he watches football sometimes."
1672,Мой спортивный костюм стал мне мал.,My athletic uniform got too small for me.
1673,Мои дети очень спортивные и талантливые.,My children are very athletic and talented.
1674,Каждая команда состояла из шести спортсменов.,Each team was composed of six athletes.
1675,Спортсмены были готовы к соревнованиям.,The athletes were ready for the competition.
1676,Тренер дал спортсменам задание.,The coach gave the athletes an assignment.
1677,Его рост выше среднего.,His height is above average.
1678,Её средний сын пошёл в школу в этом году.,Her middle son started school this year.
1679,Он изучает историю Средних веков.,He studies the history of the Middle Ages.
1680,Петя пошёл на кухню ставить чайник.,Petya went into the kitchen to turn the teakettle on.
1681,Андрей всегда справедливо ставит оценки своим ученикам.,Andrey is always fair in giving grades to his students.
1682,Почему они ставят стол в эту комнату?,Why are they putting the table in that room?
1683,"Дай мне стакан молока, пожалуйста.",Please give me a glass of milk.
1684,Я не люблю пить из стакана. ,I don’t like to drink from а glass.
1685,Кто помоет стаканы?,Who will wash the glasses?
1686,Мой компьютер сломался от старости. ,My computer broke because it was old.
1687,Старость его не пугает. ,Old age doesn’t scare him.
1688,Мы не могли закончить ремонт без строителей.,We couldn’t complete the renovation without builders
1689,Строители оставили в квартире много мусора. ,The builders left a lot of trash in the apartment.
1690,Сколько вы заплатили строителям?,How much did you pay the builders?
1691,Он не сумел запомнить её номер телефона. ,He didn’t manage to memorize her telephone number.
1692,Мы сумели сделать торт!,We managed to make a cake!
1693,Она не сумела вспомнить его имя.,She didn’t manage to remember his name.
1694,Магазин работает двадцать четыре часа в сутки.,The store is open 24/7.
1695,Я не спал двое суток и очень устал.,I haven’t slept for two days and am very tired.
1696,В детстве она могла танцевать сутками!,As a child she could dance all day long!
1697,Какой твой главный талант?,What’s your biggest talent?
1698,У неё много талантов.,She has many talents.
1699,Без таланта сложно стать певцом.,It’s difficult to become a singer without talent.
1700,Ирландские танцы - мои любимые. ,Irish dances are my favorite.
1701,Катя записалась в школу танцев. ,Katya signed up for dance lessons.
1702,Я люблю этот танец. ,I love that dance.
1703,Ты помыл тарелку?,Have you washed the plate?
1704,Где наши новые тарелки?,Where are our new plates?
1705,У нас слишком мало тарелок. ,We have too few plates.
1706,"Я люблю, когда на хлебе есть твёрдая корочка. ",I like it when bread has a hard crust.
1707,Это очень твёрдые металлы. ,Those are very hard metals.
1708,Он увидел перед собой высокую твёрдую стену. ,He saw a tall solid wall in front of him.
1709,Правая сторона его тела сильно болела после падения. ,The right side of his body hurt a lot after he fell down.
1710,"У вас только одно тело, берегите его!","You have only one body, take care of it!"
1711,Как ты ухаживаешь за телом?,How do you take care of your body?
1712,Зимой на улице темно уже в пять часов вечера. ,"In winter, it’s dark outside already at five pm."
1713,У него нет тёмных очков.,He doesn’t have any dark glasses.
1714,На экране появились странные тёмные полосы. ,Strange dark stripes appeared on the screen.
1715,Я мою посуду только тёплой водой. ,I wash the dishes with warm water only.
1716,"Идите есть, суп ещё тёплый. ","Go eat, the soup is still warm!"
1717,Вчера на улице было теплее. ,Yesterday it was warmer outside.
1718,Что есть на территории парка?,What is there on the park’s territory?
1719,Присоединение новых территорий не интересно государствам в двадцать первом веке. ,Acquiring new territories is of no interest to countries in the twenty-first century.
1720,Как пройти на территорию Московского Кремля?,How to get to the grounds of the Moscow Kremlin?
1721,Он постоянно теряет свои вещи.,He's always losing his things.
1722,Ей больше нечего терять. ,She has nothing to loose anymore.
1723,Деньги со временем теряют свою ценность. ,"In time, money loses its value."
1724,Он купит торт к ужину?,Will he buy a cake for the dinner?
1725,Они пришли к нам в гости с тортом и цветами.,They came to our place with flowers and a cake.
1726,"Я уже съела два куска торта, но хочу ещё.",I have already eaten two pieces of cake but I want some more.
1727,В этом предложении нет точки. ,There is no period in this sentence.
1728,Они поставили точку в этом деле. ,They put an end to this case.
1729,Это твоя точка зрения на вопрос. А что говорят учёные?,That's your point of view on the question. What do scientists say about it?
1730,Он любит тратить деньги на новую одежду. ,He likes to spend money on new clothes.
1731,Сколько денег они тратят на этот проект?,How much money are they spending on this project?
1732,Она никогда не тратит лишнего. ,She never spends more money than necessary.
1733,Он без труда решит задачу по математике. ,He can easily solve a math problem.
1734,Последние два километра я бежала с трудом. ,I had a hard time running the last two kilometers.
1735,Почему вы не цените труд учителей?,Why don’t you appreciate the teachers’ efforts?
1736,Где мои красные туфли?,Where are my red shoes?
1737,Она шла по улице с туфлями в руках. ,She was walking down the street carrying her shoes in her hands.
1738,У Ани не было красивых туфель. ,Anya didn’t have any nice-looking shoes.
1739,Мне тяжело работать по ночам. ,It’s hard for me to work at night.
1740,У моего мужа тяжёлая работа. ,My husband has a tough job.
1741,Она очень устала от тяжёлых сумок. ,She got very tired from carrying heavy bags.
1742,Как люди могут убивать друг друга?,How can people kill each other?
1743,"Врачи говорят, что курение убивает. ",Doctors say that smoking kills.
1744,На войне каждый день убивают людей. ,At war people are killed every day.
1745,"Уважаемые зрители, просьба отключить мобильные телефоны!","Dear guests, turn off your mobile phones, please!"
1746,"Уважаемый Сергей Петрович, разрешите поздравить Вас с Днём рождения!","Dear Sergey Petrovich, let me congratulate you on your birthday! "
1747,Мне было неприятно это слышать от уважаемых людей. ,It was unpleasant for me to hear that from respected people.
1748,Закон надо уважать!,The law must be respected!
1749,Эти дети совсем не уважают своих учителей. ,Those children don't respect their teachers at all.
1750,"Я уважаю его мнение, но я с ним не согласен.","I respect his opinion, but I don't agree with it."
1751,"Я не уверен, что буду на работе вовремя.",I'm not sure that I'll get to work on time.
1752,Они уверены в своём решении.,They are sure about their decision.
1753,Она всегда уверена в себе.,She's always self-confident.
1754,"Ничего удивительного, что он сегодня опоздал. Он всегда опаздывает.",No wonder he was late today. He is always late.
1755,"Удивительно, но я не устала после бега.","Surprizingly, I didn't get tired after running."
1756,Она удивительная девушка!,She is an amazing girl!
1757,Мне удобно работать утром.,It's convenient for me to work in the morning.
1758,Куда вам удобнее приехать?,Where is it better for you to come to?
1759,При каждом удобном случае моя соседка заводит разговор о своём сыне.,My neighbor talks about her son every chance she gets.
1760,Он не хотел уезжать из Москвы.,He didn't want to leave Moscow.
1761,Куда уезжают эти дети?,Where are those children going?
1762,Она часто уезжала с работы на машине.,She often came home from work by car.
1763,- Где Иван? - Он уехал в Италию.,- Where is Ivan? - He went to Italy.
1764,Катя хотела уехать из Санкт-Петербурга.,Katya wanted to leave Saint Petersburg.
1765,"Мы уехали отдыхать, вернёмся через две недели.","We left for vacation, we'll be back in two weeks."
1766,Эти джинсы слишком узкие для меня.,These jeans are too tight for me.
1767,Впереди она увидела узкую дорогу.,She saw a narrow road ahead.
1768,Они стояли в узком коридоре.,They were standing in a narrow corridor.
1769,В школе мой сын узнаёт много нового.,My son learns a lot of new things at school.
1770,Он любил узнавать новости из газет.,He liked to get news from newspapers.
1771,Павел обычно не узнавал прогноз погоды на день.,Pavel usually didn't read the day’s forecast.
1772,Куда ты ушёл? Я тебя ищу!,Where did you go? I've been looking for you.
1773,Она уже ушла домой.,She went home already.
1774,"Мы ушли из того ресторана, потому что там было слишком шумно.",We left the restaurant because it was too noisy.
1775,"Она шла по улице, улыбаясь всем вокруг.",She was walking down the street smiling at everyone.
1776,"Моя дочка всегда улыбается, когда видит конфету.",My daughter always smiles when she sees candy.
1777,Он редко улыбался.,He rarely smiled.
1778,Слава посмотрел на меня и улыбнулся.,Slava took a look at me and smiled.
1779,Я улыбнулась ему в ответ.,I smiled back at him.
1780,Почему ты всегда такой серьёзный? Разве сложно улыбнуться?,Why are you always so serious? Is it so hard to smile?
1781,Он без ума от своей жены.,He is crazy about his wife.
1782,"Он считает, что ум — главное качество в людях.",He thinks that intelligence is the most important quality in people.
1783,"Есть можно всё, но с умом.","One can eat everything, but in moderation."
1784,Осторожно! Он не умеет плавать!,Be careful! He doesn't know how to swim!
1785,Мои дети умеют играть на гитаре.,My children can play the guitar.
1786,Я не умею ездить на велосипеде.,I don't know how to ride a bike.
1787,"Вася упал, когда бежал к автобусу.",Vasya fell when he was running toward the bus.
1788,"Ты не видел, куда упала моя шапка?",Did you see where my hat fell?
1789,Осторожно! Ты можешь упасть!,Be careful! You might fall!
1790,"Он услышал, что в комнате звонит телефон.",He heard the phone was ringing in the room.
1791,Здравствуйте! Могу я услышать Александру?,Hello! Can I talk to Alexandra?
1792,Они услышали стук в дверь.,They heard a knock at the door.
1793,Он много работал и добился успеха.,He worked hard and acheived success.
1794,Успех других людей меня вдохновляет.,Other people's success inspires me.
1795,Спектакль прошёл с успехом.,The show was a great success.
1796,Покажите мне устав вашей компании.,Show me your company's charter.
1797,Этого в уставе школы не написано!,There is nothing about this in the school rules.
1798,Они решили действовать в соответствии с уставом фирмы.,They decided to act according to the firm's charter.
1799,"На улице так холодно, что я не чувствую свои уши!",It's so cold outside that I can't feel my ears!
1800,Мне в ухо дул сильный ветер.,A strong wind was blowing in my ear.
1801,Мне нужны капли для ушей.,I need ear drops.
1802,"Он не любит прощаться, поэтому всегда уходит незаметно.","He doesn't like to say goodbye, that's why he always leaves quietly."
1803,Куда они уходят? Мы же хотели поговорить!,Where are they going? We wanted to talk!
1804,Здесь так хорошо! Я не хочу уходить.,It's so nice here! I don't want to go away.
1805,Андрей не хочет участвовать в этом спектакле.,Andrey doesn't want to take part in this play.
1806,Петя участвовал в этой игре.,Petya participated in that game.
1807,Вы участвовали в той драке?,Did you participate in that fight?
1808,В нашей библиотеке нет учебной литературы.,There are no textbooks in our library.
1809,Первое сентября в России — начало учебного года.,September 1st is the beginning of the school year in Russia.
1810,Наши сотрудники получили образование в лучших учебных заведениях России.,Our employees graduated from the best educational institutions in Russia.
1811,Она участвовала в подготовке фестиваля песен.,She took part in the preparation of a song festival.
1812,На фестивале будет много известных певцов.,There will be many famous singers at the festival.
1813,Фестиваль документального кино начался в эту субботу в Берлине.,A documentary film festival began on Saturday in Berlin.
1814,Мы приехали в Барселону посмотреть на поющие фонтаны.,We came to Barcelona to see the singing fountains.
1815,"Давай встретимся на площади, рядом с фонтаном.","Let's meet in the square, next to the fountain."
1816,Ты уже видела этот фонтан?,Have you already seen that fountain?
1817,Хирург начал операцию.,The surgeon started the operation.
1818,Профессия хирурга очень ответственная.,The profession of a surgeon carries a lot of responsibility.
1819,В нашей больнице работают лучшие хирурги в городе.,The city's best surgeons work in our hospital.
1820,"""Мы не знаем!"" — хором ответили девочки. ","""We don't know!"", the girls answered in unison."
1821,К нам в театр приехал лучший хор России.,The best choir in Russia came to our theatre.
1822,В фестивале участвуют хоры из двадцати стран.,Choirs from twenty countries are participating in the festival.
1823,"Почему говорят, что лев — царь зверей?","Why is the lion called the ""king of beasts""?"
1824,После смерти царя началась новая эпоха. ,A new era began after the death of the tsar.
1825,"Пётр I стал царём, когда ему было десять лет.",Peter the Great became tzar when he was ten years old.
1826,У вас есть цветной принтер?,Do you have a color printer?
1827,Почему у тебя нет цветных карандашей?,Why don't you have any colored pencils?
1828,Мне нужны цветные маркеры для работы.,I need colored markers for work.
1829,Он всегда целует её на прощание.,He always kisses her when saying goodbye.
1830,Пока! Целую! Увидимся завтра!,Bye! Kisses! See you tomorrow!
1831,Он никогда не целовал её при встрече.,He never kissed her when they met.
1832,Я целый день учился и очень устал.,I was studying all day long and got very tired.
1833,"Прошла целая вечность, пока я вас ждала.",I've been waiting for your for a whole eternity.
1834,Я ничего о тебе не слышала целую неделю.,I haven't heard anything about you for a whole week.
1835,"Каждый любит, когда его ценят.",Everybody likes to be appreciated.
1836,Спасибо! Я очень ценю Ваше мнение!,Thank you! I appreciate your opinion very much!
1837,Он не умеет ценить чужую работу.,He can't appreciate the work of others.
1838,Я буду ждать тебя у центрального входа.,I'll be waiting for you at the main entrance.
1839,Для исследования учёные выбрали страны Центральной Европы.,Researchers selected central European countries for the study.
1840,В Милане мне особенно понравилась центральная площадь с собором. ,"In Milan, I particurlarly liked the central square with the cathedral."
1841,"Чёрт возьми, я совсем об этом забыла.","Oh my god, I completely forgot about it!"
1842,"Я зла, как тысяча чертей!",I'm as angry as a thousand devils!
1843,К чёрту уроки! Пойдём в кино!,Forget the classes! Let's go to the cinema!
1844,"Я не брал твою машину, честное слово!",I swear I didn't take your car!
1845,В этом магазине работают честные продавцы.,There are honest people working in this shop.
1846,В мире так мало честных людей!,There are so few honest people in the world!
1847,Мне нужна только ручка и чистый лист бумаги.,All I need is a pen and a blank piece of paper.
1848,Мама поставила в шкаф чистую посуду.,Mother put the clean dishes in the cupboard.
1849,После стирки рубашка снова стала идеально чистой.,After washing the shirt was perfectly clean again.
1850,Что найдёт читатель в этой книге?,What can a reader find in that book?
1851,Он часто получал письма от читателей его книг.,He often got letters from the readers of his books.
1852,Что Вы ждёте от читателя Ваших книг?,What do you expect from the reader your books?
1853,Она находила радость в чтении.,She found joy in reading.
1854,Какие у вас чувства после чтения этой книги?,What are your feelings after reading this book?
1855,Недавно чтение стало моим любимым хобби.,Reading has recently become my favorite hobby.
1856,"Было такое чувство, что я уже видел этого человека.",I had a feeling that I've seen that person before.
1857,Он не скрывал своих чувств к ней.,He didn't hide his feelings for her.
1858,Он устал от постоянного чувства вины.,He was worn out from a constant feeling of guilt.
1859,Надень шапку! Холодно!,Put on your hat! It's cold outside!
1860,Она всегда ходит без шапки.,She never wears a hat.
1861,"Я забыл, где лежит моя шапка.",I forgot where my hat is.
1862,Ты любишь играть в шахматы?,Do you like to play chess?
1863,"В детстве он учился шахматам, но сейчас всё забыл.","He learned how to play chess as a child, but now he has forgotten everything."
1864,Почему у нас в доме нет шахмат?,Why don't we have a chess set at home?
1865,Из леса мы вышли на широкую дорогу.,We came out of the forest onto a wide road.
1866,Он был человеком широких взглядов.,He was an open-minded man.
1867,"И поэтому наш журнал, несмотря на все изменения, будет оставаться традиционным в широком смысле слова.","And thus, despite all the changes, our magazine will remain traditional in the broad sense of the word."
1868,Перед нами шла группа школьников.,A group of students was walking in front of us.
1869,Куда идут эти школьники?,Where are those students going?
1870,Мой сын больше не школьник. Он закончил школу в этом году.,My son is not a student at school anymore. He graduated from school last year.
1871,Она купила кофе и плитку шоколада.,She bought coffee and a chocolate bar.
1872,Больше всего на свете мои дети любят шоколад.,My kids love chocolate more than anything in the world .
1873,Хочешь булочку с шоколадом?,Do you want a chocolate bun?
1874,"Я люблю слушать, как шумит море.",I like to listen to the sound of the sea.
1875,Чайник на кухне громко шумел.,The tea kettle in the kitchen was making a loud noise.
1876,В соседней комнате шумят дети.,Children are making noise in the next room.
1877,С огнём лучше не шутить!,Don't play with fire!
1878,Мои родители всё время шутят.,My parents are always making jokes.
1879,Не обижайся! Я же шучу!,Don't get offended! I'm just joking!
1880,Это совсем не смешная шутка!,This is not a funny joke!
1881,Мне нравятся шутки моего мужа.,I like my husband's jokes.
1882,"Он не на шутку расстроился, когда узнал это.",He was very upset when he found out about it.
1883,Бабушка сварила сегодня кастрюлю щей.,Grandma cooked a pot of shchi today.
1884,Щи — мой любимый суп.,Shchi is my favorite soup.
1885,На обед он съел картошку со щами.,For lunch he ate potatoes and shchi.
1886,В нём всегда много энергии и интересных идей.,He's always full of energy and interesting ideas.
1887,Солнечная энергия экологичнее атомной?,Is solar energy more eco-friendly than atomic energy?
1888,Где найти энергию для работы?,Where can I find the energy to work?
1889,Зимой я не хожу в юбке — холодно.,I don't wear a skirt in winter -- it's cold outside.
1890,Она хочет купить новую юбку.,She wants to buy a new skirt.
1891,Что надеть с этой юбкой?,What should I wear with this skirt?
1892,Я никогда не была на юге Италии.,I have never been to the South of Italy.
1893,Осенью птицы улетают на юг.,Birds fly south in autumn.
1894,Ветер с юга принёс нам дождь.,The wind from the South brought us rain.
1895,В юности она занималась волейболом.,She played volleyball when she was young.
1896,Юность — счастливое время в жизни человека.,Youth is the happiest period in one’s life.
1897,Он с юности начал играть в футбол. ,He started playing soccer when he was young.
1898,Санкт-Петербург является культурной столицей России.,Saint Petersburg is the cultural capital of Russia.
1899,Правила являются частью игры.,The rules are part of the game.
1900,Примером успешных людей могут являться певцы и актёры.,Singers and actors are examples of successful people.
1901,Он сварил компот из ягод.,He made a berry compote.
1902,Какие ягоды здесь растут?,What kinds of berries grow here?
1903,Он купил пирог с ягодами.,He bought a berry pie.
1904,Желаю тебе много ярких дней!,I wish you a lot of bright days!
1905,У неё были яркие голубые глаза.,She had bright blue eyes.
1906,Ей нравится яркий цвет в одежде.,She likes bright colors in clothes.
1907, “Желаем вам счастья и здоровья!”,“We wish you happiness and good health!”
1908,"К счастью, я не заболел.","Fortunately, I didn't get sick."
1909,"Не плачь, ты ещё найдёшь своё счастье!","Don’t cry, you will find your happiness someday!"
1910,Пойдем в лес! Заодно аппетит нагуляем.,Let’s go to the forest! We’ll work up an appetite at the same time.
1911,"Их бизнес только начал приносить прибыль, и аппетиты сразу же выросли.","Their business just started to bring them the first profit, and their appetites grew immediately."
1912,"Только посмотрите, с каким аппетитом Вася ест суп!",Just look at Vasya eating soup with such appetite!
1913,Лоукостеры обычно продают билеты без багажа. За него придется доплатить отдельно.,Low cost airlines usually sell their tickets with no luggage included. You’ll have to pay extra for it.
1914,"Мы прилетели из отпуска домой, а наш багаж — нет. Он потерялся где-то в аэропорту Барселоны, где у нас была стыковка.","We came from vacation, but our luggage didn’t. It was lost somewhere in the Barcelona airport where we had a connection between flights."
1915,"Путешествие будет длинным, поэтому мы полетим с багажом. ","The travel will be long, so we'll fly with checked baggage."
1916,"Я долго собиралась на работу, поэтому завтракать пришлось на бегу.","It took me a long time to get ready for work, so I had to eat breakfast on the run."
1917,Мои ноги стали сильнее от бега по утрам.,My legs became stronger from jogging in the mornings.
1918,"В беге главное — правильная техника, иначе легко получить травму.","The most important thing in running is the right technique, otherwise it’s easy to get injured."
1919,В июне мы каждое утро бегали вдоль моря.,In June we jogged along the sea every morning.
1920,Я привыкла бегать по вечерам после работы.,I’ve gotten in the habit of jogging in the evenings after work.
1921,"Я никогда не бегала так быстро, как вчера на тренировке.",I never ran as fast as I did yesterday at practice.
1922,"Я увидел перекресток и не знал, куда бежать дальше: налево или направо?",I saw an intersection and didn’t know which way to run next: to the left or to the right?
1923,Передо мной по дороге бежит маленький мальчик.,There is a little boy running on the road in front of me.
1924,"Мы спокойно шли по лесу, а наш пёс весело бежал впереди по дорожке.",We were slowly walking in the forest and our dog was cheerfully running on the path ahead of us.
1925,"На берегу реки не росло ничего, кроме двух берез.",There was nothing growing on the riverside except for two birches.
1926,"Наша экскурсия по Темзе закончилась, и мы спустились на берег.",Our excursion on the river Thames was over and we got off on the river bank.
1927,"Корабль быстро отплывал от берега, и скоро его совсем перестало быть видно.",The ship sailed away from the shore and soon it couldn’t be seen at all.
1928,Летом важно беречь кожу от солнца!,In summer it’s important to protect your skin from the sun!
1929,"В путешествии он почти ничего не покупал, потому что берёг деньги.",He bought very little during his trip because he was saving money.
1930,"Она берегла руки при игре в волейбол, потому что работала пианисткой.",She was protecting her hands while playing volleyball because she was working as a pianist.
1931,Вчера мы два часа беседовали с соседями о воспитании детей.,Yesterday we talked for 2 hours about child-rearing with the neighbors.
1932,Мы беседуем с местными жителями и выясняем их мнение о городе.,We are talking to the locals to find out their opinion about the city.
1933,У него не было времени беседовать со мной о литературе.,He didn't have time to chat with me about literature.
1934,В аэропорту Стамбула нет бесплатного интернета.,There isn’t free internet in the Istanbul airport.
1935,"Вода на этом фестивале — бесплатная, а за еду придется платить.","Water is free in this festival, but you have to pay for food."
1936,В некоторых странах нет бесплатной медицины.,Some countries don’t have free medical care.
1937,,
1938,Его биография меня не интересует — я оцениваю человека по личному общению.,His biography doesn’t interest me — I evaluate people according to personal communication.
1939,На лекции мы узнали много интересных фактов из биографии Толстого.,During the lecture we found out many interesting facts from Tolstoy’s biography.
1940,"Если посмотреть на его биографию, становится понятно, почему он уехал из России.","If you look at his biography, it becomes clear why he left Russia."
1941,"Что делать, если видишь, как кто-то бьёт своего ребенка?",What should you do if you see that someone is hitting their child?
1942,В футболе запрещено бить по мячу руками.,It’s against the rules to hit the ball with one’s hands in soccer.
1943,"Муж часто бил свою жену, поэтому она ушла от него.",The husband often beat his wife so she left him.
1944,"— Возьмите, пожалуйста, ваш билет! — Благодарю!","— Please, take your ticket! — Thank you!"
1945,Режиссёр благодарит актёров за спектакль.,The director thanks the actors for the show.
1946,Я встретил Ваню вчера. Он благодарил меня за подарок на день рождения.,I met Vanya yesterday. He thanked me for the birthday present.
1947,"Некоторые верят, что человека создал бог.",Some people believe that human beings were created by god.
1948,В трудных ситуациях он обращался к богу.,In difficult situations he turned to god.
1949,Не спрашивайте меня об этом ради бога!,For god’s sake don’t ask me about it!
1950,"Вася не может работать, он сейчас в больнице.","Vanya can’t work, he’s in the hospital now."
1951,Он идёт в больницу навестить своего дедушку.,He’s going to the hospital to visit his grandfather.
1952,Она вернулась из больницы в пятницу.,She came back from hospital on Friday.
1953,Это самые вкусные булочки в пекарне. Попробуйте!,These are the most delicious pastries in the bakery. Taste them!
1954,Мне нужна ручка и лист бумаги.,I need a pen and a piece of paper.
1955,Запишите ваши предложения на бумагу.,Write down your suggestions on paper.
1956,Перед выступлением я всегда записываю свою речь на бумаге.,I always write my speech on paper ahead of time.
1957,Мама дала нам в школу бутерброды.,Mom gave us sandwiches to take to school.
1958,Я не люблю сыр в бутербродах.,I don’t like cheese in sandwiches.
1959,После уроков мы выпили чай с бутербродами.,After class we drank tea with sandwiches.
1960,В спортзал я беру бутылку воды.,I take a bottle of water to the gym.
1961,"Налей мне молока из большой бутылки, пожалуйста!","Pour me some milk from the big bottle, please!"
1962,Я не люблю пить сок из бутылок.,I don’t like to drink juice from bottles.
1963,Он часто бывает в этом городе — здесь живёт его мама.,He’s in this city often — his mother lives here.
1964,"Розы бывают разных цветов, но я люблю только белые.",Roses can be of different colors but I only like white ones.
1965,"С вами бывало такое, что вы прочитали книгу, но ничего не поняли?",Has it ever happened to you that you read a book but didn’t understand anything?
1966,Я не хожу в рестораны быстрого питания.,I don’t go to fast food restaurants.
1967,Быстрое таяние льдов Арктики беспокоит учёных.,Rapid melting of ice in the Arctic worries scientists.
1968,Какой русский не любит быстрой езды?,What Russian doesn’t like a fast ride?
1969,В самолёте важно слушать указания экипажа.,It's important to listen to the cabin crew’s instructions on a plane.
1970,"Маша сказала, что рождение ребёнка — самое важное событие в её жизни.",Masha said that giving birth to her child is the most important event in her life.
1971,Музыка играет важную роль в моей жизни.,Music plays an important role in my life.
1972,Как варить борщ? Мне нужен рецепт.,How to cook borsht? I need a recipe.
1973,Они уже пожарили мясо и теперь варят картошку.,They’ve already roasted the meat and now they’re boiling the potatoes.
1974,"Как называется суп, который мы вчера варили?",What’s the name of the soup that we made yesterday?
1975,Ему не везёт в любви.,He isn’t lucky in love.
1976,До двадцатого века грузы из Америки везли только по морю.,Until the 20th century people transported goods from America only by sea.
1977,Мне никогда не везло в футболе — наша команда всегда проигрывала.,I was never lucky in soccer — our team always loses.
1978,Вера в бога даёт некоторым людям надежду.,Believing in god gives hope to some people.
1979,Сложно быть успешным без веры в себя.,It's difficult to be successful without believing in yourself.
1980,В Средние века люди были готовы умереть за свою веру.,In the Middle ages people were ready to die for their beliefs.
1981,Я хочу верить в чудеса.,I want to believe in miracles.
1982,"Я не верю тому, что он говорит.",I don't believe what he says.
1983,Почему она мне не верит?,Why doesn’t she believe me?
1984,"Мой телефон сломался, я хочу вернуть деньги за него.","My phone got broken, I want to get back my money for it."
1985,Ему всё ещё не вернули машину из сервиса.,The garage hasn’t given him his car back yet.
1986,Ты вернула книги в библиотеку вовремя?,Did you return the books to the library in time?
1987,Папа вернулся с работы.,Dad has come back from work.
1988,Мне нужно срочно вернуться в Москву!,I need to return to Moscow immediately!
1989,Мы вернулись из Рима на прошлой неделе.,We came back from Rome last week.
1990,Я люблю шум весеннего ветра.,I love the sound of the spring wind.
1991,Какой чудесный весенний день сегодня! Пойдём гулять!,What a lovely spring day today! Let’s go for a walk!
1992,Я очень люблю весеннюю погоду.,I really like spring weather.
1993,"Не люблю, когда ветер дует мне прямо в лицо.",I don’t like it when the wind blows straight into my face.
1994,Сильный порыв ветра вчера сломал дерево перед нашим домом.,A strong gust of wind broke the tree in front of our house yesterday.
1995,С северным ветром в город пришла плохая погода.,Bad weather came to the city with the north wind.
1996,Без каких вещей вы не можете жить?,What are the things you can’t live without?
1997,"Пожалуйста, не забывайте в автобусе личные вещи.","Please, don’t forget your personal items in the bus."
1998,Смартфон — незаменимая вещь в двадцать первом веке.,A smart phone is an indispensable thing in the 21st century.
1999,Я купила дочке рюкзак в виде зайца. ,I bought my daughter a backpack that looks like a rabbit.
2000,"Имей в виду, что мы вернёмся в город только завтра.",Keep in mind that we won’t return to the city before tomorrow.
2001,В этом озере водится двадцать видов рыб.,There are 20 species of fish in this lake.
2002,"Моя мама ест суши вилкой, а не палочками.","My mom eats sushi with a fork, not with chopsticks."
2003,"Принеси, пожалуйста, ещё пять вилок.",Please bring 5 more forks.
2004,Мой ребёнок вчера научился держать вилку.,My child learned how to use a fork yesterday.
2005,На правой стене висит моя новая картина.,There is my new painting hanging on the wall to the right.
2006,"Мы подошли к двери, но на ней висел замок.",We went up to the door but there was a lock hanging on it.
2007,В детстве у меня над кроватью висела большая карта мира.,When I was a child I had a big map of the world hanging above my bed.
2008,Он приходит на работу и первым делом включает компьютер.,He comes to work and the first thing that he does is turn the computer on.
2009,Моя бабушка не умеет включать компьютер и всегда просит меня помочь.,My grandma doesn’t know how to turn on a computer so she always asks me to help her.
2010,Зимой городское освещение включают уже в пять вечера.,In winter the city lights are turned on at five PM.
2011,"Я не могу включить проектор. Помогите, пожалуйста!","I can’t turn on the projector. Help me, please!"
2012,Авиабилеты включены в стоимость тура.,Plane tickets are included in the price of the package tour.
2013,Папа включил детям мультик и ушёл на кухню.,The father put on a cartoon for his kids and went to the kitchen.
2014,Моя мама так вкусно готовит!,My mom cooks so well!
2015,"В этой пекарне очень вкусные круассаны, а вот пирожки — так себе.","The croissants in this bakery are so delicious, but the pies are not so nice."
2016,"Фисташки не только вкусны, но ещё и полезны — в них много витаминов.",Pistachios are not only tasty but also good for one’s health — they contain lots of vitamins.
2017,Брежневу удавалось оставаться у власти восемнадцать лет.,Brezhnev managed to stay inl power for 18 years.
2018,Власть привлекает людей.,Power attracts people.
2019,Лондон резко отреагировал на заявления российских властей.,London reacted sharply to the Russian authorities’ claims.
2020,Обратите внимание: завтра занятий не будет!,Attention: no classes tomorrow!
2021,Не оставляйте детей в воде без внимания даже на пять минут.,Don’t leave children in the water unattended even for 5 minutes.
2022,С самого детства она была окружена вниманием и заботой.,From her very childhood she was surrounded with attention and care.
2023,В толпе будьте особенно внимательны к своим вещам.,Be very careful to your belongings in the crowd.
2024,"Внимательные слушатели заметили, что в прошлой передаче мы допустили ошибку. Действительно, Венера, а не Марс — вторая планета от Солнца.","Attentive listeners to our program noticed that we made a mistake during our last program: indeed, Venus, not Mars, is the second planet from the Sun."
2025,"Её глаза были умными и внимательными, а улыбка — очень доброй.",Her eyes were intelligent and attentive and her smile — very kind.
2026,Она водит машину уже двадцать лет.,He's been driving for 20 years already.
2027,Я никогда ещё не водил трактор.,I’ve never driven a tractor.
2028,"Он читал очень внимательно, водя пальцем по строчкам.","He was reading very carefully, running his finger along the lines."
2029,Вдвоём за вечер они выпили целую бутылку водки!,The two of them drank a whole bottle of vodka in one evening!
2030,Он быстро разлил водку по стопкам и раздал их гостям.,He quickly poured vodka into the shot glasses and gave them to the guests.
2031,К часу ночи водка закончилась и мы решили открыть коньяк.,By 1 AM the vodka was gone and we decided to open the cognac.
2032,Деньги за товар возвращают только если он не был распакован.,Money for a product can be returned only if the package wasn’t opened.
2033,Запах булочек с корицей возвращает меня в детство.,The smell of cinnamon buns returns me to childhood.
2034,"В какой-то момент стало понятно, что он не собирается возвращать мне долг.",At some point it became clear that he isn’t planning to return me what he owes.
2035,Завтра из командировки возвращается папа!,Tomorrow dad is coming back from his business trip!
2036,"Честно говоря, это не тот город, в который хочется возвращаться.","Frankly speaking, this isn’t a city one would like to come back to."
2037,"Каждый раз возвращаясь в Россию, я долго не могу привыкнуть к ценам в рублях.",Every time I come back to Russia it takes me a a long time to get used to prices in roubles.
2038,Ни одно живое существо на планете не может прожить без воздуха.,No living creature on this planet can survive without air.
2039,В воздухе чувствовался неприятный запах серы.,There was an unpleasant smell of sulfur in the air.
2040,Воздух в Москве недостаточно чистый.,The air in Moscow is not clean enough.
2041,С сентября мне придётся каждое утро возить детей в школу на другой конец города.,Starting from September I’ll have to drive the kids to school on the other end of the city.
2042,В детстве мама каждое лето возила меня на море.,My mom used to take me to the sea every summer when I was a child.
2043,В школе нас часто возили на соревнования по легкой атлетике.,At school they often used to take us to track meets.
2044,В вашем возрасте вредно волноваться.,At your age it's not good for your health to get worried.
2045,Легче всего научить музыке детей дошкольного возраста.,It is easiest to teach music to children when they are preschoolers.
2046,Пять лет — мой любимый возраст у детей.,Five years old is my favorite age for children.
2047,Дома на этой улице были разрушены во время войны.,The buildings on this street were destroyed during the war.
2048,Вторая мировая война закончилась в 1945 году.,The Second World war ended in 1945.
2049,Их сын ушёл на войну и не вернулся.,Their son went to war and never came back.
2050,"Мы вошли в дом, но никого в нём не увидели.",We entered the house but didn’t see anybody inside.
2051,"Он вошёл в кухню и увидел, что мама варит суп.",He entered the kitchen and saw that his mom was cooking soup.
2052,Он умел войти в любой кабинет — для него не существовало закрытых дверей.,He could enter any office — no door was closed to him.
2053,Как не волноваться перед выступлением?,How can one not worry before giving a speech?
2054,"Не волнуйся, ты сдашь экзамен!","Don't worry, you’ll pass that exam!"
2055,"Он так волнуется, что не может есть.",He is so worried that he can’t eat.
2056,Она хочет покрасить волосы в синий цвет. Остановите её!,She wants to dye her hair blue. Somebody stop her!
2057,Я забыла купить новую краску для волос.,She forgot to buy a new hair dye.
2058,Я всегда хожу с распущенными волосами.,I always have my hair loose.
2059,Они приплыли с востока и хотели продолжать путь на юг.,They came from the East by boat and wanted to continue their way to the South.
2060,Археологи нашли новые части терракотовой армии на востоке Китая.,Archaeologists found new parts of the Terracotta army in eastern China.
2061,"Если стоять лицом к северу, восток будет справа.","If you’re facing North, the East is to the right."
2062,Он преподаёт в Институте восточных языков.,He's a professor in the Institute of oriental languages.
2063,Восточные сладости — мой любимый десерт.,Middle eastern pastries are my favorite dessert.
2064,Я никогда не был в странах Восточной Европы.,I’ve never been to the Eastern European countries.
2065,Враг моего врага — мой друг.,The enemy of my enemy is my friend.
2066,Атака врага началась неожиданно.,The enemy's attack began unexpectedly.
2067,Враги подкрались незаметно и напали ночью.,Enemies snuck up on us and attacked at night.
2068,Я не люблю вспоминать своё детство. Оно было очень тяжёлым.,I don't like to think about my childhood. It was very tough time.
2069,Я часто вспоминаю нашу поездку в Диснейленд.,I often recall our trip to Disneyland.
2070,Не мешайте ему! Он вспоминает пароль от карточки.,Don't distract him! He’s trying to remember the PIN code for his credit card.
2071,Я не могу вспомнить его имя.,I can't remember his name.
2072,"Он вспомнил, что не выключил утюг.",He just realized that he didn’t turn off the iron.
2073,"Они вспомнили, что не купили торт.",They just realized that they didn’t buy a cake.
2074,Он встаёт очень рано: в шесть или в семь утра.,He wakes up very early: at 6 or at 7 AM.
2075,Летом я привыкла вставать поздно.,In the summer I got used to waking up late.
2076,По выходным она вставала в девять утра и спокойно завтракала.,On weekends she woke up at 9 and had a leisurely breakfast.
2077,"С вами очень хорошо, но мне пора на работу. До встречи!",It's great being with you but I have to go to work. See you!
2078,Эта встреча изменила всю его жизнь.,That encounter changed his whole life.
2079,"До скорых встреч, дорогие зрители!","Till we meet again soon, dear viewers!"
2080,"В пятницу они встречаются с директором, чтобы обсудить договор.",They have a meeting with the director on Friday to discuss the agreement.
2081,"Ты не знаешь, она встречается сейчас с кем-нибудь?",Do you know if she’s dating somebody?
2082,"Они встречались год, но потом расстались.",They were dating for a year but then broke up.
2083,Второй этаж библиотеки сейчас на ремонте.,The second floor of the library is now under renovation.
2084,"Одна половина пациентов получала вакцину, а вторая — плацебо.","Half of the patients got the vaccine, while the other half only got a placebo."
2085,Кабинет директора находится на втором этаже.,The director’s office is on the second floor.
2086,Он входит в комнату и видит письмо на столе.,He enters the room and sees a letter on the table.
2087,"Они входят в зрительный зал последними, и все смотрят на них.",They are the last ones coming into the theater and everybody is watching them.
2088,В 2005 году он входил в совет директоров компании.,In 2005 he was a member of the board of Directors of the company.
2089,Стали известны детали вчерашнего происшествия.,The details of yesterday's incident came to light.
2090,Мне стало грустно после вчерашней встречи со старыми друзьями.,I became sad after yesterday’s meeting with my old friends.
2091,Я в шоке от вчерашних событий.,I was shocked by the events of yesterday.
2092,В следующем году мы будем выбирать президента.,We will be elect the president next year.
2093,Он уже три часа выбирает себе пальто.,He's been trying to choose a coat for himself for 3 hours already.
2094,"Мы просидели всю ночь, выбирая маршрут для нового путешествия.",We spent the whole night trying to choose the route for our new trip.
2095,"Он вышел из дома, но вспомнил, что забыл кошелёк.",He went outside and then remembered that he had forgotten his wallet.
2096,Она вышла из дома слишком поздно и опоздала на работу.,She left her house too late and was late to work.
2097,Она мечтала выйти за него замуж.,She dreamed of marrying him.
2098,Сегодня на нашей сцене выступает солист Большого театра.,Tonight a soloist from the Bolshoy theatre is performing on our stage.
2099,Я люблю выступать на сцене.,I like to perform onstage.
2100,Они всегда выступают вместе.,They always perform together.
2101,Он не выходит из дома без телефона.,She doesn’t leave the house without her phone.
2102,Футболисты выходят на поле вместе с детьми.,The soccer players go out into the field with the children.
2103,Он не стал выходить на сцену вчера — испугался.,He decided not to go on stage yesterday — he got scared.
2104,В галерею современного искусства привезли работы Шагала.,Shagal’s works were delivered to the gallery of contemporary art.
2105,Сегодня в Третьяковской галерее открывается новая выставка.,A new exhibition is opening today in Tretyakov gallery.
2106,Завтра во всех московских галереях бесплатный вход.,Tomorrow there is free entrance to all Moscow galleries.
2107,Кто в этой книге главный герой?,Who is the main character in this book?
2108,Один из героев фильма умирает в конце.,One of the movie characters dies in the end.
2109,Какое имя у главного героя этого фильма?,What is the name of the main character of that movie?
2110,С января в нашем журнале появится новый главный редактор.,Beginning in January our magazine is going to have a new editor in chief.
2111,Мой дедушка работал главным инженером на заводе.,My grandpa worked as a chief mechanic at a factory.
2112,Имена двух главных героев романа одинаковые — Андрей.,2 main characters in this novel have the same names — Andrey.
2113,Эти традиции сохранились с глубокой древности.,These traditions have been preserved from the ancient times.
2114,Возле нашего дома текла быстрая и глубокая река.,There was a fast and deep river flowing next to our house.
2115,Никогда ещё не испытывала она такого глубокого разочарования.,Never before she had such a deep disappointment.
2116,Наша глупая собака всегда лает на наших друзей.,Our silly dog is always barking at our friends.
2117,Почему ты такой глупый? Я же сто раз это тебе объясняла.,Why are you so stupid? I explained it to you 100 times already.
2118,"Почему вы решили, что они глупые? Просто их мнение отличается от вашего.",Why did you decide that they are stupid? Their opinion just differs from yours.
2119,Какой у неё красивый голос!,She has such a beautiful voice!
2120,Наш телевизор управляется голосом.,Our TV is controlled by voice.
2121,Вдали был слышен шум детских голосов.,There was a sound of children’s voices somewhere far away.
2122,Мы шли в гору шесть часов и очень устали.,We were hiking up the mountain for 6 hours and now we’re very tired.
2123,Впереди мы увидели красивые горы и решили ехать к ним.,We saw beautiful mountains in front of us and decided to drive to them.
2124,"Эта вода течёт с гор, потому она такая чистая.",This water comes from the mountains that’s why it’s so clean.
2125,«Горько!» — кричали гости жениху и невесте.,Guests at the wedding were shouting «Gor’ko!» at the bride and the groom.
2126,"Позже мы узнали, что его слова оказались горькой правдой.",Later we learned that his words turned out to be the bitter truth.
2127,"Это был не кофе, а какая-то грязная горькая жидкость.","It wasn’t coffee, but instead some kind of dirty bitter liquid."
2128,В США глава государства может занимать свой пост максимум два срока.,"In the USA, the head of state can hold his post for a maximum of two terms."
2129,Россия — многонациональное государство.,Russia is a multinational country.
2130,Лидеры пяти государств собрались на саммит в Санкт-Петербурге.,The leaders of 5 countries gathered for the summit in Saint Petersburg.
2131,"Они редко готовят дома, потому что всё время на работе.",They rarely cook at home because they are always at work.
2132,Я умею готовить тирамису.,I know how to make tiramisu.
2133,"Моя бабушка готовит лучше, чем моя мама.",My grandmother cooks better than my mom.
2134,Температура в нашем городе не поднимается выше тридцати двух градусов по Цельсию.,The temperature in our city never gets higher than 32 degrees Celsius.
2135,В Москве завтра обещают двадцать три градуса и дождь.,The forecast for Moscow says tomorrow it will be +23 degrees and rain.
2136,,
2137,Мы ещё не начинали этот раздел грамматики русского языка.,We haven't started that chapter of Russian grammar yet.
2138,Я хорошо знаю грамматику испанского.,I know Spanish grammar well.
2139,"Можешь помочь мне с грамматикой китайского, пожалуйста?","Please, can you help me with Chinese grammar?"
2140,Она никогда не была за границей.,She has never been abroad.
2141,"Я всегда привожу сувениры, когда езжу за границу.",I always bring souvenirs back home when I travel abroad.
2142,А вы хотели бы жить в мире без границ?,Would you like to live in a world without borders?
2143,В Москве сейчас эпидемия гриппа.,There is flu epidemic in Moscow now.
2144,Он заболел гриппом и три недели не ходил на работу.,He got the flu and didn’t go to work for 3 weeks.
2145,Почему ты такой грустный? Что случилось?,Why are you so sad? What happened?
2146,Из темноты на меня смотрели его грустные глаза.,His sad eyes were looking at me from the darkness.
2147,"Зимой, когда темно и холодно, мне всегда грустно.","In winter, when it’s dark and cold, I always feel sad."
2148,Почему грязная посуда у вас весь день стоит на столе?,Why are those dirty dishes on your table all day long?
2149,У меня грязные волосы. Надо помыть.,My hair is dirty. I need to wash it.
2150,"Принеси свою грязную одежду, я её постираю.","Bring me your dirty clothes, I’ll wash them."
2151,"Далёкие огни становились ярче, и я решил поехать к ним.",Distant lights were becoming brighter and brighter and I decided to drive toward them.
2152,Свет далёких звёзд доходит до Земли за несколько лет.,It takes several years for the light from distant stars to reach Earth.
2153,Люди пользовались косметикой ещё в далёкой древности.,People used cosmetics in ancient times.
2154,Прошло ровно сто лет с даты основания этой фабрики.,It's been exactly 100 years since this factory was founded.
2155,Это важная дата в истории нашей страны.,This date is very important in the history of our country.
2156,1147 год считается датой основания Москвы.,1147 is considered to be the date when Moscow was founded.
2157,Он провёл лето в деревне у бабушки.,He spent the summer in the village with his grandmother.
2158,"Я не хочу ехать в деревню, там нет интернета.","I don't want to go to the village, there’s no internet there."
2159,Как называется эта деревня?,What is the name of that village?
2160,"Ещё только август, а с деревьев уже начали падать листья.",It's only August but leaves have already started to fall from the trees.
2161,"Слезай с дерева, а то упадёшь.","Get down from the tree, otherwise you’ll fall."
2162,За год деревья в соседнем парке сильно выросли.,The trees in the park nearby grew a lot in one year.
2163,Старайся держать спину прямо!,Try to keep your back straight!
2164,"Он что-то держал в руке, но мне не было видно.",He was holding something in his hand but I couldn’t see what it was.
2165,"Почему он не держит ребенка за руку, когда переходит дорогу?",Why isn’t he holding his child’s hand while crossing the road?
2166,В детстве я мечтал стать поваром.,In childhood I used to dream of becoming a chef.
2167,Я с детства боюсь собак.,I've been afraid of dogs since childhood.
2168,Как бы мне хотелось вернуться в детство!,How I wish I could go back to my childhood!
2169,"Вскоре стало понятно, что диалога с ним не выйдет. ",Very soon it became clear that we can’t have a dialog with him.
2170,В диалоге с умными людьми многому учишься.,You learn a lot from having a dialog with intelligent people.
2171,Их диалог незаметно перешёл в конфликт.,Their dialog imperceptibly turned into a conflict.
2172,"Хватит лежать на диване, пора вставать!","Enough lying on the couch, it’s time to get up!"
2173,"Как приятно прийти после работы, сесть на диван и включить любимый фильм.","It's so nice to go home after work, sit on the couch and turn on your favorite movie."
2174,Он не хотел вставать с дивана и идти на работу.,He didn't want to get up off the couch and go to work.
2175,Передо мной стояла девочка с длинными и красивыми волосами.,There was a girl with long beautiful hair standing in front of me.
2176,Длинный коридор шёл через всё здание.,There was a long corridor through the whole building.
2177,Мне нужна эта длинная юбка!,I need this long skirt!
2178,"Не могу сказать, что я доволен своей жизнью.",I can’t say that I’m satisfied with my life.
2179,"А чем мы должны быть довольны? Денег нет, работы нет…",Why should we be satisfied? We have neither work nor money.
2180,Мне нравился его довольный вид.,I liked his satisfied look.
2181,"Ты неправ, но я не собираюсь тебе сейчас это доказывать!",You aren’t right but I won’t try to prove it to you right now.
2182,"Это видео доказывает, что я ничего не крал.",This video proves that I didn’t steal anything.
2183,"Он вчера мне доказывал, что столица Австралии — Сидней.",Yesterday he was trying to prove me that Sydney is the capital of Australia.
2184,"Доктор сказал, что мне срочно нужно в больницу.",The doctor said that I need to go to the hospital immediately.
2185,Все доктора в этой больнице — большие профессионалы.,All the doctors in this hospital are highly qualified professionals.
2186,Тебе срочно нужно к доктору!,You need to go to the doctor immediately!
2187,В прошлом году нам почти не задавали домашних заданий.,We got almost no homework last year.
2188,У вас есть домашние животные?,Do you have any pets?
2189,"У меня много домашней работы, придётся заняться ей в субботу.","I have a lot of housework to do, I will have to do it on Saturday."
2190,Можно ли жить без дружбы?,Is it possible to live without friendship?
2191,Что для вас дружба?,What is friendship for you?
2192,Главное в дружбе — доверие и поддержка.,The most important thing in friendship is trust and support.
2193,У вас дружная семья?,Do you have a friendly family?
2194,Я всегда работал в дружных коллективах.,I have always worked with friendly people.
2195,Наш класс всегда был очень дружным.,Our class was always very friendly. 
2196,Он мой единственный друг.,He is my only friend.
2197,Это моя единственная возможность поступить в институт.,This is my only opportunity to get into the university.
2198,Единственное условие для приёма на эту работу — иметь богатый опыт в этой сфере.,The only condition for gettin that job is broad experience in that sphere.
2199,Мы всегда ставим ёлку на Новый год.,We always put up a Christmas tree for New year’s Eve.
2200,Мы сняли с ёлок все игрушки.,We took all the decorations off the Christmas trees.
2201,Дед Мороз оставляет детям подарки под ёлкой.,Santa Claus leaves gifts for the children under the Christmas tree.
2202,Мой брат женат на француженке.,My brother is married to a French woman.
2203,Она всегда влюблялась в женатых мужчин.,She was always falling in love with married men.
2204,Мой брат женился в 2017 году.,My brother got married in 2017.
2205,"Не хочу учиться, а хочу жениться!","I don't want to study, I want to get married."
2206,"Не думаю, что я когда-нибудь женюсь.",I don’t think I will ever get married.
2207,Не вздумай убить паука! Он же живой!,Don't you dare kill the spider! He’s a living creature!
2208,По выходным в этом ресторане звучит живая музыка.,There's live music in this restaurant on weekends.
2209,Живые организмы не могут жить без воды.,Living creatures can’t live without water.
2210,У меня никогда не было животных.,I've never had pets.
2211,Какие животные здесь водятся?,What types of animals are raised here?
2212,Как называется это животное?,What is the name of that animal?
2213,"Я учила французский в школе, но теперь начинаю его забывать.","I was learning French at school, but now I’m beginning to forget it."
2214,Что чаще всего забывают в метро?,What do people most frequently forget in the metro?
2215,При выходе из вагона не забывайте свои вещи!,Don't forget your belongings when leaving the train!
2216,"Я забыл, как готовить яблочный пирог.",I forgot how to make an apple pie.
2217,Утром я забыла ключи и теперь не могу попасть домой.,I forgot my keys in the morning and now I can’t get into my house.
2218,Как я могла забыть о нашей встрече!,How could I forget about our meeting!
2219,Он задал нам слишком сложное домашнее задание.,He gave us homework that was too complicated.
2220,"Выполнение задания оказалось труднее, чем я ожидала.",Solving the task turned out to be harder than I expected.
2221,Всего у вас будет шесть домашних заданий и два теста в классе.,"In total, you’ll have 6 homework assignments and 2 tests in the class."
2222,"Нам задали пять задач по математике, но я не могу их решить.",We were given 5 math problems for homework but I cannot solve them.
2223,"Помоги мне понять решение этой задачи, пожалуйста!","Help me to understand the answer to that problem, please!"
2224,Эта задача оказалась слишком сложной для него.,This task appeared to be too difficult for him.
2225,Может быть нам заказать пиццу? Какую вы любите?,Shall we order a pizza? What kind do you like?
2226,В ресторане Вася заказал себе салат с тунцом и грибной суп.,At the restaurant Vasya ordered tuna salad and mushroom soup.
2227,Мы заказали себе два кофе и десерт.,We ordered two coffees and a dessert for ourselves.
2228,"Мы не заказывали этот салат. Тут, наверное, какая-то ошибка.",We didn’t order that salad. There must be some mistake.
2229,В баре он всегда заказывал себе виски.,He always ordered whisky at the bar.
2230,Я не люблю заказывать одежду через интернет.,I don't like to order clothes on the Internet.
2231,Она обычно заканчивала свои рассказы одной и той же фразой.,Usually she finished all her stories with the same phrase.
2232,В тот год Ваня заканчивал институт и собирался устроиться на работу.,That year Vanya was graduating from the university and was planning to get a job.
2233,Этот актёр может играть любые роли: начиная с драмы и заканчивая комедией.,This actor can play any roles: from drama to comedy.
2234,Новый закон не разрешает курить в кафе и ресторанах.,The new law doesn’t allow smoking inside cafes and restaurants.
2235,Принятие нового закона задерживается.,Adoption of the new law is delayed.
2236,Полиция следит за соблюдением законов.,The police make sure that the laws are obeyed.
2237,Двери в университет закрывают на ночь и на выходные.,University doors are closed during the night and on weekends.
2238,Я не буду закрывать глаза на ваше поведение! Так нельзя!,I won’t close my eyes to you behavior! You can’t behave like this!
2239,"Он никогда не закрывал за собой дверь, когда входил.",He never closed the door behind him when he came inside.
2240,Этот спектакль очень успешный. В зале нет свободных мест.,This show is very successful. There’s not a single empty seat in the hall.
2241,"Уважаемые зрители, проходите в зал! Спектакль скоро начнётся.","Ladies and gentlemen, please come inside the hall. The show is about to start."
2242,Он быстро вышел из зала и побежал домой.,He quickly left the hall and ran home.
2243,Пришло время замены телефона на новый. ,The time has come to exchange the phone for a new one.
2244,На поле произошла замена: вместо Роналду вышел Манджукич.,There's a substitution on the field: Manjukich has come out instead of Ronaldo.
2245,Мобильные телефоны пришли на замену пейджерам.,Mobile phones came to replace pagers.
2246,Какой у вас замечательный ребёнок!,What a marvellous child you have!
2247,Это замечательная идея! Так и сделаем.,That’s a great idea! We’ll do it that way.
2248,У меня много замечательных друзей. Я их очень ценю.,I have many wonderful friends. I appreciate them so much.
2249,Почему он меня не замечает?,Why doesn't he notice me?
2250,Он всегда замечал в людях маленькие детали.,He always noticed small details in people.
2251,Учись не замечать неприятные комментарии других людей.,Learn to ignore the unpleasant commentaries of others.
2252,Главное в жизни — заниматься любимым делом.,The most important thing in life is to do what you like.
2253,Катя занимается музыкой. Она играет на пианино.,Katya is learning music. She’s playing the piano.
2254,В прошлом он много занимался спортом.,In the past he used to practice sports a lot.
2255,Мне никогда не нравились занятия футболом.,I never liked playing soccer.
2256,После занятий мы пошли в кино.,After our classes we went to the movies.
2257,Чтение — это моё любимое занятие.,Reading is my favorite pastime.
2258,"Вы плывёте на восток, а надо — на запад.","You’re sailing to the east, but in fact should be sailing to the west."
2259,Новую станцию метро открыли на западе Москвы.,They’ve opened a new metro station on the west side of Moscow.
2260,Диалог Востока с Западом очень важен. ,The dialogue of East and West is very important.
2261,Счастливый конец — особенность многих западных фильмов.,A happy ending is a feature of many western movies.
2262,Западные регионы страны пострадали от урагана.,Western regions of the country were damaged by the hurricane.
2263,Долина Смерти является самым низким местом в западном полушарии.,Death Valley is the lowest place in the western hemisphere.
2264,"Уважаемые пассажиры, не забудьте заплатить за проезд.","Dear passengers, please don’t forget to pay for your trip."
2265,Он заплатил четыреста рублей за билет в кино.,He paid 400 roubles for a movie ticket.
2266,Вы уже заплатили за поездку?,Have you already paid for your ride?
2267,Тебе пора начать зарабатывать деньги самостоятельно!,It's time for you to start earning money on your own.
2268,Сколько он зарабатывает в месяц?,How much does he earn per month?
2269,"Интересно, сколько они зарабатывают на продаже рекламы?",I wonder how much they earn selling ads.
2270,Мне не заработать столько за год.,I don't earn that much in a year.
2271,Как ты заработал свой первый миллион?,How did you earn your fist million?
2272,Я больше не буду давать Васе в долг. Пусть он их заработает сам.,I won't ever lend money to Vasya again. Let him earn it by himself.
2273,Как тебя зовут?,What's your name?
2274,Нашу кошку звали Муркой.,Our cat was called Murka.
2275,Сколько можно вас звать? Обед давно готов.,How many times do I have to call you? The lunch has been ready for a long time.
2276,Ваш звонок очень важен для нас.,Your call is very important to us.
2277,Я устала от звонков из банка.,I am tired of calls from the bank.
2278,На мои звонки никто не отвечал.,Nobody answered my calls.
2279,Я проснулся от громких звуков с улицы.,I woke up because of loud noises from the street.
2280,Эта камера записывает видео без звука.,This camera records video with no sound.
2281,Звук машин за окном мешал мне думать.,The noise of the cars outside made it hard for me to think.
2282,Он бросил сумки на землю и решил немного отдохнуть.,He threw his bags on the ground and decided to take a rest.
2283,Расстояние от Земли до Луны — триста восемьдесят четыре тысячи километров.,The distance from the Earth to the Moon is 384 000 kilometers.
2284,Моя мама — лучшая на земле!,My mom is the best mom on Earth!
2285,Я посмотрел в зеркало и не узнал себя.,I looked into the mirror and couldn't recognize myself.
2286,Вам нравится ваше отражение в зеркале?,Do you like your reflection in the mirror?
2287,"Ванечка, отойди от зеркала! Оно может упасть.","Vanechka, please go away from the mirror! It might fall down."
2288,В России больше не переходят на зимнее время.,In Russia people don’t change to winter time anymore.
2289,У меня нет зимних сапог.,I don't have winter boots.
2290,В 2014 году зимняя олимпиада проходила в Сочи.,In 2014 the winter Olympics were in Sochi.
2291,Почему вы такие злые?,Why are you so angry?
2292,"Некоторые люди вешают в домах амулеты, чтобы отгонять злых духов.",Some people hang amulets around their houses to protect themselves from evil spirits.
2293,"Осторожно, во дворе злая собака!",Watch out! There’s a vicious dog in the yard.
2294,Какой у вас знак зодиака?,What’s your zodiac sign?
2295,Поверните налево после знака «Обгон запрещён».,Turn left after the “No passing” sign.
2296,Она считала нашу встречу знаком судьбы.,She considered our meeting to be an omen.
2297,Мне нравится знакомиться с новыми людьми.,I like to meet new people.
2298,На уроках литературы мы знакомимся с произведениями русских авторов.,In our literature classes we get acquainted with the works of Russian authors.
2299,Обычно он знакомится с девушками в барах.,He usually meets girls at bars.
2300,"Мы знакомы с Анной, она раньше работала у нас в компании.","Anna and I know each other already, she used to work in our company."
2301,"У меня много знакомых, но мало друзей.",I have a lot of acquaintances but only a few real friends.
2302,"Все мои знакомые — либо врачи, либо юристы.",All of my acquaintances are either doctors or lawyers.
2303,Ты придаёшь слишком большое значение случайным совпадениям.,You see too much meaning in random coincidences.
2304,"Не имеет значения, куда лететь. Главное — с кем.",It doesn’t matter where you fly to. What matters is who you fly with.
2305,У этого слова несколько значений. ,This word has several meanings.
2306,Что значит твоя татуировка?,What does your tattoo mean?
2307,"Никто никогда не видел её мужа. Но это не значило, что у неё его нет.",No one's ever met her husband. That doesn’t mean she doesn’t have one.
2308,Что значат все эти символы?,What do all those symbols mean?
2309,Её кольцо было сделано из золота с бриллиантами.,Her ring was made of gold and diamonds.
2310,Цены на золото в этом месяце выросли на три процента.,The prices for gold got 3 percent higher this month.
2311,Фасад здания украшен золотом.,The facade of this building is decorated with gold.
2312,"Она претендовала на золотую медаль в беге, но её обогнала менее опытная спортсменка.",She was trying to get a gold medal in running but a less experienced competitor outran her.
2313,Где мой любимый золотой браслет? Я нигде не могу его найти. ,Where is my favorite golden bracelet? I can't find it anywhere.
2314,Мне очень нравится это золотое кольцо! Я хочу его купить.,I really like that gold ring! I want to buy it.
2315,"Сегодня дождь, не забудь взять зонтик.","It's raining today, don't forget to take an umbrella."
2316,"Ты всё теряешь ― зонтики, кошельки, ключи...","You lose everything -- umbrellas, wallets, keys..."
2317,Как приятно вместе идти под зонтиком!,How nice it is to walk together under the same umbrella.
2318,У меня болит зуб. Надо записаться к врачу.,I have a toothache. I need to get an appointment with my dentist.
2319,Я боюсь лечить зубы. Это так больно!,I'm scared of getting my teeth fixed. It’s so painful!
2320,Мне надо срочно что-то сделать с зубами. Они постоянно болят.,I need to get something done with my teeth right away. They ache all the time.
2321,Маша купила детям новые игрушки.,Masha bought new toys for her children.
2322,Они провели в магазине игрушек три часа.,They spent 3 hours in the toy store.
2323,"Дочка просит меня купить эту игрушку, но она очень дорогая.","My daughter wants me to buy her that toy, but it’s very expensive."
2324,"Извините, пожалуйста, вы не подскажете, как пройти к Красной площади?","Excuse me, could you please tell me how to get to Red Square?"
2325,"Извини, я не хотела тебя обидеть.","I'm sorry, I didn’t mean to offend you."
2326,"Прошу меня извинить, мне пора идти.","I beg your pardon, but it’s time for me to go now."
2327,"Я извиняю вас, но вы поступили очень безответственно.","I forgive you, but you acted very irresponsibly."
2328,"Ему всего девятнадцать, что извиняет его наивность.","He’s only nineteen, which means his naivety can be forgiven."
2329,"Уже поздно, раньше надо было думать, а теперь ― извиняйте, у нас другие планы.","It’s too late now, you should’ve thought about it earlier, and now you have to accept that we have other plans."
2330,Я никогда не буду изменять жене. Я её очень люблю.,I will never cheat on my wife. I love her so much.
2331,"Мне было грустно узнать, что Иван изменяет своей жене.",I was sad to find out that Ivan is cheating on his wife.
2332,"Условия этого договора изменяют раз в год, в сентябре.","The conditions of this agreement are changed once a year, in September."
2333,"Раньше он хотел изучать астрономию, но потом выбрал биологию.",First he wanted to study astronomy but then chose biology.
2334,В университете Сергей изучал историю и философию.,At university Sergey studied history and philosophy.
2335,"Мы этого ещё не изучали! Объясните, пожалуйста!","We haven’t studied that yet! Please, explain it to us!"
2336,Из института я возвращаюсь на метро.,I take the metro back from the institute.
2337,Она поступила в Институт международных отношений.,She enrolled in the Institute of international relations.
2338,В нашем институте не учат физике.,It's not possible to study physics in our institute.
2339,Нобелевские лауреаты вызывают большой интерес.,Nobel laureates attract a lot of attention.
2340,Давайте уважать интересы друг друга.,Let's respect each others’ interests.
2341,Круг его научных интересов очень широк.,The range of his scientific interests is very wide.
2342,"Папа интересуется, когда ты сегодня вернёшься домой.",Dad asks when you’re coming home tonight.
2343,Как можно не интересоваться политикой? ,How one can not be interested in politics?
2344,"Они интересуются историей, поэтому пошли в археологический музей.","They are interested in history, that’s why they went to the archaeological museum."
2345,Я заблудилась в Париже и мне пришлось искать дорогу до своего отеля.,I got lost in Paris and had to find the way to my hotel.
2346,Я целый день искал ключи от квартиры.,I was searching for the keys to my apartment.
2347,"Кто ищет, тот всегда найдёт.",The one who seeks always finds what they are after.
2348,"Он решил, что хочет исследовать открытый космос.",He decided that he wants to explore outer space.
2349,"Раньше он исследовал бактерий, а теперь исследует вирусы.",He used to do research on bacteria and now he’s doing research on viruses.
2350,Что показал анализ исследуемых объектов?,What has the analysis of the objects under investigation shown us?
2351,"Мне кажется, мы здесь уже были.",It seems like we’ve been here before.
2352,"Ему казалось, что настоящей любви не существует.",He thought that true love doesn’t exist.
2353,"Мне стало казаться, что я заболеваю.",I started to think that I was getting sick.
2354,На каникулы мы ездили в Португалию.,We went to Portugal on vacation.
2355,Что вы делали на зимних каникулах?,What did you do during the winter vacation?
2356,"К сожалению, неделя каникул закончилась. Снова нужно в школу.",The week of vacation is unfortunately over. Time for school again.
2357,Возьмите два клубня картофеля и очистите их от кожуры.,Take 2 potatoes and peel them.
2358,Для супа мне нужен картофель и морковь.,I need potatoes and carrots for the soup.
2359,Он любит салат с картофелем.,He likes potato salad.
2360,Каждое утро Петя варит овсяную кашу.,Petya cooks oatmeal every morning.
2361,Тебе нравится гречневая каша?,Do you like cooked buckwheat?
2362,Бабушка приготовила нам котлеты с кашей.,Grandma made meatballs with mashed potatoes for us.
2363,Сколько сахара нужно класть в этот пирог?,How much sugar you need to put into this pie?
2364,Она никогда не кладёт сахар в кофе.,She never puts sugar in her coffee.
2365,Что они кладут в эту пасту? Она такая вкусная!,What do they put in this pasta? It’s so tasty!
2366,Один игрок из команды заболел. Пришлось сделать замену.,One of the players on the team got sick. We had to replace him.
2367,Как называется ваша команда?,What is the name of your team?
2368,Я очень люблю свою команду.,I love my team very much.
2369,"Это герои из одной компьютерной игры. Понятно, почему ты их не знаешь.",Those are characters from a computer game. It’s clear then why you don't know them.
2370,У меня в детстве было много компьютерных игр.,I had a lot of computer games in childhood.
2371,Где находится компьютерный класс? Мне нужно сделать презентацию.,Where is the computer class? I need to make a presentation.
2372,"Не говори мне, чем кончается этот фильм!",Don't tell me how the movie ends!
2373,"Он написал роман, кончающийся свадьбой главных героев. ",He wrote a novel ending with the wedding of the protagonists.
2374,"У нас дома кончаются макароны. Не забудь купить, пожалуйста!","We’re running out of pasta at home. Don’t forget to buy some, please!"
2375,В этом году лето кончилось очень быстро.,This year summer ended very fast.
2376,"Кажется, что зима в этом году никогда не кончится.",It seems that winter will never end this year.
2377,Новая серия кончилась на самом интересном моменте.,The new episode ended at the most exciting moment.
2378,Куда плывёт этот корабль?,Where does this ship sail to?
2379,В порту мы видели много больших кораблей.,We saw a lot of big ships in the port.
2380,Вдалеке мы увидели корабли. Они медленно приближались к нам.,We saw the ships in the distance. They were slowly approaching us.
2381,"В коридоре отключился свет, и теперь там ничего не видно.",The light in the corridor is out and now we can’t see anything there.
2382,"Выйди в коридор, нужно встретить гостей.",We need to go to the corridor to greet our guests.
2383,"Я упала, когда шла по этому коридору.",I fell when I was walking down that corridor.
2384,Я люблю носить короткие юбки.,I love to wear short skirts.
2385,Это короткий путь до моего дома.,This is a shortcut to my house.
2386,Я написал пару коротких рассказов.,I've written a couple of short stories.
2387,Юрий Гагарин – знаменитый советский космонавт.,Yuri Gagarin is a famous Soviet astronaut.
2388,Вчера я был в центре подготовки космонавтов.,Yesterday I was at the astronaut training center.
2389,Недавно я видел настоящего космонавта.,I saw a real astronaut recently.
2390,Люди хотят исследовать космос.,People want to do research on outer space.
2391,Виктор – космонавт и видел Землю из космоса.,Victor is an astronaut and has seen Earth from space.
2392,Многие космонавты работают в открытом космосе.,Many astronauts work in outer space.
2393,Петя пришёл с работы и сразу лёг на кровать.,Petya came home from work and went straight to bed.
2394,После пробежки я весь день лежал на кровати.,After jogging I lay in bed all day.
2395,Где мои тапки? Посмотри под кроватью.,Where are my slippers? Look under the bed.
2396,У нас на кухне стоит большой круглый стол.,We have a big round table in the kitchen.
2397,Окна на корабле были круглые.,The windows on the ship were round.
2398,Маша – круглая отличница.,Masha is a straight A student.
2399,Министерство культуры выступает против нового закона.,The Ministry of Culture is against the new law.
2400,Физическая культура – обязательный предмет в школе.,Physical education in a compulsory subject at school.
2401,Диалог культур – это важная часть международных отношений.,Intercultural dialogue is an important part of international relations.
2402,"На улице холодно, надень куртку.","It's cold outside, put your jacket on."
2403,Около клуба стояли парни в кожаных куртках.,There were guys in leather jackets standing near the club.
2404,Эта куртка сделана из натуральной кожи.,This jacket is made of real leather.
2405,Я купила бабушке лекарства.,I bought medicine for my grandmother.
2406,"Я уже пробовала это лекарство, оно помогло.","I've already tried this medicine, it helped."
2407,Мой дедушка стал лучше видеть после приема лекарств.,My grandfather sees better after taking medicine.
2408,Давайте устроим пикник в лесу?,Shall we have a picnic in the woods?
2409,Папа вернулся из леса и принёс малину.,Dad came back from the forest and brought some raspberries.
2410,Завтра мы идём в лес собирать грибы.,Tomorrow we'll go to the forest to pick mushrooms.
2411,"Лифт не работает, пойдём по лестнице.","The elevator doesn't work, let's take the stairs."
2412,Я буду ждать тебя у лестницы.,I'll be waiting for you by the stairs. 
2413,"Петя открыл дверь, и на лестницу выбежала его собака.",Petya opened the door and his dog ran out onto the staircase.
2414,Над моим домом часто летают самолёты.,Planes often fly over my house.
2415,Я боюсь летать на самолёте.,I'm afraid of flying by plane.
2416,Миша никогда не летал на самолёте.,Misha has never flown by plane.
2417,Осенью многие птицы летят на юг.,Many birds fly south in the fall.
2418,"Смотри, как низко летит самолёт!",Look how low the plane is flying!
2419,Мы летели в Амстердам с пересадками.,We flew to Amsterdam with a connection.
2420,Этот летний лагерь организуют мои знакомые.,This summer camp is organized by my friends.
2421,"Ура, скоро летние каникулы!","Hooray, summer vacation is coming!"
2422,Люблю гулять летним вечером.,I love to walk on a summer evening.
2423,Студенты льют слёзы из-за сложного экзамена.,The students are pouring out tears because of a difficult exam.
2424,На улице льёт дождь.,It's pouring rain outside.
2425,,
2426,Я поеду на лифте.,I'll take the elevator.
2427,В моём доме нет лифта.,There is no elevator in my building.
2428,Я живу на втором этаже и не пользуюсь лифтом.,I live on the second floor and don't use the elevator.
2429,Иван рассердился и наморщил лоб.,Ivan was angry and furrowed his brow.
2430,Саша ударил Петю по лбу.,Sasha hit Petya over the forehead.
2431,Антон вытер пот со лба.,Anton wiped the sweat from his forehead.
2432,Сегодня на небе полная луна.,There is a full moon in the sky today.
2433,Расстояние от Земли до Луны около четырёхсот тысяч километров.,It's nearly 400 thousand kilometers from Earth to the Moon.
2434,Волки воют на луну.,Wolves howl at the moon.
2435,Моя мама любит кататься на лыжах.,My mom likes to ski.
2436,Он шёл медленными шагами.,He walked along taking slow steps.
2437,Начался медленный танец.,A slow dance started playing.
2438,Мне нравятся медленные движения в танцах.,I like slow movements in dances.
2439,Медсестра перевязала мне рану.,The nurse bandaged my wound.
2440,Раньше моя мама работала медсестрой.,My mom used to be a nurse.
2441,Сейчас мало хороших медсестёр.,There aren’t many good nurses these days.
2442,Лена учится на факультете международных отношений.,Lena studies at the faculty of international relations.
2443,В Москве прошли международные соревнования по плаванию.,An international swimming competition was held in Moscow.
2444,Международный фестиваль молодёжи прошёл в 2017 году в Сочи.,The International Youth Festival was held in 2017 in Sochi.
2445,Хамелеоны могут менять цвет кожи.,Chameleons can change their skin color.
2446,Петя часто меняет работу.,Petya changes jobs often.
2447,Войска меняют тактику и используют другое оружие.,The troops change their tactics and use other weapons.
2448,"Когда врачи приехали, писатель был уже мёртв.","When the doctors come, the writer was already dead."
2449,В этот день в Аргентине вспоминают мёртвых. ,On this day the dead are remembered in Argentina.
2450,Он был найден мёртвым в отеле.,He was found dead in the hotel.
2451,У меня нет мечты.,I don't have a dream.
2452,Моя мечта – научиться танцевать.,My dream is to learn how to dance.
2453,Я осуществил свою давнюю мечту.,I realized my long-held dream.
2454,"Выключи телевизор, он мешает мне работать.","Turn off the TV, it prevents me from working. "
2455,Соседи шумят и мешают нам спать.,Our neighbours are making noise and preventing us from sleeping.
2456,Не буду тебе мешать.,I won't bother you.
2457,Милиционер проверил мои водительские права.,The policeman checked my driver's license.
2458,"Преступник попытался убежать от милиционера, но не смог.",The criminal tried to run away from the policeman but didn’t succeed.
2459,Рядом с клубом стояло несколько милиционеров.,There were several policemen standing outside the club.
2460,Эта девушка очень мила.,This girl is very nice.
2461,Какой милый котёнок!,What a cute kitten!
2462,Джим оказался очень милым и забавным. ,Jim turned out to be very nice and funny.
2463,Главный минус фильма – плохая игра актёров.,The main disadvantage of the film is a bad acting.
2464,Какие есть плюсы и минусы высшего образования?,What are the pros and cons of higher education?
2465,"Мне кажется, у этой профессии нет минусов.",It seems that this profession has no disadvantages.
2466,Мы решили конфликт мирным путём.,We resolved the conflict peacefully.
2467,Войска напали на мирное население.,The troops attacked peaceful civilians.
2468,Мирные жители пострадали из-за стрельбы.,Peaceful inhabitants suffered due to the shooting.
2469,На вечеринке я познакомилась с модным дизайнером одежды.,I met a fashion designer at the party.
2470,Эти модные туфли я купила на распродаже.,I bought these fashionable shoes on sale.
2471,Где ты нашла это модное платье?,Where did you find this fashionable dress?
2472,Рэп популярен среди молодёжи.,Rap is popular among young people.
2473,Молодёжь заполнила весь клуб.,Young people filled the whole club.
2474,Мэр города устроил встречу с молодёжью.,The mayor of the city arranged a meeting with the young people.
2475,Ты молодец!,Well done!
2476,"Актёры – молодцы, мне очень понравился спектакль!","The actors did a great job, I really liked the show."
2477,,
2478,Во времена моей молодости такого не было.,Things like that didn't happen in the days of my youth.
2479,Ещё рано прощаться с молодостью.,It's too early to say goodbye to youth.
2480,Молодость – это прекрасное время!,Youth is a great time!
2481,"Петя молчал и не знал, что сказать.",Petya was silent and didn't know what to say.
2482,Он смотрит на меня и молчит.,He is looking at me and not talking.
2483,Я буду молчать о вашем секрете.,I'll keep your secret.
2484,Ты выбрал неподходящий момент для этого разговора.,You choose the wrong time for this conversation.
2485,Я хочу дождаться подходящего момента.,I want to wait for the right moment.
2486,"Депутаты обсудили важные моменты, которые касаются нового закона.",The deputies discussed the important points that relate to the new law.
2487,Купи мыло по дороге домой.,Buy soap on your way home.
2488,У нас дома нет мыла.,We don't have soap at home.
2489,Помой руки с мылом перед едой.,Wash your hands with soap and water before eating.
2490,Сегодня я буду мыть полы.,Today I'll mop the floors.
2491,"Я мыла посуду вчера, теперь твоя очередь.","I washed the dishes yesterday, now it's your turn."
2492,Весной многие люди моют окна.,Many people wash their windows in the spring.
2493,Недавно мы купили мягкое и удобное кресло.,We recently bought a soft and comfortable armchair.
2494,Это двухместный номер с мягкой мебелью и телевизором.,This is a double room with soft furniture and a television.
2495,Италия – это страна с мягким климатом.,Italy is a country with a mild climate.
2496,Кинь мне мяч!,Throw me the ball!
2497,Саша ударил по мячу и забил гол.,Sasha hit the ball and scored a goal.
2498,"В магазине много разных мячей: футбольных, баскетбольных и волейбольных.","There a lot of different balls in the store: soccer balls, basketballs, and volleyballs."
2499,У нас появилась надежда на лучшее.,Now we have hope for the best.
2500,У меня уже нет никакой надежды.,I have no hope anymore.
2501,Это вселяет надежду.,It gives us hope.
2502,"Я надеюсь, что ты выступишь хорошо завтра!",I hope you perform well tomorrow!
2503,Нужно всегда надеяться на лучшее.,We must always hope for the best.
2504,Руководители компании надеются повторить прошлогодний успех.,The company's directors hope to repeat last year’s success.
2505,Сальвадор Дали нарисовал свою первую картину ещё в детстве.,Salvador Dali painted his first picture in childhood.
2506,Я хочу нарисовать твой портрет!,I want to draw your portrait!
2507,На стене нарисованы цветы.,There are flowers painted on the  wall.
2508,В новый год народ вышел на улицу.,People went ouside in the New Year's Day.
2509,У нашего народа богатая культура.,Our nation has a rich culture.
2510,В России живут представители разных народов.,There are various nations living in Russia.
2511,Михаил Ломоносов – великий деятель науки.,Mikhail Lomonosov was a great scientist.
2512,Наталья Ивановна – кандидат наук.,Natalia Ivanovna has a PhD.
2513,Современная наука развивается очень быстро.,Modern science is developing very quickly.
2514,Эта песня находит отклик в сердцах людей.,This song resonates in people's hearts.
2515,Эмоции находят отражение в искусстве.,Emotions are reflected in art.
2516,Мне приходится находить выход из этой ситуации.,I have to find a way out of this situation.
2517,В начале лета я устроился на работу.,I found a job in the beginning of summer.
2518,"Я не была дома с начала месяца, всё время путешествую.","I haven't been home since the beginning of the month, I've been travelling the whole time."
2519,"Надо спешить, скоро начало спектакля!","Hurry up, the show is starting soon!"
2520,Я начал писать диплом слишком поздно.,I started writing my thesis too late.
2521,Артисты вышли на сцену и начали петь.,The performers went on stage and started singing.
2522,Я начала бегать по утрам.,I started to run in the mornings.
2523,В двадцатом веке начинает развиваться фотография.,Photography started to develope in the 20th century. 
2524,Меня начинают раздражать эти громкие звуки.,These loud sounds are starting to annoy me.
2525,Я играю в футбол начиная с пятого класса.,I have been playing soccer since 5th grade.
2526,Начинается дождь.,It's starting to rain.
2527,Моя карьера начиналась с работы в театре.,My career started with a theater job.
2528,Скоро начинаются каникулы.,Vacation is coming soon.
2529,Сфотографируй меня на фоне неба.,Take a picture of me against the sky.
2530,Сегодня на небе очень много звёзд.,Today there are a lot of stars in the sky.
2531,Небо сегодня мрачное.,The sky is gloomy today.
2532,У нас случилось несчастье.,Something unfortunate happenned to us.
2533,"Не расстраивайся из-за несчастий, всё будет хорошо!","Don't worry about misfortunes, everything will be fine!"
2534,Писателя погубила несчастная любовь.,An unfortunate love ruined the writer's life.
2535,Он пытался вылечить несчастного больного.,He was trying to cure the unlucky patient.
2536,В больнице много несчастных людей.,There are many unhappy people in the hospital.
2537,Температура опустилась ниже нуля.,The temperature dropped below zero.
2538,У Маши дома низкий потолок.,There is a low ceiling in Masha's home.
2539,Низкая самооценка – это серьёзная проблема.,Low self-esteem is a severe problem.
2540,Катя напевала что-то себе под нос.,Katya sang something under her breath.
2541,Петя шмыгнул носом.,Petya sniffled.
2542,"Я упал, и у меня пошла кровь из носа.",I fell and got a nosebleed.
2543,Я не могу найти свои носки.,I can't find my socks.
2544,Зимой я сплю в шерстяных носках.,I sleep in wool socks in winter.
2545,Я пнул мяч носком ботинка.,I kicked the ball with my toe.
2546,Петя обещал прийти сегодня.,Petya promised to come today.
2547,"Наш преподаватель обещает, что экзамен будет несложным.",Our teacher promises that the exam won’t be hard.
2548,Мои друзья обещают подарить мне велосипед на день рождения.,My friends promise to give me a bike for my birthday.
2549,Человек не может жить без общества.,A person can't live without society.
2550,В современном обществе так не принято.,That's not accepted in modern society.
2551,Наше общество не готово к переменам.,Our society is not ready for change.
2552,Я повесил объявления на улице.,I posted ads on the street.
2553,Вчера я увидел объявление о продаже квартиры.,Yesterday I saw an advertisment for the sale of an apartment.
2554,Около подъезда висит много объявлений.,There are a lot of ads hanging near the entrance.
2555,Я не хочу ничего тебе объяснять.,I don't want to explain anything to you.
2556,Преподаватель по истории очень хорошо объясняет материал.,Our history teacher explains the material very well.
2557,Учёные объясняют это неохотно.,Scientists are reluctant to explain this.
2558,Я самый обыкновенный человек.,I am a very ordinary person.
2559,"Я не красавица, а самая обыкновенная женщина.","I am not a beauty, just an ordinary woman."
2560,Это фильм про обыкновенных людей.,This is a film about ordinary people.
2561,У меня обычная однокомнатная квартира.,I have a normal one-room apartment.
2562,Здесь работают самые обычные люди.,Very ordinary people work here.
2563,В фильме снимались дети из обычных семей.,Children from ordinary families starred in the film.
2564,Это огромный труд.,It's a big job.
2565,Он обладает огромным творческим потенциалом.,He has enormous creative potential.
2566,Огромное вам спасибо!,Thanks a lot!
2567,"Скоро поезд, пора одеваться.","Time to get dressed, the train will come soon."
2568,"Я думаю, что раньше люди одевались более нарядно.",I think that earlier people used to dress more elegantly.
2569,"Одевайся, мы уже выходим.","Get dressed, we're leaving."
2570,Нам нужен одинаковый размер.,We need the same size.
2571,Эти сумки одинаковые по цвету.,These bags are the same color.
2572,Эти слова почти одинаковы по значению.,These words are almost identical in meaning.
2573,У озера очень красиво вечером.,It's very beautiful near the lake in the evening.
2574,Мы поедем купаться на озеро.,We will go to the lake to swim.
2575,Вчера я искупался в озере.,Yesterday I swam in the lake.
2576,Не могу дождаться окончания рабочего дня.,Can't wait for the end of my work day.
2577,Я с радостью думаю об окончании университета.,It makes me happy to think about graduating.
2578,Окончание вечера было потрясающим.,The end of the evening was awesome.
2579,Михаил – опытный инженер.,Mikhail is an experienced engineer.
2580,Опытные работники ценятся на рынке.,Experienced workers are valued on the job market.
2581,Он был опытным лётчиком.,He was an experienced pilot.
2582,Дует холодный осенний ветер.,A cold autumn wind is blowing.
2583,Я уже неделю хожу в осеннем плаще.,I've been wearing my autumn coat for a week now.
2584,Я люблю запах осенней листвы.,I love the smell of autumn leaves.
2585,Вопрос касался в основном зарплаты.,The question mainly concerned wages.
2586,В городе работают четыре основных предприятия.,The city has four major businesses.
2587,Это основная проблема современного образования.,This is the main problem of modern education.
2588,Я хочу провести отпуск на острове.,I want to spend my vacation on the island.
2589,Мои родители скоро поедут на остров Гаити.,My parents will soon visit the island of Haiti.
2590,Маша недавно вернулась с острова Крит. Ей очень понравилась природа.,Masha has recently returned from the island of Crete. She really enjoyed the nature there.
2591,Он быстро ответил на моё сообщение.,He answered my message quickly.
2592,Нужно что-то ему ответить.,I need to give him some kind of answer.
2593,Я ответила на твой вопрос?,Did I answer your question?
2594,Преподаватель не отвечает на мои вопросы.,The teacher doesn't answer my questions.
2595,Я не хочу за это отвечать.,I don't want to be responsible for that.
2596,Петя отлично отвечал у доски.,Petya gave an excellent answer in front of the class.
2597,С возрастом человек открывает для себя много нового.,A person discovers a lot of new things with age.
2598,Кто будет открывать шампанское?,Who will open the champagne?
2599,"Я случайно упал, открывая дверь.",I accidentally fell when I was opening the door.
2600,Магазин открывается в десять утра.,The store opens at 10 a.m.
2601,"Я не выспался, утром глаза совсем не открывались.","I did not sleep well, that's why in the morning my eyes did not open at all."
2602,Кафе обычно открываются не раньше девяти утра.,Cafes do not usually open before nine in the morning.
2603,"Я ушёл с церемонии открытия, потому что было очень скучно.",I left the opening ceremony because it was very boring
2604,Открытие выставки прошло великолепно.,The opening of the exhibition was great.
2605,В шестнадцатом веке сделано много географических открытий.,Many geographical discoveries were made in the sixteenth century.
2606,Мне не нравится такое отношение с вашей стороны. ,I don't like that attitude from you.
2607,Саша рассказал о своём отношении к искусству.,Sasha talked about his attitude toward art.
2608,Вася учится на факультете международных отношений.,Vasya is studying at the Department of International Relations.
2609,Я хочу отправить посылку.,I want to send a parcel.
2610,Мы отправили статью в журнал.,We sent an article to the journal.
2611,Я отправил вам отчёт вчера днём.,I sent you a report yesterday afternoon.
2612,"У меня сломался телефон, и я не могу отправлять сообщения.",My phone is broken and I can't send messages.
2613,Родители отправляют мне деньги раз в месяц.,My parents send me money every month.
2614,Андрей отправляет много писем каждый день.,Andrey sends a lot of e-mails every day.
2615,Какое у тебя отчество?,What's your patronymic?
2616,Кто вы по отчеству? Иванович.,What's your patronymic? Ivanovich.
2617,"Мне нужны ваши документы с именем, фамилией и отчеством.","I need your documents with your name, surname and patronymic."
2618,Ваши курсовые работы будет оценивать комиссия.,Your course papers will be graded by the committee.
2619,Экономисты оценивают ситуацию на рынке.,Economists evaluate the situation of the market.
2620,Как вы оцениваете свои шансы?,How do you rate your chances?
2621,Курс рубля сейчас падает.,The rouble is falling now.
2622,Вчера падал крупный снег.,A heavy snow fell yesterday.
2623,С деревьев падали жёлтые листья.,Yellow leaves fell from the trees.
2624,Он показал пальцем на схему.,He pointed at a diagram.
2625,Не щёлкай пальцами! Меня это раздражает.,Don't snap your fingers! It annoys me.
2626,Преступник оставил отпечатки пальцев.,The offender left his fingerprints.
2627,Михаил работает в парламенте.,Mikhail works in the parliament.
2628,Парламент принял новый закон.,The parliament passed a new law.
2629,Этого депутата исключили из парламента.,That deputy was expelled from the parliament.
2630,Кандидат от либеральной партии победил на выборах.,The Liberal Party candidate won the election.
2631,Партия набрала большинство голосов.,The party got the most votes.
2632,Мой друг недавно вступил в партию.,My friend has recently joined the party.
2633,Мой любимый певец скоро выступит в Москве.,My favorite singer will perform in Moscow soon.
2634,На фестиваль приехали певцы и музыканты.,Singers and musicians came to the festival.
2635,"Фанаты певца подошли, чтобы взять автограф.",The singer’s fans came forward to get his autograph.
2636,Певица Мадонна выпустила новый альбом.,The singer Madonna has released a new album.
2637,Недавно я взяла автограф своей любимой певицы.,I recently got my favorite singer’s autograph.
2638,В детстве я хотела стать певицей.,When I was a child I wanted to be a singer.
2639,Моя бабушка уже давно получает пенсию.,My grandma has been receiving a pension for a long time.
2640,Какой сейчас минимальный размер пенсии?,What is the minimum pension now?
2641,Пенсия увеличивается каждый год.,The pension increases every year.
2642,Саша недавно написал и опубликовал свою первую книгу.,Sasha recently wrote and published his first book.
2643,Нил Армстронг – первый человек на Луне.,Neil Armstrong is the first man on the Moon.
2644,С первого раза у тебя ничего не получится.,You won’t succeed the first time.
2645,Я работаю в бюро переводов.,I work for an interpreting firm.
2646,Мне больше нравится этот вариант перевода.,I prefer this version of the translation.
2647,Существуют переводы Библии почти на все языки.,There are translations of the Bible in almost all languages.
2648,Вчера я начал переводить статью на английский.,Yesterday I started translating the article into English.
2649,"Нужно быть внимательным, переводя текст.",You need to be focused when translating the text.
2650,Алексей – переводчик. Он переводит документы на немецкий язык.,Alexey is a translator. He translates documents into German.
2651,Корреспондент передаёт новости с места событий.,The correspondent transmits news from the scene.
2652,Чемпионат мира по футболу будут передавать по всем каналам.,The World Cup will be broadcast on all channels.
2653,Компьютеры передают информацию по всему миру.,Computers transmit information all around the world.
2654,"Переезжая от родителей, я забыл у них ноутбук. Пришлось вернуться за ним.","When I was moving out of my parents’ place, I forgot my laptop there. I had to go back for it."
2655,Я не люблю переезжать с места на место.,I don't like to move from place to place.
2656,Мои родители раньше часто переезжали.,My parents used to move often.
2657,Петя недавно переехал в Москву.,Petya has recently moved to Moscow.
2658,"Мы недавно переехали, ещё никого не знаем.",We've moved recently and don't know anyone yet.
2659,Я хочу переехать в Санкт-Петербург.,I want to move to Saint Petersburg.
2660,По дороге в Рим мы сделали пересадку в Берлине.,"On the way to Rome, we had a connection in Berlin."
2661,Вася переходит на третий курс.,Vasya is moving up to the third year course.
2662,Сегодня многие люди переходят на карты вместо наличных.,Today many people are switching to credit cards instead of cash.
2663,Нельзя переходить дорогу на красный свет!,Don’t cross the road when the light is red.
2664,"В этом фильме всё прекрасно: и игра актёров, и сюжет, и песни.","Everything in this film is wonderful: the acting, the plot, and the songs."
2665,Эта песня мне очень нравится!,I really like this song!
2666,Я умею играть эту песню на гитаре.,I can play this song on the guitar.
2667,Мы испекли пирог. Хочешь попробовать?,We baked a pie. Do you want to try it?
2668,Я очень люблю пироги.,I really like pies.
2669,"Положи мне кусочек пирога, пожалуйста.","Give me a piece of pie, please."
2670,В детстве бабушка пекла мне пирожки.,When I was a child my grandmother baked buns for me.
2671,Будешь пирожок с яблоком?,Will you have an apple pie?
2672,Маша не умеет плавать.,Masha can't swim.
2673,Раньше я хорошо плавала.,I used to swim well.
2674,Летом мы ездили на море и много плавали.,In the summer we went to the sea and swam a lot.
2675,Я очень расстроилась из-за экзамена и даже плакала.,I was very upset about the exam and even cried.
2676,"Ребёнок плачет, потому что хочет есть.",The child is crying because he wants to eat.
2677,В детстве я много плакал.,I cried a lot in my childhood.
2678,Уже пора платить за квартиру.,It's time to pay the rent.
2679,"Я только что устроилась на работу, мне платят немного.","I just got a job, I'm not paid much."
2680,Кто платит за ужин?,Who is paying for dinner?
2681,Вчера я купила новый плащ.,Yesterday I bought a new raincoat.
2682,Осенью я люблю ходить в плаще.,In autumn I like to wear a raincoat.
2683,Завтра будет дождь. Я возьму с собой в поездку свитер с плащом. ,It will rain tomorrow. I'll take a raincoat and a sweater on the trip.
2684,"Смотри, корабль плывёт!","Look, the ship is sailing!"
2685,"Ветер сильный, поэтому облака плывут быстро.","The wind is strong, that's why the clouds are moving fast."
2686,Плыть против течения тяжело.,It's hard to swim against the current.
2687,Победа в этом соревновании очень важна для меня.,It's very important for me to win in this competition.
2688,Девятого мая в России отмечают День Победы.,On May 9th people in Russia celebrate Victory Day.
2689,Наша команда одержала победу.,Our team has won.
2690,Добро всегда побеждает!,Good always triumphs.
2691,Наши футболисты начали побеждать в этом сезоне.,Our football team began to win this season.
2692,Демократы давно не побеждали на выборах.,Democrats haven't won the election for a long time.
2693,Нам нужно побеседовать. Встретимся завтра?,We need to talk. Shall we meet tomorrow?
2694,Я хочу вас поблагодарить за эту возможность.,I want to thank you for this opportunity.
2695,Начальник недавно поблагодарил меня за хорошую работу.,My boss recently thanked me for doing a good job.
2696,Маша поблагодарила официанта и оплатила счёт.,Masha thanked the waiter and paid the bill.
2697,Я побывал в пяти странах этим летом.,I visited 5 countries this summer.
2698,Мне было бы интересно побывать в Японии.,I'd like to visit Japan.
2699,Осенью мы побывали в Румынии.,We visited Romania this autumn.
2700,Тебе очень повезло!,You got really lucky!
2701,"Надеюсь, мне повезёт на экзамене.",I hope I will get lucky on the exam.
2702,"Петя серьёзно заболел, и его повезли в больницу.",Petya got seriously ill and was taken to the hospital.
2703,Ты выходишь замуж? Не могу поверить!,You're getting married? I can't believe it!
2704,"Поверьте Ивану, он специалист в этом вопросе.",You can trust Ivan because he's an expert in this field.
2705,Зря я ему поверил.,I shouldn't have believed him.
2706,Бег поднимает мне настроение.,Running makes me feel better.
2707,"""За любовь!"" - сказал Андрей, поднимая бокал.","""To love!"" - said Andrey raising his glass."
2708,Тебе нельзя поднимать тяжести!,Don't lift weights!
2709,Ты умеешь сидеть в позе лотоса?,Can you sit in the lotus position?
2710,Актёры приняли одинаковые позы.,The actors took the same posture.
2711,Модель приняла странную позу.,The model took a strange posture.
2712,"Я позвал всех в кафе во вторник, но многие не смогут прийди. Нужно выбрать другой день.",I invited everyone to the cafe on Tuesday but many of them can't come. I have to choose another day.
2713,Я хочу позвать друзей в гости на Новый год.,I want to invite my friends to my New Year’s party.
2714,Ты уже позвала всех на день рождения?,Did you invite all your friends to your birthday party?
2715,Я бы хотел поздравить вас с днём свадьбы! Желаю счастья и благополучия.,Congratulations on your wedding day! I wish you happiness and well-being.
2716,Завтра мы поздравим папу с юбилеем.,Tomorrow we will congratulate our dad on his jubilee.
2717,Почему ты не поздравил коллег с Новым годом?,Why didn't you congratulate your colleagues on the New Year?
2718,От души вас поздравляем!,We congratulate you with all our heart!
2719,Каждый год президент поздравляет граждан России с Новым годом.,Every year the president congratulates the citizens of Russia on the New Year.
2720,Поздравляю с Международным женским днём!,Congratulations on International Women's Day!
2721,"Ты знаешь Васю? Нет, мы ещё не успели познакомиться.","Do you know Vasya? No, we haven't met yet."
2722,Недавно я познакомился с очень красивой девушкой.,Recently I met very beautiful girl.
2723,Мы с Аней познакомились в школе.,Anya and I met at school.
2724,Я хочу тебе кое-что показать.,I want to show you something.
2725,Иван наглядно показал результат своего исследования.,Ivan clearly showed the result of his research.
2726,"Исследования показали, что скоро многих работников заменят роботы.",Studies have shown that many workers will soon be replaced by robots.
2727,Что это за шум? Тебе показалось.,"What’s that noise? No, you just thought you heard something."
2728,Я боюсь показаться глупым.,I'm afraid of looking like a fool.
2729,Из-за облаков показался самолёт.,A plane appeared from behind the clouds.
2730,"Опыт показывает, что эти телефоны часто ломаются.",Experience shows that these phones often break down.
2731,По телевизору показывают фигурное катание.,There is figure skating on TV now.
2732,Показывать язык невежливо!,It's impolite to srick out your tongue!
2733,Тарелка упала на пол и разбилась.,The plate fell to the floor and broke.
2734,"Не сиди на полу, там холодно.","Don't sit on the floor, it's cold."
2735,Нужно собрать осколки с пола.,We need to gather up the shards from the floor.
2736,"Учёные полагают, что население Земли будет расти.",Scientists believe that the Earth's population will grow.
2737,"Надо полагать, это действительно так.",One has to believe that it really is that way.
2738,"Я полагаю, что так будет лучше.",I believe that it will be better that way.
2739,Игрока удалили с поля за нарушение правил.,The player was removed from the field for breaking the rules.
2740,Это футбольное поле очень большое.,This soccer field is very big.
2741,Летом мы побывали на Елисейских полях.,This summer we visited the Champs Elysees.
2742,В овощах содержится много полезных веществ.,Vegetables contain many nutrients.
2743,Заниматься спортом полезно для здоровья.,Sports are good for one’s health.
2744,Некоторые компьютерные игры полезны для развития ребёнка.,Some computer games are useful for child development.
2745,Весной мы полетели на отдых в Турцию. Нам очень понравлось.,This spring we flew to Turkey on vacation and really liked it.
2746,"Смотри, самолёт полетел!","Look, a plane flew by!"
2747,Скоро птицы полетят на юг.,The birds will soon fly south.
2748,Завтра я пойду в поликлинику на обследование.,Tomorrow I will go to the doctor’s office for an examination.
2749,С утра в поликлинике много народу.,There are a lot of people in the clinic in the morning.
2750,Большое количество мигрантов – это проблема внешней политики.,A large number of migrants is a foreign policy problem.
2751,Такая политика никуда не годится.,This policy is unacceptable.
2752,Я не люблю разговоры про политику.,I don't like to talk about politics.
2753,В зале собрались представители политических партий.,The representatives of the political parties gathered in the hall.
2754,Эта ситуация очень удобна для политической элиты.,This situation is very profitable for political elites.
2755,Политическая обстановка в стране нестабильна.,The political situation in the country is unstable.
2756,В войну мой дедушка командовал полком.,During the war my grandfather was in a command of a regiment.
2757,Он прошёл мимо стоявших строем полков.,He passed by the regiments that were standing in formation.
2758,Командир полка готовился к бою.,The regiment commander was preparing for battle.
2759,"Мне кажется, все любят получать подарки.",I think that everyone likes getting presents.
2760,Сколько он получает?,What is his pay?
2761,"Петя и Маша получают повышенную стипендию, потому что хорошо учатся.",Petya and Masha receive an increased scholarship because they study hard.
2762,Мне нужно получить доступ к этой базе данных.,I need to get access to this database.
2763,Мой сын получил приз за лучшее сочинение.,My son received a prize for the best composition.
2764,Его родители получили образование за рубежом.,His parents got their education abroad.
2765,Где здесь можно поменять доллары на рубли?,Where can I change dollars for rubles?
2766,Многие успешные люди поменяли профессию в зрелом возрасте.,Many successful people changed their profession in adulthood.
2767,Я недавно поменял работу. Здесь мне нравится гораздо больше!,I recently changed my job. I like it here much more!
2768,Ничто не могло помешать ему воплотить свою мечту.,Nothing could stop him from realizing his dream.
2769,Друзья никогда не помешают.,Friends never hurt.
2770,"Он хотел переехать в Москву, но ему что-то помешало.","He wanted to move to Moscow, but something prevented him from doing it."
2771,Я люблю помогать людям.,I like to help people.
2772,Коля помогает своим родителям финансово.,Kolya helps his parents financially.
2773,Занятия рисованием помогают мне сосредоточиться.,Drawing lessons help me to concentrate.
2774,Могу я вам помочь?,Can I help you?
2775,Это лекарство точно поможет.,This medicine will definitely help.
2776,Вчера Саша помог мне с домашней работой.,Sasha helped me with my homework yesterday.
2777,Такое красивое фото можно сделать только с помощью фотоаппарата.,Such a beautiful photograph can only be taken with a camera.
2778,Я доделал работу не без твоей помощи. Спасибо!,With your help I finished the job. Thanks!
2779,Спасибо большое тебе за помощь!,Thank you very much for your help!
2780,Завтра будем делать уборку. Нужно помыть окна.,We will clean up tomorrow. We need to wash the windows.
2781,Я помою посуду.,I'll wash the dishes.
2782,Вы уже помыли руки?,Did you wash your hands?
2783,"Я не понимаю, почему он так поступил.",I don't understand why he behaved like that.
2784,Ты понимаешь французский язык?,Do you understand French?
2785,Это поможет нам лучше понимать друг друга.,It will help us understand each other better.
2786,Я не могу понять смысл этой песни.,I can't make sense of this song.
2787,"Он понял, что был не прав.",He realized that he was wrong.
2788,"Ещё в детстве я поняла, что хочу стать певицей.",When I was a child I realized that I wanted to be a singer.
2789,Он пообещал прийти к пяти часам.,He promised to come at five o'clock.
2790,"Петя может пообещать что угодно, но ничего не сделать.",Petya can promise everything but do nothing.
2791,Чиновники пообещали поднять пенсии.,The officials promised to raise pensions.
2792,Мой преподаватель пишет статьи для популярных научных журналов.,My teacher writes articles for popular science magazines.
2793,Шахматы – это очень популярная интеллектуальная игра.,Chess is a popular intellectual game.
2794,В детстве я хотел стать популярным писателем.,When I was a child I wanted to become a popular writer.
2795,Я успел купить последние билеты на самолёт.,I managed to buy the last tickets for the flight.
2796,В течение последних двух лет я работал программистом.,I've been working as a programmer for the past two years.
2797,"Последнее время я встаю очень поздно, в одиннадцать утра.","Lately I’ve been getting up very late, at eleven am."
2798,Это послужит тебе хорошим уроком на будущее.,This will be a good lesson for you for the future.
2799,Что послужило поводом для вашего конфликта?,What was the reason for your conflict?
2800,Исследования социального неравенства послужили основой для моей курсовой работы.,Social inequality studies served as the basis for my termpaper.
2801,В этом баре можно послушать живую музыку.,You can listen to live music in this bar.
2802,Почему ты не послушал моего совета?,Why didn't you listen to my advice?
2803,Обязательно послушай эту песню! Тебе понравится.,You have to listen to this song! You'll enjoy it.
2804,Что ты можешь посоветовать в этой ситуации?,What's your advice in this situation?
2805,Друзья посоветовали мне прочитать эту книгу.,My friends told me to read this book.
2806,Вася посоветовал мне сходить к психологу.,Vasya advised me to go to a psychologist.
2807,Посол Великобритании сделал сенсационное заявление.,British ambassador made a sensational statement.
2808,Интервью американского посла вызвало бурную реакцию.,An interview with the US ambassador caused a furious reaction.
2809,Что вы думаете о после Нидерландов и его поведении в этой ситуации?,What do you think about the ambassador of the Netherlands and his behavior in this situation?
2810,Посольство Франции отказалось от комментариев.,The Embassy of France declined to comment.
2811,Мой отец работает пресс-секретарём российского посольства.,My father is a press secretary in the Russian Embassy.
2812,Муж моей подруги работает в посольстве и часто ездит в комадировки.,My friend's husband works in the embassy and often goes on business trips.
2813,Попробуй поставить себя на его место. ,Try to put yourself in his position.
2814,Врач поставил мне диагноз – бронхит.,"The doctor gave me a diagnosis, it's bronchitis."
2815,Мы быстро поставили палатку и начали жарить шашлык.,We quickly set a tent up and started our barbecue.
2816,"Я катался на коньках, потерял равновесие и упал.","When skating, I loss my balance and fell."
2817,Мы уже потеряли надежду найти дорогу домой.,We've already lost hope of finding our way home.
2818,Где ты мог потерять ключи?,Where could you have lost your keys?
2819,Он потратил уйму денег на ремонт квартиры.,He spent a pile of money renovating his apartment.
2820,Я планирую потратить на поездку пятьдесят тысяч рублей.,I plan to spend 50 thousand rubles on a trip.
2821,"Мы потратили два часа, чтобы добраться до дома. На дороге были жуткие пробки!",We spent 2 hours getting home because of terrible traffic jams.
2822,Он наклонился и поцеловал свою жену.,He bent down and kissed his wife.
2823,Дай я тебя поцелую.,Let me kiss you.
2824,Света поцеловала его на прощание.,Sveta kissed him goodbye.
2825,Нужно уметь пошутить над собой.,You need to know how to make fun of yourself.
2826,"Не обижайся, я же пошутил!","No offense, I was joking!"
2827,"Я боялся, что пошучу неудачно, и поэтому ничего не сказал.",I was afraid that my joke would be bad so I didn’t say anything.
2828,"Начало девятнадцатого века – это ""золотой век"" русской поэзии.","The beginning of the 19th century is the ""golden age"" of Russian poetry."
2829,Мне очень нравится поэзия Сергея Есенина.,I really love Sergei Yesenin‘s poetry.
2830,"Я не люблю поэзию, мне больше нравится проза.",I don't like poetry and prefer prose instead.
2831,"Когда появляется возможность и время, я бегаю по утрам.","When I have the opportunity and time, I run in the morning."
2832,Сейчас у человека появляются возможности работать из любой точки мира.,Now people have the opportunity to work from any place on Earth.
2833,Мы уехали на дачу и не появлялись дома со среды. А что случилось?,We went to our cottage and haven’t been home since Wednesday. What happened?
2834,"Я слышал, ты переезжаешь в Германию. Это правда?",I heard you're moving to Germany. Is it true?
2835,Не всегда приятно говорить правду.,It's not always pleasant to tell the truth.
2836,Поклянись говорить только правду и ничего кроме правды.,Swear to tell the truth and nothing but the truth.
2837,Люди хотят больше социальных гарантий от правительства.,People want to get more social protection from the government.
2838,Правительство одобрило новый закон.,The government approved the new law.
2839,Президент поручил правительству снизить тарифы.,The president instructed the government to cut fees.
2840,В 1861 году в Российской империи отменили крепостное право.,In 1861 serfdom was abolished in the Russian Empire.
2841,Мой друг работает в МВД без права выезда за границу.,My friend works in the Ministry of Internal Affairs and can't travel abroad.
2842,Сейчас всё чаще обсуждается защита прав женщин.,The protection of women’s rights is discussed more often now.
2843,"Сегодня праздник, у Маши день рождения!",Today is a holiday because it’s Masha’s birthday!
2844,Я заболел накануне праздника и не смог прийти.,I fell ill on the eve of the holiday and couldn't come.
2845,"Скоро новогодние праздники, можно будет отдохнуть как следует.","The New Year holidays are coming soon, so you can get a good rest."
2846,Петя предлагает поехать на выходные в Петербург. Ты с нами?,Petya is suggesting going to St. Petersburg for a weekend. Do you want to go with us?
2847,Производители предлагают посуду из экологически чистых материалов.,The manufacturers offer dishes made from environmentally friendly materials.
2848,"Мне предлагали командировку в Италию, но я отказался.","I was offered a business trip to Italy, but I refused."
2849,Я предложил соседу по купе поменяться местами.,I suggested to the person next to me in the compartment that we switch places.
2850,Что тебе может предложить эта компания?,What can this company offer you?
2851,Недавно родители предложили мне приехать к ним на каникулы.,Recently my parents invited me to visit them on vacation.
2852,Президент недоволен темпами развития экономики.,The president is dissatisfied with the pace of economic development.
2853,Восемнадцатого марта прошли выборы президента Российской Федерации.,The election of the president of the Russian Federation was held on March 18th.
2854,Ты действительно хочешь стать президентом?,Do you really want to be the president?
2855,Какой прекрасный вид!,What a terrific view!
2856,"Прекрасные фотографии, мне они очень нравятся.","Terrific photographs, I really like them."
2857,"Всё прошло просто прекрасно, спасибо.","Everything was just fine, thanks."
2858,"«К сожалению, булочки с корицей закончились», — ответила мне продавщица.","""Unfortunately we have run out of cinnamon buns"", the saleswoman told me."
2859,"В магазине мне пришлось немного подождать, потому что все продавщицы были заняты.",I had to wait a little while in the shop because all the saleswomen were busy.
2860,"Я увидела, как покупатели о чём-то ругаются с продавщицей.",I saw that customers were arguing with a saleswoman about something.
2861,"Разбуди меня, когда будем проезжать Казань.",Wake me up when we pass through Kazan'.
2862,По дороге в Германию мы проезжали Польшу.,On the way to Germany were passed through Poland.
2863,"Он всегда проезжает Кремль, когда едет на работу.",He always passes through the Kremlin on his way to work.
2864,"Подскажите, пожалуйста, как проехать до Третьяковской галереи.",Tell me please how to get to the Tretyakov gallery.
2865,Я снова проехал мимо нужного поворота.,I drove past the turn I need to make again.
2866,В первый день путешествия мы проехали всего двести километров.,On the first day of the trip we drove only two hundred kilometers.
2867,"Исследователи узнали у россиян, проживающих за границей, как часто они ездят в Россию.",The researchers asked Russians living abroad how often they travel to Russia.
2868,Раньше на этой территории проживали германские племена.,Germanic tribes used to live in that territory before.
2869,"Отель, где проживают члены сборной Италии по футболу, взят под охрану.","The hotel, where members of the Italian national soccer team are staying, is being guarded by security forces."
2870,,
2871,"Дом стоял в нижнем конце улицы, рядом с заливом, за доком.","The house was at the bottom of the street, near the bay, behind the dock."
2872,Существительное в русском языке изменяется по числам и по падежам.,In Russian a noun is inflected for number and case.
2873,"Смотрите! Такая форма глагола называется повелительным наклонением, или императивом.",Look! This verb form is called the imperative.
2874,Они нашли в гараже огромную коробку со старыми видеокассетами из своего детства.,They found a huge box of old videotapes from their childhood in the garage.
2875,С таким счётом Федерер ещё не проигрывал.,Federer hasn’t lost with such a score before.
2876,Он больше всех рискует и чаще всех проигрывает.,He risks more than anybody and loses more often than anybody.
2877,"Раньше мы постоянно проигрывали сборной Германии, а теперь наконец выиграли у них матч.","Previously we were constantly losing to the German national team, and now finally have won this match with them."
2878,На выставке представлено около ста произведений итальянской живописи и графики второй половины девятнадцатого века.,About a hundred works of Italian painting and graphics of the second half of the nineteenth century are on display at the exhibition.
2879,Для выставки сотрудники музея отобрали произведения из фондов музея и написали к ним тексты.,"For the exhibition, the museum staff selected works from the museum’s archives and wrote texts for them."
2880,«Война и мир» — наиболее известное произведение Льва Толстого.,"""War and peace"" is the most famous work of Leo Tolstoy."
2881,"Несмотря на сюжет, книга в целом производит светлое впечатление.","Despite the plot, the book as a whole makes a favorable impression."
2882,"С февраля на заводе начали стали производить не только телевизоры, но и компьютеры.","Since February, the factory began to produce not only TVs, but also computers."
2883,"Сегодня российские автомобили ВАЗ производят на территории четырёх стран: Украины, Казахстана, Египта и Эквадора.","Today, Russian VAZ cars are produced on the territory of four countries: Ukraine, Kazakhstan, Egypt and Ecuador."
2884,Он предпочитал покупать товары российского производства.,He preferred to buy goods made in Russia.
2885,"Мы надеемся, что нам удастся запустить производство итальянского сыра в России.",We hope that we will be able to launch the production of Italian cheese in Russia.
2886,Этот металл используется в производстве микросхем.,This metal is used in the manufacture of microchips.
2887,Мой сын очень смешно произносит звук «р».,My son pronounces the ‘r’ sound in a very funny way.
2888,"Он всегда улыбался, когда произносил имя своей жены.",He always smiled when he pronounced his wife’s name.
2889,Одно и то же слово в разных диалектах произносят по-разному.,The same word is pronounced differently in different dialects.
2890,"Омонимы — слова, одинаковые в произношении, но разные по смыслу.",Homonyms are words that are pronounced the same way but mean different things.
2891,Существуют разные варианты произношения этого слова.,There exist different variants for the pronounciation of that word.
2892,На уроках английского учителя часто хвалили моё произношение.,"During English lessons, teachers often praised my pronunciation."
2893,«Что здесь происходит?» — спросила Анна удивлённо.,"“What’s going on here?”, Anna asked in surprise."
2894,"Что происходило дальше, я не знаю, потому что остался в коридоре.",I don't know what happened next because I stayed in the corridor.
2895,Выборы президента происходят в России раз в шесть лет.,Presidential elections take place in Russia every six years.
2896,Для российской промышленности ― это путь в никуда.,For Russian industry this path leads nowhere.
2897,Промышленность в стране почти отсутствует.,Industry in the country is almost absent.
2898,"Выяснилось, что у нас проблемы с пищевой промышленностью.",It turned out that we have problems with the food industry.
2899,Для строительства новых промышленных объектов требуется разрешение мэра.,The mayor's permission is required for the construction of new industrial sites.
2900,Восточная часть города занята промышленными предприятиями.,The eastern part of the city is occupied by industrial enterprises.
2901,"Этот город появился, когда в нем построили первые промышленные предприятия.",This city was founded when the first industrial enterprises were built there.
2902,В отпуске я просыпался поздно.,I woke up late when I was on vacation.
2903,Она никогда не просыпалась раньше десяти утра.,She never woke up before ten in the morning.
2904,Во сколько Марк обычно просыпается?,When does Mark usually wake up?
2905,В процессе работы мы обнаружили проблемы с оборудованием.,In the course of the job we found problems with the equipment.
2906,"Если эта встреча состоится, процесс переговоров возобновится.","If this meeting takes place, the negotiation process will resume."
2907,Для облегчения процесса поиска были внедрены новые технологии.,New technologies have been introduced to facilitate the search process.
2908,"Он никогда не прощается, когда уходит.",He never says goodbye when he leaves.
2909,"Прощаясь, не забудьте улыбнуться.","When saying goodbye, don’t forget to smile."
2910,Она не любила прощаться с людьми и старалась уходить незаметно.,She didn't like to say goodbye to people so she tried to leave unnoticed.
2911,"Откуда у маленьких детей столько энергии, чтобы бегать и прыгать?",Where do little children have so much energy to run and jump?
2912,"Наша собака весело прыгает, когда мы возвращаемся домой.",Our dog jumps with joy when we come home.
2913,На Олимпийских играх спортсмены прыгают в высоту на несколько метров.,"At the Olympic games, athletes jump to a height of several meters."
2914,Он долго думал и наконец прыгнул с парашютом.,He was thinking for a long time and finally jumped with a parachute.
2915,Я бы никогда не согласился прыгнуть с такой высоты.,I would never agree to jump from such a height.
2916,Она легко прыгнула в воду и поплыла.,She easily jumped into the water and started swimming.
2917,Прямая трансляция королевской свадьбы начнётся ровно в полдень.,Live broadcast of the Royal wedding will begin exactly at noon.
2918,Мы вернулись из похода и в прямом смысле упали от усталости.,We came back from hiking and literally fell down from exhaustion.
2919,"Мы не можем ничего изменить в программе, у нас прямой эфир.","We can’t change anything in the program, we are broadcasting live."
2920,Эти исследователи проводят много психологических тестов.,These researchers conduct a lot of psychological tests.
2921,Тебе нужно позвонить в службу психологической помощи.,You need to call psychological help services.
2922,В современной школе нет психологического комфорта для учеников.,In modern schools there is no psychological comfort for students.
2923,На столе остались только пустые тарелки и бутылки.,Only empty dishes and bottles remained on the table.
2924,В гости не приходят с пустыми руками.,It is not considered polite to come to visit someone empty-handed.
2925,Заниматься этим лишь пустая трата времени.,Doing that is a waste of time.
2926,Этот секрет мне рассказали опытные путешественники.,This secret was told to me by experienced travelers.
2927,"Отель вполне подходит как для путешественников, так и для людей, приехавших в командировку.",The hotel is quite suitable for both travelers and people who come on a business trip.
2928,"Андрей — самый активный путешественник из всех людей, которых я знаю.",Andrey is the most active traveler of all the people I know.
2929,,
2930,Сейчас соберу чемодан и можно отправляться в путь!,I will pack a suitcase right now and we can hit the road!
2931,"Он не боялся трудностей, которые могут встретиться в пути.",He was not afraid of the difficulties that might come in his way.
2932,"Он не сомневался, что идёт верным путём.",He had no doubt that he was on the right track.
2933,"Я пытался помочь ему, но ничего не получилось.","I tried to help him, but it didn't work."
2934,Он уже десять минут пытается открыть дверь — что-то сломалось.,He's been trying to open the door for ten minutes — something's broken.
2935,"Сломанные вещи они даже не пытались чинить, а сразу покупали новые.","They didn't even try to repair the broken things, but immediately bought new ones."
2936,Пьеса шла с большим успехом в театрах Москвы.,The play had great success in Moscow theaters.
2937,Автор этой пьесы остался для нас неизвестным.,The author of this play remained unknown to us.
2938,Ты уже прочитал пьесу? Что думаешь?,Have you read the play yet? What you think?
2939,"Мне было всё равно, куда идти.",I didn't care where I went.
2940,"Она считала, что с детьми нужно общаться на равных.",She believed that one should talk to children as to equals.
2941,Чему равна глубина океана?,What is the depth of the ocean?
2942,"Ты очень изменился, и это меня радует.","You've changed a lot, and that makes me happy."
2943,"Если цветы не поливать, то они будут радовать вас недолго.","If the flowers are not watered, they won't make you happy for long."
2944,После развода с мужем даже любимый пёс её не радовал.,"After the divorce with her husband, even her beloved dog didn’t make her happy."
2945,"Почему в мире так мало людей, способных искренне радоваться чужому успеху?",Why are there so few people in the world who can truly be happy about someone else's success?
2946,"Когда он правильно называет слово на иностранном языке, он радуется, как ребёнок.","When he says the right word in a foreign language, he is as happy as a child."
2947,Все в зале радовались быстрому началу концерта.,Everyone in the concert hall was happy when the concert started right away.
2948,В последние годы рынок беспилотных автомобилей стал активно развиваться.,In recent years the market for driverless vehicles has been actively developing.
2949,"Президент считает, что самое главное, что страна стабильно развивается экономически.",The President believes that the most important thing is that the country is developing economically.
2950,Его компании быстро развиваются.,His companies are developing quickly.
2951,Под предлогом благотворительности они пытались украсть деньги.,Under the pretext of charity they tried to steal money.
2952,Слова в именительном падеже редко употребляются с предлогами.,Words in the nominative case are rarely used with prepositions.
2953,Ты забыл поставить предлог в это предложение.,You forgot to put a preposition in that sentence.
2954,Александр — доцент факультета лингвистики.,Alexander is a senior lecturer at the Faculty of linguistics.
2955,Он теперь академик и очень важная в лингвистике фигура.,He is now an academician and a very important figure in linguistics.
2956,"Закончив школу, он решил изучать лингвистику в университете.","After graduating from school, he decided to study linguistics at the university."
2957,Игры с другими детьми очень полезны для развития ребёнка.,Games with other children are very good for the development of a child.
2958,Николай взял кредит на развитие бизнеса.,Nikolay took a loan to develop his business.
2959,"Он считает, что страна отстала в развитии на несколько веков.",He believes that the country is several centuries behind in its development.
2960,Эта актриса чётко разделяет личное и публичное.,This actress strictly separates her personal life from her public life.
2961,Она не разделяла его взглядов на семью.,She didn't share his views on the family.
2962,Друзья не разделяют его оптимизма.,His friends do not share his optimism.
2963,Со временем друзья разделяются на группы по интересам.,"Over time, friends are divided into groups according to their interests."
2964,"В зале были зрители, разделяющиеся на тех, кто купил билет, и тех, кого пригласили актёры.",The audience was divided into those who bought tickets and those who were invited by the actors.
2965,Через пять километров река разделяется на две.,After five kilometers the river splits in two.
2966,В чём разница между любовью и дружбой?,What is the difference between love and friendship?
2967,Для нас нет принципиальной разницы — придёт он или нет.,For us there is no fundamental difference whether he comes or not.
2968,Ты можешь объяснить мне разницу между бензином и дизелем?,Can you tell me the difference between gasoline and diesel fuel?
2969,Он не разрешает сотрудникам опаздывать.,He doesn't allow employees to be late.
2970,Родители не разрешают Васе есть конфеты.,His parents don’t allow Vasya to eat candy.
2971,Директор не хочет разрешать сотрудникам ходить на работу в джинсах.,The director does not want to allow employees to wear jeans to work.
2972,"Учёба начинается через неделю, а у нас всё ещё нет расписания занятий.","School starts in a week, and we still don't have a schedule of classes."
2973,Поезд Москва-Казань прибудет по расписанию.,The Moscow-Kazan train will arrive on schedule.
2974,Он хотел узнать расписание поездов до Воронежа.,He wanted to know the schedule for trains to Voronezh.
2975,Он был свидетелем революции в России в 1917 году.,He witnessed the revolution in Russia in 1917.
2976,Великая французская революция произошла четырнадцатого июля 1789 года.,The French Revolution took place on July 14th 1789.
2977,Оппозиции не удалось провести в стране революцию.,The opposition failed to carry out a revolution in the country.
2978,Случаи заболевания корью в современном мире достаточно редки.,Cases of measles in the modern world are quite rare.
2979,Болезнь Фабри — редкое наследственное заболевание.,Fabry's disease is a rare genetic disorder.
2980,Редкие виды животных находятся на грани исчезновения.,Rare species of animals are on the verge of extinction.
2981,"Для салата Катя режет лук, а Петя — помидоры.",For the salad Katya is slicing up onions and Petya is slicing up tomatoes.
2982,"Она не любит резать лук, потому что плачет от этого.",She doesn't like to slice onions because it makes her cry.
2983,"Он так громко кричал, как будто его режут.",He was screaming so loud as if he was being wounded.
2984,В нашем университете только мужчины были ректорами.,It was only men who were rectors in our university.
2985,Кто ректор в вашем университете?,Who is the rector of your university?
2986,Это очень лёгкий рецепт! Тебе понадобится всего пятнадцать минут.,It’s a very easy recipe! It will take just fifteen minutes.
2987,"Я попробовал больше двадцати рецептов тирамису, пока не нашёл идеальный.",I tried more than twenty recipes for tiramisu before I found the perfect one.
2988,Ане нравились рецепты выпечки из новой книги.,Anya liked the baking recipes in the new book.
2989,"Здесь речь идёт не только о любви, но и о смысле жизни.","Here we are talking not only about love, but also about the meaning of life."
2990,О такой дорогой покупке и речи быть не могло!,Such an expensive purchase was out of the question!
2991,В начале вечера выступил президент с небольшой речью.,At the beginning of the evening the President gave a short speech.
2992,В детстве он был решительным и независимым ребёнком.,"As a child, he was decisive and independent."
2993,Она дала решительный ответ на их предложение.,She gave a decisive response to their proposal.
2994,Пришла пора для решительных действий.,The time has come for decisive action.
2995,Маме всегда нравится рисунок её ребёнка.,A mother always likes her child’s drawing.
2996,Кто нарисовал этот рисунок?,Who drew this picture?
2997,"Без рисунка не понятно, как собрать замок из этого конструктора.",Without a drawing it is not clear how to make a castle from these lego pieces.
2998,Они не виделись с прошлого Рождества.,They haven't seen each other since last Christmas.
2999,В России поздравляют с Рождеством седьмого января.,In Russia people celebrate Christmas on the 7th of January.
3000,Где вы празднуете Рождество в этом году?,Where will you celebrate Christmas this year?
3001,"Я не люблю, как пахнут розы.",I don't like the smell of roses.
3002,Он подарил жене букет из красных роз.,He gave his wife a bouquet of red roses.
3003,Она купила платье с розами.,She bought a dress with roses on it.
3004,Где мои розовые носки?,Where are my pink socks?
3005,Она надела белое платье с розовыми полосками.,She put on a white dress with pink stripes.
3006,Мне не нравится это розовое платье.,I don't like this pink dress.
3007,Из соседней комнаты были слышны звуки рояля.,The sounds of a piano could be heard from the next room.
3008,Как красиво он умел играть на рояле!,He knew how to play the piano so beautifully!
3009,Это новый рояль? А где теперь наш старый?,Is this a new piano? Where's our old one now?
3010,Учителям в этой школе запрещено ругать учеников.,Teachers in this school are not allowed to scold students.
3011,Бабушка с дедушкой часто ругали нас в детстве.,My grandparents used to scold us when we were children.
3012,Соседи ругают его за шум по ночам.,The neighbors complain to him about noise at night.
3013,"Руководитель проекта заявил, что денег не хватает.",The project manager said that there is not enough money.
3014,Кто займёт пост руководителя организации?,Who will take the post of head of the organization?
3015,Кто из руководителей группы возьмёт на себя ответственность за ошибки?,Which of the group leaders will take responsibility for the mistakes?
3016,"Он такой маленький, а уже любит всеми руководить!","He's so little, and already loves to boss everyone around!"
3017,Он никогда ещё не руководил такой большой компанией.,He's never run such a big company before.
3018,Сколько твой муж уже руководит оркестром? Пять лет?,How long has your husband been in charge of the orchestra? Five years?
3019,Рыбаки начинают работу очень рано — в четыре часа утра.,Fishermen start work very early — at four o'clock in the morning.
3020,Сергей — опытный рыбак.,Sergey is an experienced fisherman.
3021,Вчера он видел на этом месте двух рыбаков.,Yesterday he saw two fishermen at this place.
3022,,
3023,Праздничный салют начнётся в 21:00.,The fireworks will start at 9pm.
3024,В последние годы мне не нравятся салюты в нашем городе.,I do not like the fireworks in our city in recent years.
3025,Все наши самовары идут на экспорт.,All our samovars get exported.
3026,Вечером они сидели на террасе и пили чай из самовара.,In the evening they sat on the terrace and drank tea from a samovar.
3027,Этот самовар сделан в Туле.,This samovar was made in Tula.
3028,Свежий ветер дул нам в лицо.,Fresh air blew straight into our faces.
3029,Детям нужно проводить много времени на свежем воздухе.,Children should spend a lot of their time in the fresh air.
3030,"В те годы мясо, молоко, свежая зелень были только в богатых семьях.","In those years, only rich families had meat, milk and fresh greens."
3031,На ферме жили свиньи и коровы.,Pigs and cows lived on the farm.
3032,Этой едой кормили свиней на ферме.,That food was fed to the pigs on the farm.
3033,"Почему он ест, как свинья?",Why does he eat like a pig?
3034,Когда твои волосы перестали виться?,When did your hair stop being curly?
3035,"Он увидел, что в траве вьётся змея.",He saw a snake wriggling in the grass.
3036,Этот шампунь подходит для вьющихся волос.,This shampoo is suitable for curly hair.
3037,Мне было жарко в тёплом свитере.,It was too hot for me in a warm sweater.
3038,В этом магазине продаются хорошие шерстяные свитера.,Nice woolen sweaters are sold in this store.
3039,Надень свитер! Холодно.,Put on a sweater! It’s cold outside.
3040,В стране семьдесят лет не было свободы слова.,For seventy years there was no freedom of speech in the country.
3041,Свобода требует от человека ответственности.,Freedom requires people to take responsibility.
3042,В субботу прошла демонстрация за свободу интернета.,On Saturday there was a demonstration for freedom of the Internet.
3043,Интернет позволяет людям всегда оставаться на связи.,The Internet allows people to stay connected at all times.
3044,После урагана связь в городе восстановлена.,Communication lines in the city have been restored after the hurricane.
3045,Для страны было важно развитие торговых связей с соседями.,It was important for the country to develop trade relations with its neighbors.
3046,Часть космического мусора сгорает в атмосфере Земли.,A portion of space debris burns up in the Earth’s atmosphere.
3047,Эти свечи сгорают за час.,These candles burn down within an hour.
3048,"В этой стране больше сельских жителей, чем горожан.",This country has more villagers than city dwellers.
3049,Эти деньги — на развитие сельского хозяйства.,This money is for the development of agriculture.
3050,Эта проблема особенно заметна в сельской местности.,This problem is particularly evident in rural areas.
3051,Он писал ясным лёгким слогом.,He wrote texts that were clear and easy to read.
3052,В слове «банан» два слога.,The Russian word банан has two syllables.
3053,Сколько слогов в этом слове?,How many syllables are there in this word?
3054,В коридоре я встретил учителя алгебры.,I met my algebra teacher in the corridor.
3055,Ты сдал экзамен по алгебре?,Have you passed your algebra exam?
3056,Алгебра всегда была её любимым предметом в школе.,Algebra was always her favorite subject in school.
3057,Какие предметы будут у вас в следующем семестре?,What subjects will you have next semester?
3058,Он ушёл из университета после второго семестра.,He left the university after the second semester.
3059,Последние семестры учёбы Павел провёл во Франции на стажировке.,Pavel spent the last semesters of his studies in France on an internship.
3060,Семинары по философии будут проходить по вторникам.,The philosophy seminars will be held on Tuesdays.
3061,Тема следующего семинара: творчество А.С. Пушкина.,The topic of the next seminar: the works of A.S. Pushkin.
3062,Об этом мы поговорим на следующем семинаре.,We will talk about this at the next seminar.
3063,Он выиграл серебро на Олимпийских играх в Лондоне в 2012 году.,He won a silver medal at the 2012 Olympics in London.
3064,Это кольцо из серебра?,Is this ring made of silver?
3065,Содержание примесей в серебре не превышает трёх процентов.,The amount of impurities in the silver does not exceed three percent.
3066,"Постепенно из квартиры стала пропадать техника, деньги, серебряные ложки…","Technical equipment, money, and silver spoons slowly started disappearing from the apartment…"
3067,Из кармана она достала сумочку с серебряными монетами.,She took a bag with silver coins out of her pocket.
3068,В беге на сто метров она выиграла серебряную медаль.,She won a silver medal in the hundred meter race.
3069,Я не привык останавливаться на середине пути.,I'm not used to stopping at the half-way point.
3070,Снежная погода продержится в Москве до середины марта.,Snowy weather will last until mid-March in Moscow.
3071,Он вышел на середину площади и закричал.,He went out into the middle of the square and started shouting.
3072,Вы должны сдать эту работу до сессии.,You are supposed to submit this assignment before the examination period begins.
3073,На следующей неделе у студентов сессия.,The students have their examination period next week.
3074,"Сессию я сдаю в начале января, и если всё удачно сложится, то три недели отдыха мне обеспечены.",I have my exams in the beginning of January and if everything goes well then I will have three weeks of vacation guaranteed.
3075,Продажи сибирской нефти резко сократились.,Sales of Siberian oil have decreased drastically.
3076,Она приехала из глухого сибирского села.,She came from a remote Siberian village.
3077,Нас не пугает сибирский мороз!,We are not afraid of the Siberian freezing temperatures!
3078,После долгого дня мы упали без сил.,After the long day we fell down from exhaustion.
3079,В силу своей болезни они видят мир иначе.,Due to their illness they see the world differently.
3080,Он со всей силы начал стучать в дверь.,He started knocking on the door with all his might.
3081,Петух — символ Франции?,Is the rooster the symbol of France?
3082,"Здесь истоки Волги, главной реки и символа России.","Here are the sources of the Volga, the major Russian river and the symbol of Russia."
3083,Первый «Макдоналдс» в Москве стал символом свободы.,The first McDonald's in Moscow became a symbol of freedom.
3084,Ситуация на Ближнем Востоке вновь обострилась.,The situation in the Middle East has deteriorated again.
3085,Как бы ты действовал в подобной ситуации?,What would you do in a similar situation?
3086,Как исправить ситуацию в экономике?,How can we fix the situation in the economy?
3087,Пришло время скидок.,The time for discounts has come.
3088,Студентам в магазине предоставляются скидки.,Students are offered discounts in this store.
3089,Максимальная скидка на этот товар — сорок процентов.,The maximum discount on this product is forty percent.
3090,В момент аварии он ехал со скоростью восемьдесят километров в час.,At the time of the accident he was driving at a speed of eighty kilometers per hour.
3091,Разрешённая скорость на этом участке дороги — шестьдесят километров в час.,The legal speed limit on this section of the road is sixty kilometers per hour.
3092,Для скорости я не буду рассказывать всех подробностей.,"In the interest of speed, I won't go into all the details."
3093,Рядом со мной сидел тихий и скромный ученик.,A quiet and humble student was sitting next to me.
3094,"Иванов писал отличные стихи, но гонорары были очень скромные.","Despite the fact that Ivanov composed excellent poems, his payment for them was very modest."
3095,Он готов работать даже за скромное вознаграждение.,He is willing to work even for a modest fee.
3096,"Конструкция имеет ряд слабых сторон, которые нужно учитывать при строительстве.",The design has a number of weak aspects that have to be taken into consideration during construction.
3097,"Сегодня, четырнадцатого октября, солнечно, максимальная температура воздуха плюс три градуса по Цельсию, ветер слабый.","Today, on the fourteenth of October, it is sunny, the high will be +3 degrees Celsius, not windy."
3098,У нас была слабая надежда успеть на самолёт.,We had a faint hope that we might manage to catch the flight.
3099,Традиция праздновать Дни славянской письменности возобновилась в 1986 году.,The tradition of celebrating the Days of Slavic Literacy was reestablished in 1986.
3100,"Мы знаем, что у всех славянских языков есть общий предок ― праславянский язык.",We know that all Slavic languages have a common ancestor ― the Proto-Slavic language.
3101,В 945 году князь Игорь отправился в земли славянского племени древлян и там был убит.,In the year 945 Prince Igor went to the lands of the Slavic Drevlyan tribe and was killed there.
3102,Осторожно! Эту вазу легко сломать.,Be careful! This vase is easy to break.
3103,"Он сломал ногу, поскользнувшись на льду.",He broke his leg when he slipped on the ice.
3104,Вчера пришли полицейские и сломали нам дверь.,Yesterday the policemen came and broke down our door.
3105,"― В Индии, в штате Ассам, в мой лагерь ночью пришли слоны, ― вспоминает Виктор.","In India, the state of Assam, elephants came into our camp at night, says Victor."
3106,"Африканский слон — самое большое из животных, проживающих на суше.",The African elephant is the largest animal living on land.
3107,"Громко, словно стадо африканских слонов, неслись по коридору школьники.","Loud as a herd of African elephants, students were running down the corridor."
3108,Их сын сейчас служит на границе с Японией.,Their son is now having his military service at the border with Japan.
3109,"Жители некоторых стран по конституции обязаны ходить на выборы. Примером могут служить Бельгия, Бразилия, Венесуэла, Греция, Италия и Люксембург.","Residents of certain countries according to the Constitution are required to go to the election polls. For example, Belgium, Brazil, Greece, Italy, Luxembourg and Venezuela."
3110,Стереотипы часто служат основой для анекдотов.,Stereotypes often serve as the basis for jokes.
3111,Это был дом хорошо образованных старых (в смысле «прежних») русских интеллигентов.,"It was the house of well educated old (in the sense of ""previous"") Russian intelligentsia."
3112,Она не видела смысла начинать с ним отношения.,She didn't see any point in starting a relationship with him.
3113,Он нашёл смысл своей жизни в детях.,He found the meaning of his life in his children.
3114,В Японии нужно снимать обувь перед входом в помещение.,"In Japan, you need to take off your shoes before entering a room."
3115,Вторую часть фильма снимал Гильермо Дель Торо.,The second part of the film was directed by Guillermo Del Toro.
3116,Она снимает однокомнатную квартиру на Тверской.,She rents a one-bedroom apartment on Tverskaya street.
3117,Она сегодня не собирается приходить на собрание?,She's not going to come to the meeting today?
3118,Они собираются поступать в медицинский.,They want to get into medical school.
3119,"Мы так долго собирались, что опоздали на фильм.",We spent so much time getting dressed that we were late for the movie.
3120,К кому ты обычно ходишь советоваться?,Who do you usually go to for advice?
3121,Она часто советовалась с ним по рабочим вопросам.,She often consulted with him on business matters.
3122,С Анной часто советуются перед сложными операциями.,Colleagues often consult with Anna before difficult operations.
3123,Когда стало известно о преступлениях советской власти?,When did people find out about the crimes committed by the Soviet government?
3124,Это здание не ремонтировали с советских времён.,This building has not been repaired since Soviet times
3125,"Многие российские дети не знают, как выглядит Советский флаг.",Many Russian children do not know what the Soviet flag looks like.
3126,Она не хотела соглашаться на такие условия работы.,She didn't want to agree to such working conditions.
3127,Он не соглашался работать ночью.,He didn't agree to work at night.
3128,Зачем он соглашается на такие условия?,Why does he agree to such terms?
3129,Новая студия позволяет художникам создавать настоящие произведения искусства.,The new studio allows artists to create real works of art.
3130,"Музыка в этом фильме создаёт особую, запоминающуюся атмосферу.","The music in this movie creates a special, memorable atmosphere."
3131,Многие подростки создают свои рок-группы.,Many teenagers form their own rock bands.
3132,Мимо нас строем прошли солдаты.,Soldiers marched past us in formation.
3133,Вдали мы увидели тысячу солдат с автоматами.,In the distance we saw a thousand soldiers with machine guns.
3134,"Она обращалась со своими учениками, как с солдатами.",She treated her students like soldiers.
3135,Эксперты продолжают сомневаться в подлинности этой картины.,Experts continue to doubt the authenticity of this painting.
3136,Я часто сомневаюсь в правильности своих поступков.,I often doubt whether my actions were right.
3137,"Он не сомневается, что получит эту должность.",He has no doubt that he will get the position.
3138,Я видел тебя во сне.,I saw you in my dream.
3139,После такого долгого дня тебе необходим крепкий сон.,"After such a long day, you need a good night's sleep."
3140,После ночи без сна она не могла работать.,After a sleepless night she couldn't work.
3141,Каждый участник соревнований застрахован от несчастного случая.,Each competitor is insured against an accident.
3142,Соревнования по плаванию проходили в новом бассейне.,Swimming competitions were held in the new pool.
3143,Ты будешь участвовать в соревнованиях по бегу?,Are you going to participate in the running competition?
3144,Мой папа любит шутить.,My father likes to make jokes.
3145,Друзья часто шутят над ним.,His friends often make fun of him.
3146,"Да шучу я! Конечно я не забыл, когда у тебя день рождения.",I'm kidding! Of course I didn't forget when your birthday is.
3147,"Главная сложность состоит в том, что никто не знает, что должно получиться в результате.",The main difficulty is that no one knows what should come out as a result.
3148,Он никогда не состоял ни в какой партии.,He was never a member of any party.
3149,Эти механизмы состоят из тысяч мелких деталей.,These mechanisms consist of thousands of small parts.
3150,Вася приготовил курицу в сливочном соусе.,Vasya cooked a chicken in a creamy sauce.
3151,Любое мясо он любит есть с соевым соусом.,He likes to eat all kinds of meat with soy sauce.
3152,Лучше всего он готовил томатный соус.,Best of all he could cook tomato sauce.
3153,В любой ситуации он сохраняет невозмутимость.,He remains calm in any situation.
3154,"Любую трудность она преодолевала, сохраняя улыбку.",She managed to overcome any difficulty with a smile on her face.
3155,"Немногие понимают, как важно сохранять исторические здания.",Not many people understand how important it is to preserve historical buildings.
3156,"Их концепция сочетает в себе идеи либерализма, социализма и консерватизма.","Their concept combines the ideas of liberalism, socialism, and conservatism."
3157,"Он сказал, что это возможно только при социализме.",He said that this is possible only under socialism.
3158,Что такое социализм и какие у него перспективы в нашей стране?,What is socialism and what are its perspectives in our country?
3159,Этот закон действует в интересах разных социальных групп.,Members of different social groups will benefit from this law.
3160,Он никому не давал пароль от своей социальной сети.,He didn't give anyone the password to his social media network.
3161,Мы помогаем людям независимо от их социального статуса.,We help to people regardless of their social status.
3162,Союз журналистов выступил с обращением.,The journalists’ union made a speech.
3163,После конфликта он вышел из союза писателей.,He left the writers’ union after the conflict.
3164,Почему Россия находилась в союзе с Францией?,Why Russia was in a union with France?
3165,Даже замена игрока не спасает их команду от поражения.,Even replacing the player cannot save their team from defeat.
3166,"При пожаре первыми нужно спасать людей, а уже потом — вещи.","When there is a fire, you first need to save the people, and only afterward the things."
3167,"Во время войны мешок картошки, доставленный в город, спасал многие семьи от неминуемой гибели.","During the war, a sack of potatoes delivered to the city saved many families from imminent death."
3168,Во сколько заканчивается этот спектакль?,At what time does this theater play end?
3169,Кто играет в сегодняшнем спектакле?,Who is acting in today’s play?
3170,Они успели к началу спектакля.,They managed to get there in time for the theater play.
3171,Для этой должности вам не нужно специальных знаний в экономике.,For this position you don’t need any special knowledge of economics.
3172,Будущие пилоты проходят в этом центре специальную подготовку.,Future pilots undergo special training at this center.
3173,В их школе есть специальные курсы по фотографии.,Their school offers special courses in photography.
3174,"Кажется, твои часы спешат. Сейчас только шесть часов вечера!",Your watch seems to be fast. It's only six o'clock in the evening!
3175,"Он выглядел так, словно никуда не спешил.",He looked like he was in no hurry.
3176,Костя не спеша пошёл к дому.,Kostya slowly walked toward his house.
3177,За спиной у Наташи был небольшой рюкзак.,Natasha had a small backpack on her back.
3178,От боли он не мог выпрямить спину.,"Due to the pain, he couldn't straighten his back."
3179,Она закричала от сильной боли в спине.,She screamed because of the intense pain in her back.
3180,"Составь список вещей, которые возьмёшь в поездку.",Make a list of the things you'll take on the trip.
3181,У нас нет постоянного списка участников.,We do not have a fixed list of participants.
3182,Когда опубликуют списки поступивших в этот университет?,When will they publish the lists of those who got accepted to this university?
3183,Она не любила спорить о политике.,She didn't like to argue about politics.
3184,О чём это они спорят?,What are they arguing about?
3185,"Они часто спорили о том, куда поехать отдыхать.",They often argued about where to go on vacation.
3186,"Вы даже не представляете, на что вы способны!",You can’t even imagine what you're capable of!
3187,Этот человек вообще не способен на зло.,This person isn’t capable of doing anything evil.
3188,"Он не считает, что чёрно-белое кино способно победить цветное.",He does not believe that black and white movies are able to win out over color movies.
3189,Сколько спутников у Марса?,How many satellites does Mars have?
3190,Этот снимок Земли был сделан со спутника.,This picture of the Earth was taken from a satellite.
3191,Их команда запускает спутники на орбиту.,Their team launches satellites into orbit.
3192,"Сравнивать себя нужно не с другими людьми, а с собой в прошлом.","Compare yourself not with other people, but with yourself in the past."
3193,Его часто сравнивают с Леонардо да Винчи.,He is often compared to Leonardo da Vinci.
3194,"Сравнивая три надписи, он понял значение иероглифов.","By comparing the three inscriptions, he figured out the meaning of the hieroglyphs."
3195,Я стараюсь каждое утро пробегать три километра.,I try to run three kilometers every morning.
3196,Александр старался не говорить с друзьями о политике.,Alexander tried not to talk about politics with his friends .
3197,Из каждого путешествия Миша старается привезти для своей коллекции что-нибудь новое.,Misha tries to bring something new from each trip for his collection.
3198,"Он часто видел, что в храме сидит старик, ― сидит, смотрит перед собой и молчит.","He often saw an old man sitting in the church: sitting, looking straight ahead and not saying a word."
3199,Почему же в таком случае старики у нас такие бедные?,"Why, then, are old people so poor?"
3200,Чаще всего мошенники обманывали доверчивых стариков.,Most often the swindlers were deceiving gullible old people.
3201,В середине комнаты стоял большой старинный шкаф.,There was a large old wardrobe in the middle of the room.
3202,На полках стояли старинные книги.,There were old books on the shelves.
3203,Он познакомился с хозяином старинного замка во Франции.,He met the owner of an ancient castle in France.
3204,Тебе всё ещё не выплатили стипендию?,You still haven't received your scholarship?
3205,Размер стипендий для студентов определяет руководство университета.,The amount of the scholarships for students is determined by the university administration.
3206,Стипендии не увеличивались уже три года.,Scholarships have not been increased for three years now.
3207,При какой температуре можно стирать эту рубашку?,At what temperature can I wash this shirt?
3208,"Современное искусство ― глобальное явление, оно стирает различия между людьми и народами.","Contemporary art is a global phenomenon, it erases the differences between people and nations."
3209,"У нас дома сломалась стиральная машина, поэтому пока я всё стираю на руках.",Our washing machine is broken so in the meantime I am washing everything by hand.
3210,"С одной стороны, цены в этом ресторане высокие, а с другой — готовят там правда вкусно.","On the one hand, the prices in this restaurant are high, but on the other — they cook really tasty meals."
3211,"Мне кажется, ситуация меняется не в лучшую сторону.",I think the situation is not changing for the better.
3212,Где-то в стороне стояли его друзья и курили.,Somewhere nearby his friends were standing and smoking.
3213,От деятельности завода страдают жители соседних домов.,The residents of the neighboring buildings suffer due to the operation of the factory.
3214,"Их кошка страдает, когда хозяева оставляют её надолго одну.",The cat suffers when its owners leave it alone for a long time.
3215,Я не страдаю от одиночества.,I don't suffer from loneliness.
3216,"Странно, что никто ему так и не позвонил.",It is strange that no one has called him.
3217,Это было самое странное решение в его жизни.,It was the strangest decision of his life.
3218,У нас очень странный сосед.,We have a very strange neighbor.
3219,Тебе не страшно прыгать с парашютом?,Aren't you afraid of skydiving?
3220,Спокойно! Ничего страшного не произошло. Сейчас всё исправим.,Calm down! Nothing terrible happened. We’ll fix it right away.
3221,"Так, самое страшное позади! Продолжаем путь!","Well, the scariest part is over! Let's keep going!"
3222,Он не стремится занимать высокие должности.,He does not seek to hold high positions.
3223,Они стремятся попасть в топ-пятьдесят компаний страны.,They are trying to get into the top fifty companies in the country.
3224,Он с детства стремился стать президентом.,Since childhood he aspired to become the president.
3225,Шум от стройки мешает нам работать.,The noise from the construction site prevents us from working.
3226,На стройке всегда много пыли и мусора.,At the construction site there is always a lot of dust and debris.
3227,Когда уже закончится эта стройка?,When will this construction finally be done?
3228,"Наверное, это моя судьба — всегда проигрывать.",It seems like it’s my fate to always lose.
3229,Он воспринимал все события в своей жизни как знаки судьбы.,He took all the events in his life as signs of fate.
3230,Она часто жаловалась на свою судьбу.,She often complained about her fate.
3231,Пользуйтесь феном осторожно ― под действием сухого горячего воздуха волосы могут стать тонкими и ломкими.,Use the hair dryer carefully ― its dry hot air can make hair thin and brittle.
3232,"На земле лежали сухие листья, сломанные ветки.",Dry leaves and broken branches were lying on the ground.
3233,"Июнь был сухой и солнечный, в отличие от дождливого июля.","Unlike rainy July, June was dry and sunny."
3234,"Для неё не существует фактов, только её мнение.","For her there are no facts, only her opinion."
3235,Существуют и другие способы решить эту проблему.,There are other ways to solve this problem.
3236,По этому поводу может существовать несколько мнений.,There may be several opinions on that matter.
3237,"На площади перед крепостью, где больше всего любят гулять туристы, можно сфотографироваться.",You can take a picture on the square in front of the fortress where most tourists like to walk.
3238,"Плавать в море было слишком холодно, поэтому я только сфотографировался на его фоне и поехал дальше.","It was too cold to swim in the sea, so I just took a picture of myself with the sea on the background and drove on."
3239,На сцене и в жизни я совершенно разная.,I am completely different on stage and in real life.
3240,Где Саша? Ему пора выходить на сцену!,Where is Sasha? It’s time for him to go on stage!
3241,"Он не слышал того, что говорили со сцены.",He didn't hear what was said on the stage.
3242,Он перевёл все свои деньги на счёт в швейцарском банке.,He transferred all his money to a Swiss bank account.
3243,Для получения визы вы должны предоставить справку со своего банковского счёта.,In order to get a visa you must provide a statement from your bank account.
3244,"Он и сам не знал, сколько денег у него на счёте.",He didn't know how much money he had in his account.
3245,"Я не считаю, что это правильное решение.",I don't think this is the right decision.
3246,"Как вы считаете, кто должен оплачивать счёт на первом свидании?",Who do you think should pay the bill on the first date?
3247,"Они не считают, что виноваты.",They don't think it's their fault.
3248,"Я не знаю, как сшивать эти детали.",I don't know how to sew these parts together.
3249,Все участники съезда тепло встретили председателя.,All the participants at the congress gave the chairman a warm welcome.
3250,Какие вопросы будут обсуждаться на съезде?,What questions will be discussed at the congress?
3251,В 1990 году состоялся первый съезд Демократического союза.,The first congress of the Democratic union was held in 1990.
3252,В её сумке лежали лишь записная книжка и таблетки от головной боли.,All she had in her purse was a notebook and some headache pills.
3253,Эта таблетка спасла его от боли.,That pill saved him from the pain.
3254,Сколько таблеток нужно пить за раз?,How many pills should I take at a time?
3255,Это коммерческая тайна и личное дело каждого акционера.,This is a commercial secret and a personal matter for each shareholder.
3256,Я могу доверить тебе эту тайну?,Can I trust you with this secret?
3257,На самом деле никакой тайны в этом нет.,"In fact, there is no mystery in this."
3258,На таможенном досмотре нужно вести себя спокойно.,At the customs inspection you need to behave calmly.
3259,Как заполнять таможенные декларации?,How does one fill out customs declarations?
3260,Инспектор попросил Александра остановиться для прохождения таможенного контроля.,The inspector asked Alexander to stop for customs control.
3261,У Монако нет собственной границы и таможни.,Monaco does not have its own border and customs.
3262,"Пограничный контроль и таможню мы прошли быстро, а досмотр перед самолётом был долгим.","We passed through border control and customs quickly, but the inspection before boarding the plane took a long time."
3263,Мы оставили вещи на таможне и пешком дошли до отеля.,We left our things at customs and went to the hotel on foot.
3264,Они могут работать на любой площадке ― им не нужно для творчества никаких особых условий.,They can work in any place― they don’t need any special conditions for creativity.
3265,В его творчестве мне больше всего нравились стихи.,Most of all among his works I liked the poems.
3266,"Творчество должно приносить радость, а не разочарование.","The creative process should bring joy, not disappointment."
3267,Мы же с тобой уже говорили на эту тему? Неужели так трудно запомнить?,"We’ve talked about this before, haven't we? Is it so hard to remember?"
3268,Тема моей статьи: «Развитие экономики в переходный период».,"The topic of my article is ""Economic Development in the Transitional Period""."
3269,Кто ещё хочет что-то добавить по этой теме?,Who else wants to add something on this topic?
3270,Он двадцать лет был деканом факультета теоретической физики.,He was the dean of the Theoretical Physics faculty for twenty years.
3271,Эта идея родилась в теоретических рассуждениях Стивена Хокинга.,This idea was born in the theoretical reasoning of Stephen Hawking.
3272,"Вопросов много, и они далеко не теоретические, поэтому лекция прерывается.","There are many questions, and they are not theoretical, so the lecture is being interrupted."
3273,Не пора ли перейти от теории к практике?,Isn’t it time to move from theory to practice?
3274,"В науке лишь та теория считается состоятельной, которую в принципе можно опровергнуть.","In science, only a falsifiable theory can be considered well-founded."
3275,Эйнштейн создал теорию относительности в 1905 году.,Einstein developed the theory of relativity in 1905.
3276,"Однажды на теплоходе ""Адмирал Нахимов"" я ехал в Одессу.","Once I went to Odessa on a ship named ""Admiral Nakhimov""."
3277,"В тот момент мы узнали, что теплоход, на котором мы должны были плыть в Японию, ушёл днём раньше.",At that moment we found out that the ship on which we were supposed to go to Japan had left the day before.
3278,"Летом он работал экскурсоводом на теплоходах, а зимой — официантом в кафе.",In summer he worked as a guide on ships and in winter — as a waiter in a cafe.
3279,В деревне было тихо и спокойно.,It was quiet and calm in the village.
3280,"В комнате звучал тихий шёпот, но я не мог понять, кто говорит.",There was a quiet whispering in the room but I couldn’t understand who was talking.
3281,Победу в войне она встретила с тихой радостью в душе.,She met the victory in war with a quiet joy in her heart.
3282,"Там очень шумно, а мне нужна тишина.",It's very noisy there and I need silence.
3283,После ссоры мы полчаса просидели в полной тишине.,After the quarrel we sat in silence for half an hour.
3284,"Он уже ничего не хотел, кроме самой простой тишины.",He wanted nothing but simple silence.
3285,"Эти девушки в день ткут всего по одному сантиметру шёлкового ковра, поэтому готов такой ковёр будет через пять-шесть месяцев.","These girls weave only one centimeter of silk carpet a day, so it takes five or six months to finish a carpet like this."
3286,"Раньше эту ткань ткали только вручную, а теперь — на фабриках.","Previously, this fabric was woven only by hand, and now it is woven in factories."
3287,"Она сама и ткала, и шила из этой ткани одежду.",She both wove and then sewed clothes from this fabric.
3288,Продажи импортных товаров в прошлом месяце сократились на двадцать процентов.,Sales of imported goods went down by twenty percent last month.
3289,Каждый хочет продать свой товар подороже.,Everyone wants to sell their goods for a higher price.
3290,Дополнительные налоги на производителя отразятся на стоимости товара.,Additional taxes on the manufacturer will affect the cost of the goods.
3291,Как определяют силу электрического тока?,How does one measure the strength of an electric current?
3292,"Есть люди, которые, как электрический ток, идут по пути наименьшего сопротивления.","There are people who, like an electric current, follow the path of least resistance."
3293,Он резко вздрогнул от удара током.,He was startled by the electric shock.
3294,На столе лежала большая стопка толстых журналов.,There was a large pile of thick magazines on the table.
3295,Толстые стены этого здания хорошо сохраняют тепло.,The thick walls of this building conserve heat well.
3296,На стене был толстый слой краски.,There was a thick layer of paint on the wall.
3297,,
3298,Первый том этой энциклопедии был издан в 1960 году.,The first volume of this encyclopedia was published in 1960.
3299,Об этом автор рассказал в предисловии ко второму тому.,The author wrote about that in the preface to the second volume.
3300,"Она выглядела больной: кожа тонкая и бледная, глаза тусклые, голос слабый.","She looked sick: her skin was thin and pale, her eyes were dull, her voice was weak."
3301,"После того, как тесто готово, тонкой струйкой вливаем в него масло.","Once the dough is ready, carefully pour oil into it."
3302,Помойте лук и нарежьте его тонкими ломтиками.,Wash the onion and cut it into thin slices.
3303,Объём торговли в 2003 году существенно увеличился.,The volume of trade increased significantly in 2003.
3304,Торговля золотом стала для них главным источником богатства.,Gold trading has become their main source of wealth.
3305,"Власти решили, что уличную торговлю нужно переводить в магазины.",The authorities decided that street trade should be transferred to shops.
3306,Поезд отправляется точно в полночь.,The train leaves at midnight exactly.
3307,Точное расписание конференции появится на следующей неделе.,The exact conference schedule will be available next week.
3308,"Вот мой точный адрес; отправьте письмо на него, пожалуйста!","Here is my exact address; send the letter to it, please!"
3309,Он очень любил запах свежескошенной травы.,He really loved the smell of freshly cut grass.
3310,"Они лежали на траве, разглядывая облака.","They lay on the grass, looking at the clouds."
3311,"Это был тот короткий период весны, когда трава уже выросла, а листья на деревьях — ещё нет.",It was that short period of spring when the grass had already grown but there weren't leaves on the trees yet.
3312,"Ты мне можешь объяснить, в чём трагедия? Что произошло?",Can you tell me what the tragedy is? What happened?
3313,Не драматизируйте ситуацию: никакой трагедии в этом нет. Сейчас всё исправим!,Don't exaggerate the situation: there is no tragedy in this. We’ll fix everything right away!
3314,Это событие он переживал как личную трагедию.,He experienced that event as a personal tragedy.
3315,В России существует традиция первой в новый дом запускать кошку.,In Russia there is a tradition to let a cat be the first to go inside a new house.
3316,"По традиции, первым будет говорить самый старший в семье.","According to tradition, the oldest in the family will be the first to speak."
3317,"Приятно, когда люди заботятся о сохранении добрых традиций.",It's nice when people care about keeping good traditions.
3318,"Это очень сложная работа, она требует высокого мастерства.","This is a very difficult job, it requires highly qualified skills."
3319,Эти глобальные вызовы требуют совместных усилий всех стран.,These global challenges require the united efforts of all countries.
3320,"Он всё время чего-то требовал: то повышения зарплаты, то хорошего освещения на рабочем месте, то разрешения не работать по субботам.","He was always demanding something: a salary increase, good lighting at the workplace, permission not to work on Saturdays."
3321,Главный тренер сборной России по футболу отказался комментировать результат вчерашнего матча.,The head coach of the Russian national football team refused to comment on the result of yesterday's game.
3322,Ты занимаешься в зале один или с тренером?,Do you exercise in gym alone or with a coach?
3323,"Проблема нашего спорта в том, что у нас отсутствуют не только успешные спортсмены, но и квалифицированные тренеры.","The problem with our sport is that we have a shortage not only of successful athletes, but also of qualified coaches."
3324,"Запоминая стихи, я тренирую свою память.",I train my memory by memorizing poems.
3325,"Во время активной прогулки, вы тренируете не только мышцы вашего тела, но и всю сердечно-сосудистую систему.","During a rigorous walk, you train not only the muscles of your body, but also the entire cardiovascular system."
3326,После завершения спортивной карьеры она начала тренировать молодых спортсменок.,After finishing her sports career she started coaching young athletes.
3327,Здесь тренируются молодые футболисты.,Young soccer players train here.
3328,"Он долго тренировался, чтобы выиграть Олимпийские игры.",He trained for a long time in order to win at the Olympics.
3329,Она тренируется пять раз в неделю.,She trains five times a week.
3330,"В её городе не было условий для тренировок, поэтому она переехала в Москву.","There were no training options in her city, so she moved to Moscow."
3331,Только регулярные тренировки способны привести спортсмена к победе.,Only regular training can lead an athlete to victory.
3332,"В жизни он очень весёлый, но на тренировках всегда серьёзен.","In life he is very cheerful, but during training sessions he is always serious."
3333,"Он расстроился из-за того, что получил тройку за сочинение.","He was upset that he got a ""C"" on his essay."
3334,Она пришла к финишу в тройке лидеров.,She came to the finish among top three leaders.
3335,Он часто делился с друзьями парой-тройкой фотографий из отпуска.,He often shared a few photos from his vacation with friends.
3336,"Бабушка всегда говорила мне, что чтобы добиться успеха, нужно много трудиться.",My grandmother always told me that it takes a lot of work to succeed.
3337,Он трудится с утра до ночи над новой книгой.,He is working from morning to night on a new book.
3338,На нашем заводе ежедневно трудятся триста рабочих.,300 workers work at our factory every day.
3339,"Она выросла честным, трудолюбивым, самостоятельным человеком.","She grew up to be an honest, hardworking, independent person."
3340,Я очень уважаю её трудолюбивый характер.,I respect her for her hard-working character.
3341,Трудолюбивые крестьяне каждое утро вставали до восхода солнца. ,The hard-working peasants woke up every morning before sunrise.
3342,"Через несколько часов туман рассеялся, и самолёты смогли вылететь из аэропорта.",A few hours later the fog cleared and planes were able to take off from the airport.
3343,Как таинственны туманы над озёрами!,How mysterious are the mists over the lakes!
3344,"Мы знали, что за туманом должен быть лес, но увидеть его было невозможно.","We knew there must be a forest behind the fog, but it was impossible to see it."
3345,На небе собрались дождевые тучи.,Rain clouds appeared in the sky.
3346,"Над лесом висела тяжёлая туча, но дождя не было.",There was a heavy cloud above the forest but it didn’t rain.
3347,"Увидев на небе огромную чёрную тучу, Саша решил взять зонт и надеть сапоги.","After spotting a huge black cloud in the sky, Sasha decided to take an umbrella and put on rain boots."
3348,"Он просидел в тюрьме десять лет, но не сломался и не обозлился.","He spent ten years in prison, but he didn't break down or get angry."
3349,"За это нарушение в тюрьму не садят, а назначают штраф.",For this crime people are not put in jail but instead get a fine.
3350,В 2001 году он освободился из тюрьмы и переехал в Калининград.,In 2001 he was released from prison and moved to Kaliningrad.
3351,"Когда я был маленьким, бабушка садилась рядом со мной, чтобы я делал уроки, а не убегал на футбол.","When I was little, my grandmother used to sit next to me so I would do my homework and not run away to play soccer."
3352,Главный герой фильма убегает из дома и начинает новую жизнь.,The main character in the film runs away from home and starts a new life.
3353,"Им хотелось сбежать из дома, но убегать было некуда.","They wanted to run away from home, but they had nowhere to run to."
3354,"Не надо убеждать меня в том, что я не прав.",Don’t try to convince me that I'm wrong.
3355,Они целый час убеждали меня купить эту машину.,They spent an hour trying to convince me to buy this car.
3356,"Мне стыдно будет, если я брошу людей, которых я убеждал драться до конца.",I'd be ashamed if I abandoned the people who I convinced to fight to the end.
3357,"Она была несогласна с тем, что готовить и убирать — чисто женское занятие.",She did not agree that cooking and cleaning was purely woman's work.
3358,После праздничных ужинов красивую посуду убирали в коробки и продолжали пользоваться обычными тарелками.,After the festive dinners the fancy plates were put into boxes and we went back to using the usual plates.
3359,"В их семье готовит и убирает муж, а жена зарабатывает деньги.","In their family, the husband cooks and cleans, and the wife earns money."
3360,"Увезти все вещи за один раз оказалось невозможно, поэтому мы вернулись.","It was impossible to move all the things at once, so we came back."
3361,"Когда мне было три года, родители увезли меня из города, где я родился, в столицу.","When I was three years old, my parents took me from the city where I was born to the capital."
3362,"Она боялась, что скорая помощь увезёт её в больницу.",She was afraid that the ambulance would take her to the hospital.
3363,"Число деревенских жителей, переезжающих в город, с каждым годом увеличивается.",The number of villagers moving to the city is increasing every year.
3364,В среднем за год тарифы на электричество увеличиваются на пять процентов.,"On average, electricity tariffs increase by five percent each year."
3365,"Число людей, совершающих покупки в интернете, будет только увеличиваться.",The number of people shopping online will only increase.
3366,"В молодости он увлекался футболом, а с годами полюбил бильярд.","In his youth, he was keen on soccer, and over the years he started to be fond of billiards."
3367,"Кто бы мог подумать, что раньше они увлекались искусством!",Who would have thought that they used to be fond of art!
3368,Чем увлекается Ваш сын?,What is your son interested in?
3369,"Ему, как и многим мальчикам, нравится футбол, но главное его увлечение — это, конечно, фотография.","Like many boys, he likes soccer but his main hobby is, of course, photography."
3370,"Ей, конечно, нравилось рисовать, но она не хотела делать из своего увлечения источник заработка.","Of course, she liked to draw, but she did not want to turn her hobby into a source of income."
3371,Все гости с увлечением обсуждали последние новости.,All the guests were excitedly discussing the latest news.
3372,"Конкуренты уводят друг у друга клиентов, предлагая лучшие условия.",Competitors take away each other's customers by offering them better conditions.
3373,"Пора было уводить детей с праздника, но они не хотели заканчивать веселье.",It was time to take kids away from the celebration but they did not want to stop having fun.
3374,Он берёт её за руку и уводит из зала.,He takes her hand and leads her out of the room.
3375,"Покидая город, Алексей увозит с собой и новую жену, и взрослого сына.","When leaving the city, Alexey takes his new wife and his adult son with him."
3376,Каждый год они увозят детей на море на всё лето.,Every year they take their children to the sea for the whole summer.
3377,Увози детей отсюда скорее! Им не место на войне.,Get the children out of here immediately! A war is no place for them.
3378,В углу стояло большое синее кресло.,There was a big blue armchair in the corner.
3379,"Когда мы повернули за угол, то увидели красивый собор.",When we turned the corner we saw a beautiful cathedral.
3380,- Где здесь аптека? - За углом!,-Where is there a pharmacy here? - It’s around the corner.
3381,Главным источником доходов в этом городе является уголь.,The main source of income in this city is coal.
3382,После аварии на шахте рабочие прекратили добычу угля на ней.,After the accident at the mine workers stopped mining coal there.
3383,"Печи здесь топили углём, потому что дров было мало.","The stoves here were fired by coal, because there was not enough wood."
3384,Как ему удаётся так реалистично рисовать?,How does he manage to draw so realistically?
3385,Мне никак не удавалось написать большой роман.,There was no way I could write a major novel.
3386,Особенно удавалась актёрам «Двенадцатая ночь» Шекспира.,The actors were particularly successful with Shakespeare’s «Twelfth night».
3387,"Он нёс тяжёлую сумку, то и дело ударяя ей себе по коленке.","He was carrying a heavy bag, which was hitting his knee every now and then."
3388,Во время работы электриком его не раз ударяло током.,"While working as an electrician, he was electrocuted several times."
3389,Крупные капли дождя со звоном ударяли в окна.,Large drops of rain clattered against the windows.
3390,"С удивлением я узнал, что здесь нас никто не ждёт.",I was surprised to learn that no one was waiting for us here.
3391,На её лице я увидел удивление.,I saw а surprised look on her face.
3392,От удивления она не могла сказать ни слова.,She was so surprised that she could not say a word.
3393,"Меня совершенно не удивляет, что он опять обманул тебя.",I'm not at all surprised that he lied to you again.
3394,Его талант не перестаёт меня удивлять.,His talent never stops amazing me.
3395,"Меня всегда удивляло, как такие маленькие дети могут быть такими сильными.",I've always wondered how such little children can be so strong.
3396,Главная особенность детей — это искренняя способность удивляться всему новому.,A prominent characteristic of children is their ability to be sincerely surprised by everything new.
3397,"Они часто удивляются, почему коллеги не помнят своих инструкций.",They often wonder why their colleagues do not remember their instructions.
3398,После работы в школе я уже ничему не удивлялся.,Nothing could surprise me after years of working at a school.
3399,Видео авиакатастрофы было просто ужасно.,The video of the airplane crash was absolutely terrible.
3400,На улице была ужасная жара.,It was terribly hot outside.
3401,У меня возникло ужасное чувство опустошенности и одиночества.,I got a terrible feeling of emptiness and loneliness.
3402,"Нет таких детей, которых бы не пугали уколы.",There are no children who would not be afraid of injections.
3403,"После укола боль прошла, и Наташа смогла заснуть.","After the injection, the pain passed, and Natasha was able to fall asleep."
3404,Врач назначил ей большой курс уколов.,The doctor prescribed her a large series of injections.
3405,Завтра он улетает в Калифорнию.,He's flying to California tomorrow.
3406,"Мы больше не могли тебя ждать, нам нужно было улетать.","We couldn't wait for you any longer, we had to fly away."
3407,"Когда мы улетали домой, Серёжа подарил нам свои часы.","When we flew home, Serezha gave us his watch as a gift."
3408,Это вещество улучшает работу мозга.,This substance improves brain function.
3409,Нам нужно улучшать качество продукции.,We need to improve product quality.
3410,"Улучшая фотографию, вовремя остановитесь, чтобы не потерять естественность.","When improving a photograph, stop at the right time so that it still looks natural."
3411,От чего у вас улучшается настроение?,What makes you feel better?
3412,"Она говорит, что после приёма витаминов у неё улучшаются волосы и зубы.","She says that after taking vitamins, her hair and teeth quality improves."
3413,В последние годы жизнь в городе начинает улучшаться.,"In recent years, life in the city is beginning to get better."
3414,Паша закончил свою работу на полчаса раньше и с радостной улыбкой пошёл домой.,Pasha finished his work half an hour earlier and went home with a joyful smile.
3415,"Услышав это, он не мог сдержать улыбку.",He couldn't help but smile after hearing this.
3416,"Мне нравилось, что на лице его всегда была улыбка.",I liked the fact that he always had a smile on his face.
3417,С появлением компьютерных систем уменьшается число ошибок.,The number of errors has decreased since computer systems were implemented.
3418,По мере старения звезды теряют температуру и уменьшаются в размерах.,"As stars age, their temperature goes down and they get smaller."
3419,После арестов активность оппозиции стала уменьшаться.,Opposition activity began to decrease after the arrests.
3420,"Вечером, приходя с работы, он долго умывался во дворе.",When he came home from work in the evening he spent a long time in the yard washing his face.
3421,"Со временем вы будете сортировать мусор так же привычно, как умываетесь и чистите зубы.",With time sorting the garbage will get to be as routine for you as washing your face or brushing your teeth.
3422,"Подумайте, чем мы дышим, что пьём, чем умываемся, что едим?","Think about what we breathe in, what we drink, what we wash with, what we eat?"
3423,В нашем музее собрано более двух тысяч уникальных экспонатов.,Our museum has more than two thousand unique items for display.
3424,История этой семьи уникальна.,The history of this family is unique.
3425,Сейчас у вас есть уникальная возможность задать вопрос министру.,You now have a unique opportunity to ask the minister a question.
3426,"По данным исследователей, двенадцать процентов студентов употребляют наркотики.","According to researchers, twelve percent of students use narcotics."
3427,Врачи не советуют беременным женщинам употреблять алкоголь.,Doctors do not advise pregnant women to drink alcohol.
3428,"Комиссия Олимпийского комитета считает, что Петров употреблял допинг.",The Olympic Committee Commission believes that Petrov engaged in doping.
3429,В этом году мы собрали рекордный урожай картофеля.,This year we had a record potato harvest.
3430,Осень ― время урожая.,Autumn is harvest time.
3431,"Они поговорили о погоде, деревьях и об урожае яблок.","They talked about the weather, trees and the apple harvest."
3432,Больше всего маленького Мишу пугали чёрные усы его дяди.,Most of all little Misha was afraid of his uncle's black moustache.
3433,Это был высокий мужчина с густыми усами и весёлыми глазами.,He was a tall man with a thick mustache and merry eyes.
3434,Из-за сильной жары по усам и вискам у Николая тёк пот.,Because of the intense heat sweat ran down Nikolai's mustache and temples.
3435,В таких политических условиях оппозиции невозможно выиграть на выборах.,It is impossible for the opposition to win the elections in such political conditions.
3436,"После того, как все необходимые условия выполнены, вы можете подавать документы на получение паспорта.","Once all the necessary conditions are met, you can apply for a passport."
3437,"Уважаемые пассажиры, вылет рейса SU-1406 задерживается из-за неблагоприятных погодных условий.","Dear passengers, the departure of flight SU-1406 is delayed due to adverse weather conditions."
3438,"Результат исследования оказался интересным: человек, который не занимается спортом, не успевает за день достаточно устать, чтобы быстро заснуть.","The result of the study turned out to be interesting: a person who doesn’t engage in sports, doesn't get tired enough during the day to fall asleep quickly."
3439,"Студенты жалуются, что они не успевают записать лекцию и потом не могут ничего понять.",The students complain that they do not have time to take notes from the lecture and afterward do not understand anything.
3440,"Я не мог понять, как он успевал читать столько книги при том активном образе жизни.",I could not understand how he managed to read so many books with that active lifestyle.
3441,"Что это было? ― прошептала Маша, постепенно успокаиваясь.","What was that?, Masha whispered while gradually regaining her calm."
3442,Говорит он с Аней и его сердце успокаивается.,He speaks to Anya and his heart calms down.
3443,"Спать пора, а дети всё никак не успокаиваются.",It's time to go to bed but the children still cannot calm down.
3444,Саша возвращался домой усталый и злой.,Sasha was returning home tired and angry.
3445,"Усталые, они ещё долго сидели на берегу и смотрели на воду.","All tired out, they sat on the shore for a long time and looked at the water."
3446,Что с тобой? Ты выглядишь усталой.,What's wrong with you? You look tired.
3447,Слово это в устной речи почти не встречается.,This word almost never occurs in oral speech.
3448,"Так как сказки раньше были только устными, со временем они сильно менялись.",Because fairy tales used to be oral they have changed a lot over time.
3449,"Штраф ему выписывать не стали, а ограничились лишь устным замечанием.","He didn't get a fine, only an oral reprimand."
3450,Через полчаса утренний туман полностью исчез.,Half an hour later the morning fog disappeared completely.
3451,Два раза в неделю Катя отправляется на утреннюю пробежку.,Twice a week Katya goes for a moning jog.
3452,Купаться в море лучше в утренние часы.,It's better to swim in the sea during the morning hours.
3453,Более пятисот человек приняли участие в конференции.,More than five hundred people participated in the conference.
3454,Михайлов отказался от участия в выборах.,Mikhailov refused to participate in the elections.
3455,В июле в Москве пройдёт большой форум с участием российских и немецких бизнесменов.,In July Moscow will host a big forum with the participation of Russian and German businessmen.
3456,Учебник рекомендован для учащихся шестого класса.,This textbook is recommended for sixth grade students.
3457,С 1981 года наша школа начала обмен учащимися с французскими школами.,Since 1981 our school has had a student exchange with French schools.
3458,Книга адресована учащимся высших учебных заведений.,The audience for the book is students of higher educational institutions.
3459,Своих лучших друзей я встретила во время учёбы в университете.,I met my best friends during when studying at the university.
3460,Ради театральной карьеры она бросила учёбу в медицинском университете.,She dropped out of medical school for the sake of a career in theater.
3461,На третьем курсе у моего брата начались проблемы с учёбой.,My brother started having troubles studying during his third year at the university.
3462,После девятого класса Олег поступил в кулинарное училище.,"After finishing 9th grade, Oleg enrolled in a cooking school."
3463,В середине двадцатого века в стране стали массово открываться лётные училища.,In the middle of the twentieth century the country began to open flight schools on a massive scale.
3464,Наши выпускники теперь учатся в военных училищах.,Our graduates are now studying in military schools.
3465,"Наконец, в 16:50 наступила центральная фаза солнечного затмения.","Finally, at 16: 50 came the central phase of the solar eclipse."
3466,Двадцать семь банков закрылись во время активной фазы финансового кризиса.,Twenty seven banks closed during the active phase of the financial crisis.
3467,"Юрий считает, что страна находится в фазе упадка.",Yuri believes that the country is in а phase of decline.
3468,"Не факт, что это лечение поможет в данной ситуации.",It is not sure that medical treatment will help in this situation.
3469,Вот лишь несколько фактов из жизни учёного.,Here are only a few facts about the scientist’s life.
3470,"Нет ни одного факта, подтверждающего вашу теорию.",There's not a single fact to support your theory.
3471,"Когда побеждает фашизм, перестаёт существовать человек.","When fascism wins, humankind stops to exist."
3472,Антисемитизм является одним из основных симптомов фашизма.,Anti-semitism is one of the main symptoms of fascism.
3473,"Вы должны понимать, что такая политика приведёт к фашизму.",You have to understand that such a policy will lead to fascism.
3474,Восьмого ноября фашисты были уже в городе.,On the 8th of November the fascists were already in the city.
3475,"В последний год войны, когда наша территория уже была освобождена от фашистов, мама попросила меня съездить к бабушке с дедушкой.","During the last year of the war, when our territory had already been liberated from the Nazis, my mother asked me to go to visit my grandparents."
3476,"Один дед погиб, а второй оказался фашистом.","One old man died, the other one turned out to be a fascist."
3477,От фигурных коньков у меня заболели ноги.,The figure skates made my feet hurt.
3478,Таких кубков с фигурными орнаментами археологи нашли более тридцати.,Archaeologists have found more than thirty cups like this with intricate ornaments.
3479,Восемнадцатого сентября в Торонто начинается чемпионат мира по фигурному катанию.,The World figure skating championship begins in Toronto on the 18th of September.
3480,Как выглядит флаг Австралии?,What does the Australian flag look like?
3481,Что это за человек с флагом?,Who is that person with a flag?
3482,"До этого казалось, что революция― это весёлые песни и красивые флаги на баррикадах.",Before that it seemed that the revolution is just happy songs and beautiful flags on the barricades.
3483,Почему ты никогда не фотографируешься со своей девушкой?,Why don't you ever take a photo with your girlfriend?
3484,Весёлый старичок в национальном костюме с удовольствием фотографируется с туристами.,A cheerful old man in a national costume is happy to pose for photos with tourists.
3485,"Мы каждый год фотографируемся в одном и том же месте, чтобы смотреть, как мы изменились.",We take photos in the same place every year to see how we've changed.
3486,Его отец погиб на фронте в 1942 году.,His father died at the front in 1942.
3487,Писем с фронта они ждали с надеждой и страхом.,They waited for letters from the front with both hope and fear.
3488,Сразу после окончания института его направили на фронт.,Immediately after graduation from the university he was sent to the front.
3489,"Психологи считают, что детей обязательно надо хвалить.",Psychologists say that children should be praised.
3490,― Молодец! ― хвалит Лида внучку.,"""Well done!"", Lida praises her granddaughter."
3491,"Он часто обижался на родителей за то, что они его никогда не хвалили.",He often resented his parents for never praising him.
3492,"Извините, у нас у самих проблем хватает!","Sorry, we have enough of our own problems!"
3493,"Не хватало ещё, чтобы он пил в свои четырнадцать!",It wouldn’t be good at all if he was drinking at the age of 14.
3494,― Пойдём! Я хватаю его за руку и тащу домой.,"""Let's go!"", I take his hand and drag him home."
3495,На билет этих денег не хватит.,This money won’t be enough for the ticket.
3496,До победы мне не хватило всего два балла.,I needed just two more points to win.
3497,Она хватила рюмку водки и продолжила свой рассказ.,She took a shot of vodka and continued her talk.
3498,На этом рынке продаются овощи и фрукты с небольших фермерских хозяйств.,There are fruits and vegetables from small farms at this market.
3499,В интервью министр сельского хозяйства рассказал о состоянии отрасли.,In an interview the Minister of agriculture spoke about the current state of the industry.
3500,"Президент считает, что сельское хозяйство в стране достаточно развито.",The President believes that agriculture in the country is quite developed.
3501,Она достала из холодильника банку пива и тут же её открыла.,She took a can of beer can out of the refrigerator and opened it immediately.
3502,"Маша, поставь молоко в холодильник!","Masha, put the milk in the fridge!"
3503,"Она открыла дверцу, но масла в холодильнике не оказалось.","She opened the door of the refrigerator, but there was no butter inside."
3504,"Идти на матч мне не очень хотелось, поэтому я остался дома.","I didn't really want to go to the game, so I stayed at home."
3505,Так пить хочется! У тебя нет воды?,I’m so thirsty! Don’t you have some water?
3506,Каждое воскресенье она ходит в храм.,She goes to church every Sunday.
3507,"После революции многие храмы разрушили, на их месте появились музеи атеизма.","After the revolution many churches were destroyed, and museums of atheism were then built in their place."
3508,У неё была долгая дорога к храму.,She had a long way to go to church.
3509,Катя была частой посетительницей художественных выставок.,Katya was a frequent visitor at art exhibitions.
3510,После травмы в пятнадцать лет она ушла из художественной гимнастики.,"After an injury at fifteen, she quit rhythmic gymnastics."
3511,Писатель каждый раз сталкивается с определенным стереотипом художественного мышления.,Every time the writer encounters a certain stereotype of artistic thinking.
3512,"Он был высокий, худой, длинноволосый и всегда печальный.","He was tall, skinny, long-haired, and always sad."
3513,"Особенно худо было тем, кто оказался на фронте.",It was especially hard for those who were at the front.
3514,"Пришла старшая сестра — строгая, худая, в очках.","The elder sister came — strict, skinny, wearing glasses."
3515,"Оба смеются, курят, целуются…","Both of them laugh, smoke, kiss…"
3516,"Проблема в том, что я видела, как он целуется с Маринкой.","The problem is, I saw him kissing Marinka."
3517,"Таня переживала, что не умеет целоваться по-взрослому.",Tanya was worried that she didn't know how to kiss like an adult.
3518,"Он пошёл туда с целью проверить, не врёт ли ему жена.",He went there to see if his wife was lying to him.
3519,В чём цель вашего исследования?,What is the purpose of your research?
3520,Отклоняться от цели было нельзя — слишком мало времени оставалось.,We could not afford to deviate from the goal — there was too little time left.
3521,Фёдор зарабатывал на операциях с ценными бумагами.,Fyodor earned money from transactions with securities.
3522,В дороге он потерял несколько ценных подарков.,He lost several valuable gifts on the way.
3523,Особо ценные иконы продаются за границу.,Especially valuable icons are sold abroad.
3524,В прошлом году он стал главой Русской православной церкви.,Last year he became the head of the Russian Orthodox Church.
3525,Эта церковь была построена ещё в четырнадцатом веке.,This church was built in the fourteenth century.
3526,"Это было время, когда между государством и церковью начинался конфликт.",That was the time when the conflict between the state and the church began.
3527,Это было самое мощное цунами за всю историю человечества.,It was the most powerful tsunami in the history of mankind.
3528,"Он часто говорил, что человечество погубит само себя.",He often said that humanity would destroy itself.
3529,В последние годы перед человечеством встал ряд серьёзных проблем.,"In recent years, humanity has faced a number of serious problems."
3530,Он схватил чемодан и побежал к поезду.,He grabbed his suitcase and ran to the train.
3531,"Ещё столько вещей, а в чемодане совсем не осталось свободного места.","There are so many things left to pack, but there is no more room in the suitcase."
3532,Подниматься по лестнице с таким тяжёлым чемоданом было совсем невесело.,It was no fun at all going up the stairs with such a heavy suitcase.
3533,Александр Петров — бронзовый призёр чемпионата мира по плаванью.,Alexander Petrov is a bronze medalist at the World swimming championship.
3534,Последний раз он выступал на чемпионате мира шесть лет назад.,The last time he competed at the world championship was six years ago.
3535,Он приехал на чемпионат мира со всей семьёй.,He came to the World cup with his entire family.
3536,"Один из членов экипажа самолёта погиб, судьба остальных пока не известна.","One of the crew members of the plane died, what happened to the rest is still unknown."
3537,Остальные члены правительства не поддержали это решение.,The other members of the government did not support this decision.
3538,"Он член Союза писателей, а не парень с улицы!","He's a member of the Writers' union, not some random guy!"
3539,Это ли не чудо — держать в руках только что родившегося ребёнка.,It's a miracle to hold a newborn baby in your arms.
3540,Посадка самолёта в таких условиях была настоящим чудом!,Landing the plane in such conditions was a real miracle!
3541,"Я часто напоминал себе, как важно верить в чудеса.",I've often reminded myself how important it is to believe in miracles.
3542,"К сожалению, любил Костя чужую жену.","Unfortunately, Kostya was in love with someone else’s wife."
3543,И запомни: не пей и не ешь ничего от чужих людей!,And remember: do not drink or eat anything from strangers!
3544,Я открыл дверь: передо мной стояла совершенно чужая женщина вся в крови.,I opened the door and there was an unfamiliar woman standing in front of me all covered in blood.
3545,В первые выходные мая мы с друзьями ездим на шашлыки к озеру.,On the first weekend of May my friends and I go to a barbecue at the lake.
3546,На третий день отдыха нам захотелось поесть шашлыков в кафе.,On the third day of the trip we wanted to eat shashliks in a cafe.
3547,Она лучше всех умела готовить шашлык.,She was the best shashlik cook.
3548,Ремешок от фотоаппарата больно давил на шею.,The strap of the camera pressed painfully against his neck.
3549,На шее у неё висело крупное ожерелье.,She wore a large necklace around her neck.
3550,Это был крем для кожи лица и шеи.,It was a face and neck cream.
3551,"Они сами себе шьют и юбки, и штаны, и платья.","They sew their own skirts, pants and dresses."
3552,Раньше на этой фабрике шили джинсы.,This factory used to make jeans.
3553,"Бабушка шьёт в своей комнате, папа пишет за столом книгу, а мама готовит на кухне.","Grandma is sewing in her room, dad is writing a book at his desk, and mom is cooking in the kitchen."
3554,"«Так вот почему он не снимал шляпу», ― подумала я.","""So that's why he didn’t take his hat off"", I thought."
3555,"Он лежал на траве, накрывшись шляпой.",He was lying on the grass with his hat over his head.
3556,"Он вошёл, не снимая шляпы.",He entered without taking his hat off.
3557,"Вася теперь шофёр, получает прилично.","Vasya is a driver now, he gets a decent salary."
3558,Он уже двадцать лет работает шофёром у директора завода.,He has been working as the driver for the director of the factory for twenty years.
3559,Максим попросил шофёра приехать за ним на час раньше.,Maxim asked the driver to pick him up one hour earlier than they had previously agreed.
3560,Шум с улицы мешал нам спать.,The noise from the street didn’t let us sleep.
3561,Вдруг в соседней комнате что-то с шумом упало.,In the next room something suddenly fell and made a noise.
3562,"Рядом с нашим домом была стройка, но никакого шума мы не слышали.","There was a construction site near our house, but we didn't hear any noise."
3563,Он поцеловал её в щёку и поехал домой.,He kissed her on the cheek and drove home.
3564,От стыда её щёки покраснели.,Her cheeks reddened with shame.
3565,Она быстро вытерла со щеки слёзы и продолжила рассказ.,She quickly wiped a tear from her cheek and kept talking.
3566,Как часто ты меняешь зубную щётку?,How often do you change your toothbrush?
3567,"В ванной не было ничего, кроме зубных щёток.",There was nothing in the bathroom but toothbrushes.
3568,Она быстро почистила сапоги щёткой и побежала на работу.,She quickly cleaned her boots with a brush and ran to work.
3569,Перед человечеством в двадцать первом веке стоит ряд экологических проблем.,Humanity faces a number of environmental challenges in the 21st century.
3570,Регион оказался на грани экологической катастрофы.,The region was on the verge of an ecological catastrophe.
3571,В этот четверг экологические активисты провели акцию возле здания правительства.,On Thursday environmental activists held a rally near the government building.
3572,"В компании утверждают, что новый завод будет работать без вреда для экологии.",The company claims that the new factory will not harm the environment.
3573,Он не хочет жить в Москве: там плохая экология и дорогое жильё.,He does not want to live in Moscow: the ecological situation there is bad and housing is expensive.
3574,"Маша считала, что её проблемы со здоровьем связаны с плохой экологией.",Masha believed that her health problems were caused by the bad ecological situation.
3575,Она привыкла экономить на походах в рестораны.,She is used to saving money by not going to restaurants very often.
3576,В путешествии Светлана никогда не экономит на комфорте.,Svetlana never skimps on comfort when traveling.
3577,"Мы выяснили, что новые лампы экономят свет.",We found out that the new lamps save electricity.
3578,Мой муж только что вернулся из экспедиции.,My husband has just returned from an expedition.
3579,Долгая сложная экспедиция пугала Петра.,The long and difficult expedition frightened Petr.
3580,Из своих экспедиций он обычно привозил редкие растения.,He usually brought back rare plant species from his expeditions.
3581,Результат эксперимента нас удивил.,The result of the experiment surprised us.
3582,В эксперименте приняли участие двести пятьдесят женщин и сто семьдесят мужчин.,250 women and 170 men took part in the experiment.
3583,Проведение подобных экспериментов остановила комиссия по этике.,Such experiments were stopped by the Ethics committee.
3584,Во время кризиса зафиксировано снижение экспорта из России.,"During the crisis, a decrease in exports from Russia was recorded."
3585,Половину объема в экспорте Исландии составляет рыба.,Half of what Iceland exports is fish.
3586,Нефтяной экспорт снизился за последний год.,Oil exports have declined over the past year.
3587,Из-за аварии во всём районе отключили электричество.,Because of the accident electricity was cut off in the entire area.
3588,Мы уже два часа сидим без электричества.,We've been without electricity for two hours already.
3589,Новая станция обеспечит электричеством всю Якутию.,The new station will provide electricity to all of Yakutia.
3590,Моя сестра работает в магазине электроники.,My sister works in an electronics store.
3591,В последнее время цены на зарубежную электронику снижаются.,Prices for foreign electronics have been declining recently.
3592,Самолёт не мог взлететь из-за проблем с электроникой.,The plane was unable to take off due to problems with electronics.
3593,Германия отказалась от строительства новых атомных электростанций.,Germany refused to build new nuclear power plants.
3594,"Аварии на атомных электростанциях случаются редко, но их последствия очень серьёзны.","Accidents at nuclear power plants are rare, but their consequences are very serious."
3595,Через год здесь построят новую электростанцию.,In a year a new power plant will be built here.
3596,Что про ту войну пишут в энциклопедиях?,What do the encyclopedias say about that war?
3597,"Это будет не просто альбом, а настоящая энциклопедия с серьёзными статьями.","This is not going to be just an album, but a real encyclopedia with serious articles."
3598,"Открой энциклопедию и почитай, почему ты меня об этом спрашиваешь?","Open the encyclopedia and read about it, why are you asking me about it?"
3599,1527 год историки называют концом эпохи Возрождения.,1527 is considered by historians to be the end of the Renaissance.
3600,Такое отношение к Западу сформировалось в советскую эпоху.,This attitude toward the West took shape in the Soviet era.
3601,В 1960 году началась эпоха буги-вуги и рок-н-ролла.,In 1960 the era of Boogie-woogie and rock and roll began.
3602,На данном этапе жизни я ещё не готов заводить детей.,I'm not ready yet to have children at this stage of my life.
3603,Это был переходный этап между советской и российской экономикой.,It was a transitional stage between the Soviet and Russian economies.
3604,На собрании она подвела итоги первого этапа исследования.,At the meeting she summed up the results of the first stage of the research.
3605,"Он не хотел, чтобы Россию знали, как страну ядерных бомб.",He did not want Russia to be known as a country of nuclear bombs.
3606,Марина учится на факультете ядерной физики.,Marina is studying at the faculty of nuclear physics.
3607,Страны договорились о поставке в Мексику ядерного топлива.,The countries agreed to supply Mexico with nuclear fuel.
3608,Мы будем ждать тебя на автобусной остановке.,We will wait for you at the bus stop.
3609,В работе автобусного маршрута произошли изменения.,There have been changes in the operation of the bus route.
3610,"Извините, где здесь автобусная остановка?","Excuse me, where is there a bus stop here?"
3611,Он взял автомат и пошёл к укрытию.,He picked up a machine gun and took cover.
3612,Почему-то нигде вокруг не было автомата по продаже билетов на поезд.,"For some reason, there was no vending machine for train tickets anywhere around."
3613,По команде солдаты начали стрелять из автоматов.,On command the soldiers started shooting from their machine guns.
3614,На прошлой неделе вышел новый американский фильм.,A new American movie was released last week.
3615,В нашем журнале вышла статья американского журналиста.,An article by an American journalist was published in our magazine.
3616,Кого из американских президентов ты знаешь?,Which American Presidents do you know?
3617,У большинства жителей Москвы нет личного автомобиля.,The majority of Moscow residents don’t have their own cars.
3618,Почему здесь так много автомобилей?,Why are there so many cars here?
3619,Тебе нравится твой новый автомобиль?,Do you like your new car?
3620,Среди гостей были ученые из Академии наук.,There were scientists from the Academy of Sciences among the guests.
3621,Он закончил Академию государственной службы два года назад.,He graduated from the Academy of public administration two years ago.
3622,Академия народного хозяйства объявила о наборе студентов.,The Academy of national economy announced the admission of new students.
3623,Презентация нового альбома группы состоится в следующем сентябре.,The presentation of the band’s new album will take place next September.
3624,Я обещала купить дочке альбом и краски.,I promised my daughter to buy her a sketchbook and paint.
3625,Я ещё не слушал последние альбомы этих групп.,I haven’t heard the latest albums of those groups yet.
3626,В прошлый понедельник американцы сходили на выборы президента.,Last Monday Americans went to elect their president.
3627,Значительная часть американцев путешествует внутри страны.,A considerable portion of Americans travel within the country.
3628,Новый муж моей подруги — американец из Бостона.,My friend’s new husband is an American from Boston.
3629,Наш преподаватель английского — американка. Она переехала в Москву из Чикаго.,Our English teacher is American. She moved to Moscow from Chicago.
3630,На соревнованиях по волейболу сегодня россиянки играют против американок.,"At the volleyball competition today, the Russians are playing against the Americans."
3631,Результаты анализа крови будут готовы завтра.,The blood test results will be ready tomorrow.
3632,Сколько стоит анализ крови в вашей лаборатории?,How much does a blood test cost at your laboratory?
3633,Мы закончили исследование и приступили к анализу материала.,We finished our research and started to analyze the material.
3634,"Как анализировать данные, которые мы получили в эксперименте?",How should we analyze the data that we got from the experiment?
3635,Список анализируемых факторов представлен в таблице.,The list of factors for analysis is presented in the table.
3636,"Анализируя поведение людей, важно учитывать разные факторы.",When analyzing people’s behavior it’s important to consider various factors.
3637,Я не приду на занятия завтра: у меня ангина.,I'm not going to class tomorrow — I have a sore throat.
3638,Он целую неделю просидел с ангиной дома.,He spent the whole week at home with a sore throat.
3639,"Переезжая в Санкт-Петербург, Иван продал квартиру в Москве.","When he moved to Saint Petersburg, Ivan sold his apartment in Moscow."
3640,Она не хотела переезжать из этого города.,She didn’t want to move away from that city.
3641,"Когда я был маленьким, мы с родителями часто переезжали из города в город.","When I was little, my parents and I often moved from town to town."
3642,"Я часто задумывался, почему меня не приняли в школьный ансамбль.",I often wondered why I didn't get into the school band.
3643,Далее в программе — выступление танцевального ансамбля из Новгорода.,Next in the program is a performance of a dance ensemble from Novgorod.
3644,На фестиваль народной музыки собрались ансамбли со всей России.,Ensembles from all over Russia gathered for the folk music festival.
3645,Их сын на прошлой неделе вернулся из армии.,Last week their son came back from the army.
3646,С плохим здоровьем в армию не берут.,One can’t get into the army with health issues.
3647,Советская армия вела войну с Германией.,Soviet army was at war with Germany.
3648,Машины в больших городах загрязняют атмосферу.,Cars in big cities pollute the atmosphere.
3649,Атмосфера Земли — уникальное явление в Солнечной системе.,The Earth's atmosphere is a unique phenomenon in the Solar system.
3650,Загрязнение атмосферы и океана — глобальная проблема для человечества.,Air and ocean pollution is a global problem for humanity.
3651,В 2018 году в мире было сто девяносто две атомных электростанции.,"In 2018, there were 192 nuclear energy stations in the world."
3652,Взрыв атомной бомбы — катастрофа для Земного шара.,The explosion of an atomic bomb is a catastrophe for the globe.
3653,Открытие атомного ядра сыграло большую роль в развитии физики.,The discovery of the atomic nucleus has played a major role in the development of physics.
3654,Где афиша спектаклей на январь?,Where is the program guide for January?
3655,Ты уже видела афиши нашей любимой группы? Они приезжают в Москву с концертом!,Have you already seen the poster announcing our favorite band? They are coming to Moscow to give a concert!
3656,Она увидела на афише двух своих любимых актёров.,She saw two of her favorite actors on the poster.
3657,Анна Павлова с детства мечтала стать балериной.,As a child Anna Pavlova dreamed of becoming а ballerina.
3658,С балкона она увидела драку и вызвала полицию.,She saw a fight from her balcony and called the police.
3659,- Где наши велосипеды? - Они на балконе.,- Where are our bikes? - They are on the balcony.
3660,Все квартиры в этом доме без балконов.,All the apartments in this bulding don't have balconies.
3661,"Я никогда не видела, как растут бананы.",I've never seen how bananas grow.
3662,"Он принёс домой корзину с бананами, мандаринами, яблоками, киви и манго. ","He brought home a basket of bananas, mandarine oranges, apples, kiwis, and mangoes."
3663,Хочешь банан? У меня их много.,Do you want a banana? I have plenty of them.
3664,Она никак не могла открыть банку с вареньем.,She couldn't open the jar of jam.
3665,Дай мне попробовать мёд из той банки!,Let me try the honey from that jar!
3666,На полке стояли десятки банок с солёными огурцами.  ,There were dozens of jars of pickles on the shelf.
3667,Российские баскетболисты проиграли американцам в финале Олимпийских игр.,The Russian basketball players lost to the Americans in the final match of the Olympic games.
3668,У четырёх баскетболистов перед игрой нашли допинг в крови.,Before the game evidence of doping was found in the blood of four basketball players.
3669,В каком году была построена Эйфелева башня?,In which year was the Eiffel tower built?
3670,На пятидесятом этаже этой башни есть смотровая площадка на весь город.,There is an observation deck with a view of the whole city on the 50th floor of this tower.
3671,Часы на Спасской башне Кремля пробили полночь.,The clock on the Kremlin's Spasskaya tower struck midnight.
3672,Со следующего года на пять процентов повышается цена за литр бензина.,"Starting from next year, the price per liter of gasoline will increase by five percent."
3673,Сколько стоит бензин на этой заправке?,How much does gasoline cost at this gas station?
3674,Рядом с нашим домом растёт большая старая берёза.,There is a big old birch tree next to our house.
3675,"Птицы улетели на юг, с берёз облетели все листья — наступила осень.","The birds have flown South, all the leaves have fallen off the birche trees — autumn has arrived."
3676,В этом лесу берёзы растут вместе с липами.,In this forest birch trees grow alongside linden trees.
3677,"Из беседы с начальником я понял, что зарплата в следующем году не увеличится.",From the conversation with my boss I understood that there will be no pay raise next year.
3678,"Извините, что прерываю вашу беседу! Вы не знаете, как найти двадцатый кабинет?",Excuse me for interrupting your conversation! Do you know how can I find room 20?
3679,"Наша беседа явно затянулась, мне было очень некомфортно.","Our conversation had obviously lasted too long, I felt very uncomfortable."
3680,Не беспокойтесь! Вы успеваете на свой рейс.,Don’t worry! You will make it to your flight.
3681,"Он хорошо подготовился к экзамену, и поэтому совершенно не беспокоился за результат.","He prepared well for the exam, so he didn’t worry about the result at all."
3682,Мои родители всё время беспокоятся за меня.,My parents worry about me all the time.
3683,Библиотекари уверены: интернет никогда полностью не заменит бумажные книги.,Librarians are certain: the internet will never completely replace printed books.
3684,Тяжело ли работать библиотекарем?,Is it hard to work as a librarian?
3685,"В нашей библиотеке двенадцать библиотекарей, директор и один охранник.","There are twelve librarians, a director and one security officer at our library."
3686,"Он взял несколько чистых бланков, потому что был уверен: он обязательно сделает несколько ошибок.",He took several blank forms to fill out because he was sure that he would make some mistakes.
3687,Возьмите эти бланки и заполните их.,Take those forms and fill them in.
3688,На бланках было что-то написано на непонятном мне языке. ,There was something written on the forms in a language I didn't understand.
3689,Что случилось? Ты весь бледный!,What happened? You are all pale!
3690,Почему у них такие бледные лица? С ними точно всё в порядке?,Why do they have such pale faces? Are they all right?
3691,"Видно было, что Катя болеет: похудевшая, бледная и совсем без сил.","It was evident that Katya was ill: she had lost weight, was pale and didn't have any energy."
3692,На филилогическом факультете мы прослушали курс фонетики. ,We took a phonetics course at the faculty of philology.
3693,Нас учит лучший в Москве преподаватель по фонетике.,We have the best phonetics teacher in Moscow.
3694,Через месяц они едут в Москву.,They are going to Moscow in a month.
3695,"Москва, Берлин и Мельбурн — мои любимые города. ","Moscow, Berlin and Melbourne are my favorite cities."
3696,Куда слетать из Москвы на выходные?,Where can one fly to from Moscow for a weekend?
3697,Что ближе к Москве: Санкт-Петербург или Казань?,What is closer to Moscow: Saint Petersburg or Kazan?
3698,Мне близка позиция Андрея по этому вопросу.,Andrey's position on this issue is similar to mine.
3699,Моя семья — это самые близкие мне люди.,My family are the people closest to me.
3700,Моё любимое блюдо итальянской кухни — ризотто с морепродуктами.,My favorite Italian food is risotto with seafood.
3701,В ресторане мы заказали самые известные мексиканские блюда.,In the restaurant we ordered the most famous Mexican dishes.
3702,В этом блюде слишком много соли.,There’s too much salt in this dish.
3703,Не надо мне богатства! Я хочу счастья и спокойствия.,I don’t need wealth! I want happiness and peace.
3704,Моё главное богатство — это мои дети и внуки.,My most important treasures are my children and grandchildren.
3705,Россия обладает огромными природными богатствами.,Russia is rich with enormous natural resources.
3706,Бой за звание чемпиона мира по боксу начался в эти минуты в Мадриде.,The fight for the world boxing champion title began at this moment in Madrid.
3707,Почему вы сдались без боя?,Why didi you give up without a fight?
3708,Тяжело в учении — легко в бою.,It’s hard while learning but easy while fighting.
3709,"Долгие годы врачи считали, что эта болезнь неизлечима.",For many years doctors believed that this disease is incurable.
3710,Причина этой болезни до сих пор неизвестна.,The cause of this disease is still unknown.
3711,Как защитить себя и семью от болезней зимой?,How to protect yourself and your family from diseases in winter
3712,На чемпионат мира по футболу приехали тысячи болельщиков со всего мира.,Thousands of fans from all over the world came to the World Cup.
3713,Болельщики огромной толпой шли на стадион.,A huge crowd of fans were walking to the stadium.
3714,Мой папа — активный футбольный болельщик.,My father is an active soccer fan.
3715,Что у тебя болит? Скажи мне.,What hurts? Tell me.
3716,В прошлом году он два раза болел гриппом.,Last year he got the flu twice.
3717,Болеть всегда тяжело и неприятно.,It's always difficult and unpleasant to be ill.
3718,Большинство жителей Москвы пользуется общественным транспортом.,The majority of Moscow residents use pubic transport.
3719,У большинства российских авиакомпаний багаж не входит в стоимость билета.,Checked-in luggage is not included in the price of tickets by the majority of Russian airline companies.
3720,В большинстве случаев первый ответ на вопрос и является правильным.,In most cases the first answer to a question is the right one.
3721,Я всего раз видела своего мужа с бородой и усами.,Only once have I seen my husband with a beard and mustache.
3722,"Она считает, что борода идёт любому мужчине.",She thinks that every man looks good in a beard.
3723,Михаил два месяца отращивал бороду.,Mikhail spent two months growing his beard.
3724,Родители учили меня бороться до последнего.,My parents taught me to fight until the very end.
3725,С чем боролись французские студенты в 1968 году?,What were French students fighting for in 1968?
3726,"Эта партия уже пять лет борется за власть, но так и не выиграла выборы.","This party has been fighting for power for 5 years already, but still hasn’t won the elections."
3727,Петя взял себе в столовой тарелку борща.,Petya bought himself a bowl of borsch at the cafeteria.
3728,Моя бабушка лучше всех умела готовить борщ.,My grandmother made better borsch than anybody else.
3729,Основным способом борьбы с некоторыми инфекциями является вакцинация.,The main way to fight certain infections is by vaccination.
3730,"Некоторые считают, что жизнь – это постоянная борьба.",Some people believe that life is a constant struggle.
3731,В России создали комитет по борьбе с терроризмом.,A committee on the suppression of terrorism has been established in Russia.
3732,"Оля совершенно замёрзла в осенних ботинках, пока дошла до работы.",Olya got completely frozen in her autumn shoes while walking to work.
3733,Нужно почистить ботинки после сегодняшней прогулки в лесу.,I need to clean my shoes after today’s walk in the forest.
3734,У Коли нет зимних ботинок.,Kolya doesn’t have winter shoes.
3735,"Я никогда никому не говорила, что боюсь темноты.",I’ve never told anybody that I’m afraid of darkness.
3736,Почему люди часто боятся пауков?,Why are people often afraid of spiders?
3737,Моя сестра ужасно боится плавать в море.,My sister is terribly afraid of swimming in the ocean.
3738,Футбольный матч между Барселоной и Реалом начнётся в 19:00.,The soccer match between Barcelona and Real starts at 19:00.
3739,Около двухсот футбольных фанатов начали массовую драку после матча.,About two hundred soccer fans started a massive fight after the match.
3740,Вчера прошёл последний матч футбольной сборной России перед чемпионатом мира.,Yesterday the Russian soccer team had its last match before the World Cup.
3741,"Мой брат не любит бриться, поэтому всегда ходит с бородой.","My brother doesn’t like to shave, so he always has beard."
3742,"По отросшим усам было понятно, что Саша давно не брился.","Judging by his big mustache, it’s been a long time since Sasha last shaved."
3743,"Официантам в этом ресторане запрещено ходить на работу с усами или бородой, поэтому они бреются каждый день.","Waiters in this restaurant are not allowed to go to work with a mustache or beard, so they shave every day."
3744,"Как только человек бросает курить, он начинает лучше ощущать запахи.",As soon as a person quits smoking their sense of smell improves.
3745,Во время финального матча чемпионата мира зрители по всему миру бросают свои дела и включают телевизор.,"During the final match of the World Cup, viewers around the world drop everything and turn the TV on."
3746,Мальчики ловили рыбу и снова бросали её в море.,The boys were catching fish and then throwing them back into the sea again.
3747,Тебе нравятся эти синие брюки?,Do you like those blue pants?
3748,В православные церкви женщинам нельзя заходить в брюках.,It is prohibited for women to enter Orthodox churches in pants.
3749,У меня нет летних брюк.,I don't have any summer pants.
3750,В нашем университете никогда не было буфета.,Our university never had a buffet.
3751,Перед спектаклем мы выпили шампанского в театральном буфете.,Before the play we drank champagne in the theatre buffet.
3752,"Буфет на втором этаже закрыт, идите на первый этаж.","The buffet on the second floor is closed, go to the first floor."
3753,Их сын учится в колледже на повара.,Their son is studying at a college to become a chef.
3754,Что престижнее: колледж или университет?,What’s more prestigious: college or university?
3755,Бывший муж моей сестры женился на её подруге.,My sister’s ex-husband married her friend.
3756,Наши бывшие соседи переехали в Сочи.,Our former neighbors moved to Sochi.
3757,Во многих странах бывшего СССР понимают русский язык.,People understand Russian in many countries of the former USSR.
3758,Она вошла в комнату и сразу увидела в вазе огромный букет.,She came into the room and immediately saw a huge bouquet in a vase.
3759,"Куда поставить цветы? Все вазы, которые есть у нас дома, уже заняты.",Where should we put the flowers? All the vases that we have at home are already being used.
3760,"Секундочку, я только поставлю цветы в вазу.","Just a second, I’ll put the flowers in a vase."
3761,Мы купили новую раковину в ванную.,We bought a new sink for our bathroom.
3762,- Где фен? - Он в ванной.,- Where is the hair dryer? - It’s in the bathroom.
3763,Мне не нравится эта квартира: в ней слишком маленькая ванная.,"I don't like this apartment, the bathroom is too small."
3764,"Мне нравился вежливый тон, в котором Пётр разговаривал со своими учениками.",I liked the polite way Peter talked to his students.
3765,"– Ольга, добрый день! – с вежливой улыбкой сказал Сергей.","- Olga, good afternoon!, Sergey said with a polite smile."
3766,"Даже когда Камилле не нравились подарки, она всегда произносила вежливое «Спасибо!».","Even when Kamilla did not like the gifts, she always said a polite ""Thank you!""."
3767,Он сел на велосипед и поехал на пляж.,He got on the bike and rode to the beach.
3768,Летом Полина ездит на работу на велосипеде.,"In the summer, Polina goes to work by bike."
3769,В детстве у Миши не было велосипеда.,When he was a child Misha didn’t have a bike.
3770,"- То есть вы считаете, что торопиться не стоит? - Совершенно верно! Вы всё успеете.",- So you think we shouldn’t hurry? - That’s right! You’ll make everything in time.
3771,Собаки — мои самые верные друзья.,Dogs are my most loyal friends.
3772,Молодец! Это абсолютно верный ответ.,Well done! It's the absolutely right answer.
3773,"Коробка стояла на самой верхней полке, и я никак не могла её достать.",The box was on the very top shelf and I couldn’t reach it.
3774,"Уважаемые зрители, пожалуйста, оставляйте верхнюю одежду в гардеробе!","Dear guests, please check your coats!"
3775,После вчерашней драки у него разбита верхняя губа и нос.,His upper lip and nose are broken now after yesterday’s fight.
3776,Не могу же я прийти на праздник без вечернего макияжа?,"Well, but I can’t go to the celebration without my party makeup."
3777,В вечерних новостях показали моего мужа.,My husband appeared in the evening news.
3778,"Мы с детьми пошли в театр на вечерний спектакль, но нас не пустили.","My children and I went to the evening performance, but we were not allowed to come in."
3779,Почему ты не хочешь вешать мою картину на стену? Она тебе не нравится?,Why don’t you want to put my picture on the wall? You don’t like it?
3780,"Мы были в Голландии и заметили, что местные жители не вешают штор на окна.",We’ve been to Holland and noticed that the locals don’t have blinds in the windows.
3781,"Я не вешаю трубку, пока не услышу нужный мне ответ.",I'm not hanging up until I hear the answer I need.
3782,"На мой взгляд, эта рубашка идёт тебе гораздо больше.","In my opinion, this shirt looks much better on you."
3783,Он встретился с ней взглядом и улыбнулся.,Their eyes met and he smiled at her.
3784,"Да, мы придерживаемся противоположных взглядов на политику, но всё равно дружим.","Yes, we have different opinions about politics, but we are still friends."
3785,Дети всегда должны плавать под присмотром взрослых!,Children should always swim under the supervision of adults!
3786,Почему все взрослые меня не понимают?,Why is it that adults don't understand me?
3787,Мой внук уже совсем взрослый — он вчера закончил школу.,My grandson is grown up now — he graduated from school yesterday.
3788,Константину нужны новые визитные карточки.,Konstantin needs new business cards.
3789,"Ну и что мне делать с этой визитной карточкой, если на ней нет номера телефона?","Well, what am I supposed to do with this business card if there is no phone number written on it?"
3790,Вот моя визитная карточка. Звоните в любое время.,Here is my business card. Call me anytime.
3791,Этот сорт винограда не едят — из него делают вино.,This is not the type of grape that one eats — it’s for making wine.
3792,"Купи, пожалуйста, к столу виноград, орехи и сыр.","Please buy grapes, nuts, and cheese for dinner."
3793,Женя пошел на кухню за вином и виноградом.,Zhenya went to the kitchen to get the wine and grapes.
3794,"Иван ушёл воевать, когда ему было всего двадцать лет.",Ivan left home for war when he was only twenty years old.
3795,"Люди воюют не с наводнениями, не с опасными бактериями, а друг с другом!","People are fighting not with floods or dangerous bacteria, but with each other!"
3796,На чьей стороне он воюет?,Which side of the war is he fighiting on?
3797,Федеральный закон определяет состояние войны как период между началом и прекращением военных действий.,Federal law defines the state of war as the period between the beginning and the end of military operations.
3798,Вечером они уехали с военной базы.,In the evening they left the military base.
3799,Военные действия не прекращались даже ночью.,Military operations did not stop even at night.
3800,Некачественный товар меняют на новый или возвращают за него деньги. ,Defective products will be replaced or you will get your money back.
3801,Он уже три месяца не возвращает мне долг.,It's been three months that he hasn’t returned the money he borrowed from me.
3802,"Хочешь не хочешь, а кредит нужно возвращать в банк.","Like it or not, you have to pay back the loan to the bank."
3803,Как проходят тренировки профессиональных волейболистов?,How are professional volleyball players trained?
3804,"Такой коллекции мячей, как у Андрея, нет ни у одного волейболиста на планете.",No volleyball player on the planet has such a collection of balls as Andrey does.
3805,Волк — один из главных героев многих русских сказок.,The wolf is one of the main characters in many Russian fairy tales.
3806,"На картине был нарисован заяц, за которым гнались волки.",In the picture there is a rabbit being chased by wolves.
3807,В лесу они увидели волков.,They saw wolves in the forest.
3808,Поведение человека сильно зависит от его воспитания.,A person’s behavior is strongly dependent on their upbringing.
3809,Такое воспитание нашим детям не нужно!,An upbringing like that is not for our children!
3810,Мы с мужем постоянно спорим о воспитании детей.,My husband and I always argue about how to bring up our children.
3811,"Их нужно было воспитывать в детстве, а сейчас уже поздно.","They should have been taught how to behave when they were children, now it’s too late."
3812,Детей Натальи и Павла воспитывают бабушки и дедушки.,Natalya and Pavel’s children are being brought up by their grandparents.
3813,Они воспитывали дочку в любви и заботе.,They brought up their daughter surrounded by love and care.
3814,В своей голове он старался стереть любые воспоминания о войне.,He tried to get rid of all his memories from the war.
3815,"Аня говорит, что у неё почти не осталось воспоминаний из детства.",Anya says that she has almost no memories from her childhood.
3816,"Воспоминание о дедушке — самое тёплое и приятное, которое было у Игоря.",Memories about his grandfather are the warmest and the most pleasant that Igor had.
3817,"Создаётся впечатление, что вы никогда не были в музее.",It seems like you’ve never been to a museum.
3818,Какие впечатления у вас остались от вчерашнего фильма?,What impression did you get from yesterday’s movie?
3819,У меня осталось столько ярких впечатлений от Диснейленда! Я обязательно хочу вернуться.,I have so many vivid impressions from Disneyland! I definitely want to go back.
3820,"Врачи сказали, что я должен избавиться от вредных привычек.",The doctors said that I have to get rid of my bad habits.
3821,"Оказалось, что жвачка вредна для зубов.",It turned out that chewing gum is bad for the teeth.
3822,Что вреднее: газировка или алкоголь?,What is worse for the health: carbonated drinks or alcohol?
3823,Собирайся! Нам выезжать в аэропорт через час.,Get ready! We’re heading to the airport in an hour.
3824,Здесь можно найти всё необходимое для выезжающих за границу.,Here one can find everything needed by those who are traveling abroad.
3825,Она смотрит направо и налево из окна своей машины и только после этого выезжает на дорогу.,She looks to the right and to the left from her car and only then starts driving to the road.
3826,После двух недель болезни Сергей наконец начал выздоравливать.,After being sick for two weeks Sergey finally started to get better.
3827,"Увы, несмотря на лечение, выздоравливали от этой болезни лишь единицы.","Unfortunately, despite treatment, only a few individuals recovered from that illness."
3828,Выздоравливай скорее! Мы ждём тебя!,Get well soon! We are waiting for you!
3829,"У Егора выходной, но по вызову от начальника ему срочно пришлось приехать на работу.",Egor had the day off but he got a call from his boss and had to go to the office immediately.
3830,Полицейские получили вызов о драке.,The policemen got a call about a fight.
3831,В больнице весь день получали вызовы о тепловых ударах.,The hospital has been getting calls about heat stroke all day.
3832,Этот фильм всегда вызывает у меня улыбку.,This movie always makes me smile.
3833,"В книге описаны события, которые вызывают и смех, и слёзы.",The events described in the book make me both laugh and cry.
3834,Вирусы способны вызывать массовые эпидемии.,Viruses can cause massive epidemics.
3835,"Знаете, почему они всегда выигрывают? Потому что за их команду играет чемпион Европы.",Do you know why they always win? Because the European champion is playing for their team.
3836,Сколько раз российские режиссёры выигрывали Оскар?,How many times have Russian movie directors won an Oscar?
3837,Он два раза выигрывал чемпионат мира по гандболу.,He won the handball world championship twice.
3838,"Раньше от этой болезни умирали, а теперь её успешно вылечивают антибиотиками.",People used to die from this disease but now it can be cured using antibiotics.
3839,_,_
3840,"Этот закон фактически не выполняет свои функции, а стал поводом для коррупции.","In reality, this law doesn’t function, it has become a pretense for corruption."
3841,Для пилотов важно чётко выполнять свои инструкции.,It's important for pilots to follow their instructions strictly.
3842,Актёры на репетициях выполняют указания режиссёров.,The actors follow the directors’ instructions during rehearsals.
3843,"Иванов стал президентом, но радости по этому поводу никто не выражает.",Ivanov became the president but nobody is pleased about it.
3844,Она не любит открыто выражать свои эмоции.,She doesn’t like to show her emotions openly.
3845,Авторы выражают особую благодарность Александру Петрову за помощь в проведении съёмок.,The authors express special gratitude to Alexander Petrov for his help during the filming process.
3846,Успех выступления во многом зависит от количества репетиций.,The success of a performance largely depends on the number of rehearsals.
3847,Больше всего нам понравилось выступление китайских гимнастов.,We liked the performance of the Chinese gymnasts the most.
3848,Подготовкой выступлений президента занимается большая команда специалистов из разных сфер.,The president's public speeches are prepared by a big team of specialists from various spheres.
3849,На кухне странный запах газа.,There's a strange smell of gas in the kitchen.
3850,Ты выключил газ?,Have you turned off the gas?
3851,Я не пью воду с газом.,I don't drink sparkling water.
3852,Надень синий галстук! Он подходит к этой рубашке.,Put on the blue tie! It goes well with that shirt.
3853,Он купил рубашку с галстуком для новой работы.,He bought a shirt and a tie for his new job.
3854,Паша никогда не ходил на работу без галстука.,Pasha has never gone to work without a tie.
3855,Твоя машина в гараже или на улице?,Is your car in the garage or outside?
3856,Из-за гаражей была видна фабрика.,One could see a factory behind the garages.
3857,В этом доме вместе с квартирами продают гаражи.,The apartments in that house are sold with garages.
3858,Моя бабушка всегда ходила в центральный гастроном за продуктами.,My grandma always went to the grocery store downtown to buy food.
3859,В Гастрономе №1 продавали лучшие продукты в городе.,The best food in town was sold in the grocery store «Gastronom №1».
3860,"Иди к гастроному, я пойду навстречу тебе.","Go towards the grocery store, I will walk in your direction."
3861,Его дедушка — генерал армии.,His grandfather is an army general.
3862,Генерала Петрова нигде не было.,General Petrov was nowhere to be seen.
3863,Майор пришёл вместе с генералом.,The major came with the general.
3864,Вчера мы ходили в музей геологии.,Yesterday we went to the geology museum.
3865,Наша гимназия — лучшая в городе.,Our high school is the best in the city.
3866,"В гимназии, где учатся мои дети, каждый год проходит фестиваль песен.",A song festival is held every year at the high school where my children are enrolled.
3867,Её внуки поступили в престижную гимназию.,Her grandchildren got into a prestigious high school.
3868,Мама приготовила картошку с грибами.,My mother cooked potatoes with mushrooms.
3869,"У нас нет картошки. Сходи в магазин, пожалуйста!","We don’t have any potatoes. Can you go to the store, please!"
3870,Его любимые пирожки — с картошкой.,His favorite pastries are the ones with potatoes.
3871,Он потратил всю зарплату на новые часы.,He spent his whole paycheck on a new watch.
3872,Вы можете потратить на подарки не больше десяти тысяч рублей.,You can't spend more than 10 thousand roubles on gifts.
3873,Вчера в магазине мы потратили ужасно много денег.,Yesterday we spent an awful lot of money at the store.
3874,Её любимый вид спорта — художественная гимнастика.,Her favorite sport is rhythmic gymnastics.
3875,Три раза в неделю мои дети ходят на гимнастику.,My children take gymnastics 3 times a week.
3876,В детстве Миша занимался спортивной гимнастикой.,Misha did gymnastics as a child.
3877,Об этом подробно написано в четвёртой главе.,There's a detailed desription of it in chapter four.
3878,О чём эта глава?,What is that chapter about?
3879,"Из последней главы не стало понятно, что случилось с главными героями.",In the last chapter it was not clear what happened with the main characters.
3880,Где погулять в Риме?,Where should one take a walk in Rome?
3881,Пойдём погуляем? Сегодня такая приятная погода!,Shall we go for a walk? The weather is so lovely today!
3882,Вы уже погуляли? Тогда пойдёмте обедать.,Are you back from your walk already? Let’s go eat lunch then.
3883,Эти пельмени из говядины?,Is there beef in those dumplings?
3884,Из мяса Оля ест только говядину.,The only kind of meat that Olya eats is beef.
3885,Из леса вышла стая голодных волков.,A pack of hungry wolves came out of the forest.
3886,"Мои дети всегда капризничают, когда они голодные.",My children always get naughty when they are hungry.
3887,"Праздник закончился, но они вышли из-за стола голодными.","The celebration was over, but they were still hungry when they left the table."
3888,"Дорогая, я очень горжусь тобой! Отличная работа!","Darling, I’m very proud of you! Well done!"
3889,Должны ли сотрудники гордиться своей компанией?,Should employees be proud of their company?
3890,Мои родители всегда мной гордятся.,My parents are always proud of me.
3891,Воинственная кровь и гордый характер не позволяли им идти на переговоры с врагом.,Their combative spirit and proud character did not allow them to negotiate with the enemy.
3892,Он чувствовал себя гордым и влиятельным.,He felt proud and influential.
3893,"Она сказала, что её родители — очень гордые люди.",She said that her parents are very proud people.
3894,"Раньше жили в деревне, горя не знали, а как только переехали в город, начались проблемы.","They used to live happily in the village, but as soon as they moved to the city, they started having problems."
3895,"Она знала, что есть ещё добрые люди, способные разделить её горе.",She knew that there were still good people who she could share her grief with.
3896,С горем пополам Петя решил задачу по математике.,"It was a tough job, but Petya solved the math problem."
3897,Это дом горит вдали?,Is that a house on fire in the distance?
3898,Влажные спички плохо горят.,Wet matches don't burn well.
3899,Почему ты поехал? Тебе же горел красный!,Why did you go? You had a red light!
3900,"Днём приходил врач, посмотрел Маше горло. Сказал, что это ангина.",Today a doctor came. He looked at Masha’s throat and said she has tonsillitis.
3901,"Купи мне, пожалуйста, таблетки от боли в горле.",Please buy me some lozenges for my sore throat.
3902,Как лечить болезни горла?,How can we cure throat diseases?
3903,Мой дедушка узнаёт новости из газет.,My grandfather gets his news from the newspapers.
3904,Никогда не прекращай узнавать новое!,Never stop learning new things!
3905,Каждый день он узнавал её с новой стороны.,Every day he got to know her from a different perspective.
3906,Лёша всю неделю готовится к экзамену.,Lesha is studying for the exam the whole week.
3907,В конце декабря москвичи вовсю готовятся к встрече Нового года.,In the end of December Muscovites are busy getting ready for New Year’s eve.
3908,"Чтобы успешно пройти собеседование на работу, к нему нужно готовиться.",In order to succeed at a job interview you have prepare yourself.
3909,"Граждан России на борту самолёта, совершившего аварийную посадку, не было.",There were no Russian citizens on board the aircraft which made an emergency landing.
3910,"Уважаемые граждане, сохраняйте спокойствие и порядок!","Ladies and gentlemen, please stay calm and maintain order!"
3911,Ходить на выборы — долг любого гражданина.,It is the duty of every citizen to participant in elections.
3912,Его жена — гражданка Австрии.,His wife is a citizen of Austria.
3913,На границе задержали гражданку Кипра.,A citizen of Cyprus was detained at the border.
3914,Он заключил брак с гражданкой Китая.,He married a woman who is a citizen of China.
3915,Человека нельзя лишить единственного гражданства.,One cannot take away a person's only citizenship.
3916,Александр получил гражданство США в прошлом году.,Alexander got US citizenship last year.
3917,В паспорте содержатся сведения о гражданстве человека.,Information about a person’s citizenship is in their passport.
3918,Громкий звук фейерверка испугал нашу собаку.,The loud noise of the fireworks scared our dog.
3919,Его разбудили громкие звуки с улицы.,Loud noise from the street woke him up.
3920,Из каждого окна звучала громкая музыка.,Loud music was heard from every window.
3921,Коля показался мне грубым и агрессивным.,Kolya seemed rude and aggressive to me.
3922,Он купил сумку из грубой кожи.,He bought a bag made of coarse leather.
3923,Почему она всегда такая грубая?,Why is she always so rude?
3924,"Спасибо, я чувствую себя гораздо лучше сегодня.","Thank you, I’m feeling much better today."
3925,"Что чувствует человек, когда его предаёт лучший друг?",What does a person feel when they get betrayed by their best friend?
3926,В последнее время Костя постоянно чувствовал усталость.,Lately Kostya was constantly feeling tired.
3927,Последний удар Ваня нанёс Саше прямо в грудь.,Vanya landed his last blow right in Sasha’s chest.
3928,Он пожаловался на боль в груди.,He complained of pain in his chest.
3929,До какого возраста она кормила сына грудью?,Until what age did she breastfeed her son?
3930,Валя учится на факультете гуманитарных наук.,Valya studies at the Faculty of Humanities.
3931,Гуманитарные науки казались ему самыми лёгкими.,Humanities seemed to be the easiest for him.
3932,Он выпускник гуманитарного факультета.,He is a graduate of the humanities faculty.
3933,К нам приехали гости из дальнего зарубежья.,We have guests who came from far away.
3934,"Возвращаясь из дальних странствий, корабли привозили в Европу много товаров.","Upon returning from voyages far away, ships brought many goods to Europe."
3935,Его отправили в командировку на Дальний Восток.,He was sent on a business trip to the Far East.
3936,"Раньше мы каждые выходные ездили на дачу, а сейчас почти там не появляемся.","We used to go to our cottage every weekend, but now we hardly ever go there."
3937,Больше всего моя бабушка любит проводить время на даче.,Most of all my grandmother likes to spend time at her cottage.
3938,"Возвращаясь с дачи, они поняли, что забыли закрыть там входную дверь.","On their way home from the cottage, they realized that they forgot to lock the front door."
3939,Врачи советуют горожанам больше двигаться и чаще бывать на свежем воздухе.,Doctors advise people who live in the city to move more and spend time out in the fresh air more often.
3940,Любая наука движется по пути «от незнанию к знанию».,"Every science moves along the path ""from ignorance to knowledge""."
3941,"Иногда ей начинало казаться, что часы сломались и стрелки не движутся.",Sometimes it started to seem to her that the clock is broken and the arrows don’t move.
3942,После этого он вскрикнул и несколько минут сидел без движения.,After that he shouted and for several minutes sat still without moving.
3943,Движение поездов на этом участке скоро будет восстановлено.,The movement of trains in that district will soon be restored.
3944,Он никак не мог запомнить нужных танцевальных движений.,He just couldn’t memorize the right dance moves.
3945,Он получил двойку за последнюю контрольную.,He got an F on the last test.
3946,В школе у Маши никогда не было двоек.,Masha has never gotten an F at school.
3947,Весь класс получил двойки за домашнюю работу.,The whole class got ‘F’s on the homework.
3948,В детстве мы любили играть с соседскими ребятами во дворе.,In childhood we liked to play in the courtyard with the neighborhood children.
3949,Чья-то машина перегородила въезд в наш двор.,Somebody’s car blocked the entrance to our courtyard.
3950,Из двора слышались крики.,Screams were heard from the courtyard.
3951,Декларация Независимости США была подписана четвёртого июля 1776 года.,The United States Declaration of Independence was signed on July 4th 1776.
3952,Российские госслужащие каждый год заполняют декларацию своего имущества и доходов за год.,Russian civil servants fill out a declaration of their property and annual income each year.
3953,"Объявленная президентом программа роста экономики останется для нас лишь декларацией, далёкой от реальности.",The economic growth program announced by the president will remain for us only a declaration that is far from reality.
3954,Делегация из России заняла свои места в зале заседаний.,The delegation from Russia took its seats in the conference hall.
3955,"Это была моя первая поездка за границу, да и для многих членов нашей большой делегации ― тоже.","It was my first trip abroad, as well as for many members of our big delegation."
3956,Нам предстояло принять в университете делегацию из Индии.,We were going to host a delegation from India at our university.
3957,Он не хотел делить выигрыш с командой.,He did’t want to share the prize with his team.
3958,Река делит область на две почти равные половины.,The river separates the region on two halves of almost the same size.
3959,Домашние дела мы с мужем делим поровну.,My husband and I divide the housework equally.
3960,Мои дети всегда делятся игрушками друг с другом.,My children always share their toys with each other.
3961,Даша редко делится секретами с подружками.,Dasha rarely shares her secrets with her friends.
3962,"В общежитии мы делились с соседями абсолютно всем, заботились друг о друге.","We shared absolutely everything with our neighbors in the dormitory, took care of each other."
3963,Он победил в ходе демократических выборов и стал президентом.,He won during the democratic elections and became the president.
3964,Демократическая партия получила на последнем голосовании шестьдесят один процент голосов.,The Democratic party got 61 percent of the votes during the last elections.
3965,Михаил Михайлович ― лидер Демократической партии России.,Mikhail Mikhailovich is the leader of the Democratic party of Russia.
3966,По всей стране прошли демонстрации. Протестующие выступали против коррупции.,Demonstrations took place all over the country. The protesters were opposing corruption.
3967,В начале полёта обязательно проходит демонстрация аварийно-спасательного оборудования.,At the beginning of a flight there is always a demonstration of the emergency equipment.
3968,Пятьдесят тысяч человек вышли на вчерашнюю демонстрацию против повышения налогов.,Fifty thousand people attend yesterday’s demonstration against increased taxes.
3969,Дома они установили деревянную лестницу.,They built a wooden staircase in their house.
3970,Самые любимые игрушки у моего братика — деревянные.,My brother’s favorite toys are the wooden ones.
3971,"В деревянных домах лучше сохраняется тепло, чем в кирпичных?",Do wooden houses hold in heat better than brick ones?
3972,С каких пор ты стал таким грубым?,Since when did you become so rude?
3973,Детство — счастливая пора в жизни почти каждого человека.,Childhood is a happy time in life of almost every person.
3974,"Порой мне кажется, что я никогда не найду работу, которая бы мне нравилась. ",Sometimes it seems that I will never be able to find a job that I like.
3975,Его сестра — большая любительница детективов.,His sister is a big fan of detective stories.
3976,Главное в работе детектива — наблюдательность и терпение.,The most important thing in detective work is being observant and patient.
3977,"Это отнюдь не простой рассказ, а настоящий детектив.","This is not just a short story, but a true detective story."
3978,На приёме у президента собралось много деятелей культуры.,Many leading figures in culture gathered at the President’s reception.
3979,"В конференции приняли участие учёные, политики, религиозные деятели и журналисты.","Scientists, politicians, religious leaders and journalists participated in the conference."
3980,М. Сперанский — российский политический деятель девятнадцатого века.,M. Speransky is a nineteenth century Russian politician.
3981,Марина всегда ходит в джинсах.,Marina always wears jeans.
3982,Джинсы появились в Советском союзе только в конце восьмидесятых годов двадцатого века.,Jeans appeared in the Soviet Union only in the late eighties of the twentieth century.
3983,Эта рубашка лучше всего смотрится на тебе с джинсами.,This shirt looks better on you with jeans.
3984,"Николаю пришлось удалить несколько фильмов с жёсткого диска, чтобы освободить на нём место.",Nikolay had to delete several movies from the hard drive in order to free up space.
3985,"Кажется, мне нужен ещё один жёсткий диск.",It seems that I need another hard drive.
3986,Он увидел на полке коллекцию дисков с музыкой группы Queen.,He saw a collection of CDs with music of the band Queen on the shelf.
3987,Вскоре обычный разговор превратился в бурную дискуссию.,Soon an ordinary conversation turned into an impassioned discussion.
3988,Значительная часть дискуссии была посвящена проблемам Ближнего Востока.,A considerable part of the discussion was dedicated to the problems of Middle East.
3989,Дискуссия по докладу была очень бурной и длительной.,The discussion on the report was very vociferous and long.
3990,Пётр написал докторскую диссертацию по истории отношений США и России.,Peter wrote his PhD dissertation about the history of relationships between the USA and Russia.
3991,Какая тема Вашей диссертации?,What's the topic of your dissertation?
3992,Как проходит защита диссертаций?,How does a dissertation defense proceed?
3993,В аэропорту Шереметьево построили новую взлётную полосу длиной три тысячи двести метров.,A new runway that is 3200 meters long was built at the Sheremetyevo airport.
3994,"По дресс-коду нашей компании, длина юбки должна быть ниже колена.","According to the dress code of our company, a skirt’s length must reach below the knees."
3995,Олимпийский бассейн должен быть пятьдесят метров в длину и двадцать пять метров в ширину.,An olympic swimming pool should be fifty meters long and twenty-five meters wide.
3996,Саша никогда не добавляет сахар в чай.,Sasha never puts sugar in her tea.
3997,Соль следует добавлять в суп в самом конце.,Salt should be added to the soup at the very end.
3998,В ризотто по-милански добавляют шафран.,Saffron is added to risotto a la Milanese.
3999,Он привык всего добиваться сам.,He is used to achieving everything by himself.
4000,"Если работа человеку нравится, он добивается хороших результатов.","If a person likes their job, they achieve good results."
4001,Российские дипломаты добиваются отмены европейских санкций.,Russian diplomats are seeking withdrawal of European sanctions.
4002,"Елена считает, что в современных фильмах нет доброты.",Elena thinks that there’s no kindness in modern movies.
4003,Меня всегда привлекала в ней природная доброта.,I was always attracted by her natural kindness.
4004,Валя ценила в людях доброту и ответственность.,Valya appreciated kindness and responsibility in people .
4005,Умение договариваться — очень важный навык в бизнесе.,The ability to reach consensus is a very important skill in business.
4006,"Мне кажется, мы договаривались, что вы не вмешиваетесь в нашу работу.",It seems to me that we agreed that you would not interfere in our work.
4007,Обе компании тщательно договариваются об условиях и наконец подписывают соглашение.,Both companies carefully agree on the terms and finally sign the agreement.
4008,В докладе экспертов говорится об опасностях глобального потепления.,The report of experts refers to the dangers of global warming.
4009,"Авторы доклада считают, что уровень Мирового океана увеличится на тридцать сантиметров к 2100 году.",The authors of the report believe that the sea level worldwide will rise thirty centimeters by 2100.
4010,Авторы представили совместный доклад на конференции в Милане.,The authors gave a joint presentation at a conference in Milan.
4011,Режиссёр использовал в своём фильме кадры документальной хроники.,"In his movie, the director used footage from historical documentary films."
4012,Вы уже посмотрели новый документальный фильм этого режиссёра?,Have you seen the new documentary by that director?
4013,"Почему документальное кино менее популярно, чем игровое?",Why are documentary movies less popular than fiction ones?
4014,Раньше моряки на долгие месяцы уходили в плавание через Атлантику.,"Previously, sailors used to sail across the Atlantic for many months."
4015,Впервые за долгое время Даша почувствовала себя абсолютно счастливой.,For the first time in a long time Dasha felt absolutely happy.
4016,Впервые за долгий срок она написала новую книгу.,For the first time in a long time she wrote a new book.
4017,Новый забор был построен из досок.,The new fence was built of planks.
4018,Вся доска объявлений в нашем доме была заполнена рекламой одной фирмы.,The entire bulletin board in our building was filled with advertisements from a single company.
4019,Рабочие перекрасили старые доски на полу и стенах.,Workers repainted the old boards on the floor and walls.
4020,Китовая акула достигает двенадцати метров в длину.,The whale shark reaches twelve meters in length.
4021,"Наташа уважает людей, которые всегда достигают своих целей.",Natasha respects people who always achieve their goals.
4022,"По проекту архитектора, новый небоскрёб будет достигать восьмисот метров в высоту.","According to the architect’s project, the new skyscraper will reach eight hundred meters in height."
4023,"Что, на ваш взгляд, необходимо для достижения успеха в жизни?","What, in your opinion, is essential for achieving success in life?"
4024,Достижение профессионального успеха — главная цель его жизни.,Achieving professional success is his main goal in life.
4025,Список её достижений был огромен!,The list of her achievements was huge!
4026,"Обычно он доходит до работы пешком, но иногда доезжает на автобусе.",He usually walks to work but sometimes he takes the bus.
4027,"Они никогда не доходили до центра города быстрее, чем за полчаса.",They never got to the city center in less than half an hour on foot.
4028,Споры между Антоном и Игорем часто доходят до драки.,Arguments between Anton and Igor often result in a fight.
4029,Моя дочка ходит в детский сад.,My daughter goes to daycare.
4030,Как вы назвали дочку?,What did you name your daughter?
4031,Вчера мы с дочкой ходили в театр.,Yesterday I went to the theater with my daughter.
4032,Я купил два билета в театр драмы на завтра. Пойдёшь со мной?,I bought two tickets to see a play tomorrow. Will you go with me?
4033,Его новый фильм — психологическая драма.,His new film is a psychological drama.
4034,В следующем сезоне театр поставит знаменитую драму Шекспира «Король Лир».,"In the coming season the theatre will stage Shakespeare's famous drama ""King Lear""."
4035,У древних греков путешественников охранял бог Гермес.,Ancient Greek travelers were protected by the god Hermes.
4036,Первые настоящие дороги в Европе построили древние римляне.,The first real roads in Europe were built by the Ancient Romans.
4037,Мои дети любят читать мифы Древней Греции.,My children love to read the myths of Ancient Greece.
4038,У нас с Алексеем исключительно дружеские отношения.,Alexey and I are just friends.
4039,"Мне не хватает дружеских посиделок, которые были у нас раньше.",I miss the friendly gatherings that we used to have before.
4040,Разговор прошёл в дружеской атмосфере.,The conversation was held in a friendly atmosphere.
4041,Лишь немногие люди по-настоящему умеют дружить.,There are very few people who know how to be real friends.
4042,Камилла и Ярослав дружат с детства.,Camilla and Yaroslav have been friends since childhood.
4043,Мы с Марком дружим уже очень давно.,Mark and I have been friends for a very long time.
4044,Из окна дул холодный ветер.,A cold wind blew from the window.
4045,"Летом в Сочи дуют слабые ветры, в основном бризы.","In summer, gentle winds, mainly breezes, blow in Sochi."
4046,"Люблю, когда с моря дует лёгкий ветерок.",I love it when the breeze blows from the sea.
4047,Этот режиссёр всю жизнь занимался постановкой мюзиклов.,This director has been staging musicals all his life.
4048,Её любимый мюзикл — «Собор парижской Богоматери».,Her favorite musical is ‘Notre Dame de Paris’.
4049,Французские актёры приехали на гастроли в Москву с мюзиклом «Отверженные».,"French actors came on tour to Moscow with the musical ""Les Miserables""."
4050,"Матвей стал водителем автобуса, а для души в свободное время играл на гитаре в джазовом клубе.","Matvey became a bus driver, but for pleasure he played guitar in a jazz club in his spare time."
4051,"В этом фильме прекрасно всё: и великолепная музыка, которая не может не тронуть за душу, и игра актёров.","In this film, everything is great: both wonderful music, which can’t fail to touch the soul, and the acting."
4052,"Он понимал, что его ожидает провал, но в душе надеялся на везение.",He understood that he was going to fail but deep inside he was hoping for some luck.
4053,"Мы забрались так высоко в горы, что даже дышать было тяжело.",We climbed so high in the mountains that it was even difficult to breathe.
4054,"В комнате так тихо, что слышно, как дышит мой пёс.",It is so quiet in the room that I can hear my dog breathing.
4055,"Из-за постоянного смога он дышал через медицинскую маску, когда выходил на улицу.",Because of the constant smog he breathed through a medical mask when he went outside.
4056,"Страны, входящие в экономический союз, предложили введение единой валюты на их территории.",The countries of the economic union proposed the introduction of a single currency on their territory.
4057,Зачем ты берёшь зонтик? На небе ни единого облачка!,Why are you taking an umbrella? There’s not a single cloud in the sky!
4058,Новая единая партия возникла после слияния двух старых.,A new united party appeared after the two old ones merged.
4059,Ежегодные потери нашей компании сокращаются. Скоро она начнёт приносить прибыль.,Our comapny's annual losses are going down. Soon it will start to be profitable.
4060,Из-за кризиса нашей фирме пришлось отказаться от ежегодных празднований дня основания компании.,"Because of the crisis, our company had to cancel the annual celebrations of the day when our company was founded."
4061,На ежегодную конференцию по биологии в Бостоне собрались лучшие учёные со всего мира.,The annual biology conference in Boston brought together the best scientists from all around the world.
4062,"Я пойду, мне нужно успеть забрать бандероль с почты.","I'm leaving now, I need to pick up a parcel from the post office."
4063,Каждый год Настя отправляла бандероли родственникам в Саратов.,Nastya sent parcels to her relatives in Saratov every year.
4064,Мы так устали от ежедневных совещаний! Давайте проводить их два раза в неделю?,We are so tired of daily meetings! Shall we have them twice a week?
4065,"Раньше он носил усы, но теперь бритьё стало его ежедневным ритуалом.","He used to have mustache, but now shaving has become his daily ritual."
4066,«Ведомости» — ежедневная российская газета.,‘Vedomosti’ is a Russian daily newspaper.
4067,Никаких естественных причин для паники на финансовом рынке не было.,There were no genuine reasons for panic in the financial market.
4068,"Ему такое предложение, естественно, не понравилось.","Of course, he didn’t like such an offer."
4069,"Дарвин считал, что естественный отбор — это движущая сила эволюции.",Darwin believed that natural selection was the driving force of evolution.
4070,На обед была картошка с жареными грибами.,There were potatoes with fried mushrooms for lunch.
4071,Жареный бекон — любимая еда моего мужа.,Fried bacon is my husband’s favorite food.
4072,Жареные шампиньоны уже готовы?,Are the fried mushrooms ready?
4073,Вы когда-нибудь жарили карпа?,Have you ever fried a carp?
4074,Его бабушка жарила самую вкусную картошку.,His grandmother used to cook the tastiest fried potatoes.
4075,"Как долго они уже жарят это мясо? Мне кажется, оно готово.",How long they have been frying that meat? It seems to me that it’s ready.
4076,Шум от железной дороги был слышен за несколько километров.,The noise from the railway was heard from several kilometers away.
4077,Тяжёлые железные ворота со скрипом закрылись.,The heavy iron gates shut with a creak.
4078,Он никогда не ошибается. У него железная логика.,He never makes a mistake. His reasoning is flawless.
4079,У Паши часто болит желудок.,Pasha often has a stomachache.
4080,Он попросил у врача таблетки от боли в желудке.,He asked the doctor for pills to cure his stomachache.
4081,"Витя болен. Похоже, у него расстройство желудка.",Vitya is sick. It looks like he has indigestion.
4082,"Жених не мог сдержать слёз, когда впервые увидел невесту в платье.",The groom could not hold back his tears when he saw the bride in her wedding dress for the first time.
4083,"Жениху было тридцать пять лет, а невесте — тридцать три.","The groom was 35 years old, and the bride was 33."
4084,"Все гости уже собрались, но жениха ещё не было.","All the guests had arrived, but the groom wasn’t there yet."
4085,"Это жестокие правила, но нам приходится по ним играть.",Those are cruel rules but we have to play according to them.
4086,В природе часто идёт жестокая борьба за выживание.,There is often a fierce struggle for survival in nature.
4087,"Совет по правам человека не одобряет жестоких методов, применяемых к заключённым.",The human rights council does not approve of the cruel methods that are used against prisoners.
4088,От боли он схватился за живот.,He clutched his stomach in pain.
4089,Он пожаловался на боль в животе.,He complained of pain in his stomach.
4090,Мальчик упал и больно ударился животом.,The boy fell and hurt his stomach.
4091,"Когда её ребенок заболевал, она думала только об этом, ничего другого для неё больше не существовало.","When her child got sick, that was all she thought about, nothing else existed for her anymore."
4092,"Никита почувствовал, что заболевает.",Nikita got a feeling that he was getting sick.
4093,Он не умеет следить за своим здоровьем и вообще заботиться о себе.,He doesn’t know how to look after his health and take care of himself in general.
4094,Не каждый работодатель заботится о своих сотрудниках должным образом.,Not every employer takes proper care of their employees.
4095,"Иногда мне кажется, что они совсем не заботятся о своём будущем.",Sometimes it seems to me that they don't care about their future at all.
4096,"Загадка, которую Фёдор услышал вчера, никак не могла выйти у него из головы.",Fedor just couldn't get the riddle that he heard yesterday out of his head.
4097,В этой книжке больше тысячи загадок по разным темам.,There are more than a thousand riddles on different topics in that book.
4098,Наташа уже два часа не могла разгадать загадку.,Natasha has been unable to solve the riddle for two hours already.
4099,"Врачи считают, что много загорать — вредно для здоровья.",Doctors believe that a lot of sunbathing is bad for one's health.
4100,Не загорайте в период с двенадцати до четырёх часов дня. Это опасно!,Don’t sunbathe between twelve and four o'clock in the afternoon. It's dangerous!
4101,"Вчера она весь день провела у озера: загорала, плавала, читала книжку.","Yesterday she spent the whole day at the lake: sunbathing, swimming, and reading a book."
4102,Краткосрочные займы пользуются особой популярностью у населения.,Short-term loans are particularly popular with the public.
4103,"Количество займов, выданных банком в этом году, увеличилось.",The number of loans issued by the bank this year has increased.
4104,Они отказались от предложений о займах и решили найти инвестора.,They refused the offers to take out loans and decided to find an investor.
4105,"По пути домой, Ваня зашёл в магазин.",On his way home Vanya stopped by at the store.
4106,После работы Лена собиралась зайти в гости к Маше.,After work Lena planned to visit Masha at her place.
4107,Мы быстро зашли в дом и поднялись на третий этаж.,We quickly went into the house and walked up to the third floor.
4108,"Получив заказ от покупателя, продавец ищет товар у поставщиков.","After receiving an order from the buyer, the seller is looking for goods from suppliers."
4109,"Бизнес ― дело тонкое: сегодня заказов много, завтра ― ни одного.",Business is a tricky matter: today you have plenty of orders and tomorrow — not a single one.
4110,Их фирма принимает заказы на изготовление мебели.,Their company takes orders for furniture manufacture.
4111,"У нас заканчивается сахар, надо не забыть купить в следующий раз.","We are running out of sugar, we mustn't forget to buy more next time."
4112,Рано или поздно все споры между нами заканчиваются ссорой.,Sooner or later all our disagreements result in a quarrel.
4113,"В путешествии деньги у нас заканчивались очень быстро, поэтому пришлось быть экономнее.","During the trip we were running out of money very quickly, so we had to be more economical."
4114,―Подождите меня! ― закричал я. ― Я сейчас к вам приеду.,"―Wait for me!, — I screamed. — I'll come to you right now."
4115,― Зачем ты сюда пришла?! ― закричала мне в лицо Кристина.,— Why did you come here?! — Christina screamed in my face.
4116,"Оказавшись в темноте, дети закричали от страха.","When the children were suddenly in the dark, they screamed in fear."
4117,Во сколько закрывается этот торговый центр?,When does that shopping center close?
4118,"Осторожно, двери закрываются! Следующая станция «Охотный ряд».","Attention, the doors are closing! The next station is ""Okhotny ryad""."
4119,От большой влажности двери на балконе стали хуже закрываться.,"Because of the high humidity, the doors on the balcony became harder to close."
4120,"Проходит пять минут, и Марк закуривает ещё одну сигарету.","Five minutes pass, and Mark lights another cigarette."
4121,"― Мне кажется, вы ошибаетесь, ― закуривая, сказал Иван.","— I think you’re making a mistake, — Ivan said while lighting a cigarette."
4122,"Они некоторое время стоят молча, потом садятся на скамейку, закуривают.","For a while they stand in silence, then they sit down on a bench and start smoking."
4123,Какую закуску вы выбрали для ужина?,What appetizer did you choose for the dinner?
4124,"Когда мы пришли, закуска уже стояла на столе.","When we came, the appetizers were already on the table."
4125,Сколько закусок вы бы хотели на банкете?,How many appetizers would you like to have at your banquet?
4126,Мёд для меня прекрасно заменяет сахар.,"For me, honey replaces sugar perfectly."
4127,"Заменяя цифры буквами, учёны смогли прочитать шифр.","By replacing the digits with letters, the scientists managed to read the code."
4128,"Я сейчас заменяю коллегу, пока она в отпуске.",I'm currently replacing my colleague who is on vacation.
4129,Все замолчали от резкого хлопка.,Everyone quieted down because of an abrupt clap.
4130,"Я больше не могу это слушать! Замолчи, пожалуйста!","I can’t listen to that anymore! Silence, please!"
4131,"Интересно, он замолчит когда-нибудь или нет?..",I wonder if he'll ever stop talking or not...
4132,Перед уходом на работу жена оставила мне записку на столе.,"Before going to work, my wife left me a note on the table."
4133,На дверях в магазин висела записка: «Перерыв пятнадцать минут».,"There was a note on the door to the store that read ""15 minute break""."
4134,"Она куда-то ушла, но ничего нам не сказала и никаких записок не оставила.","She went somewhere, but she didn't tell us anything or leave any notes."
4135,"Он вёл дневник, куда записывал мудрые цитаты.",He had a diary in which he wrote down wise quotations.
4136,"Он плохо запоминал детали, поэтому многие вещи ему приходилось записывать.","He didn't remember details very well, so he had to write down a lot of things."
4137,На лекции они подробно записывали слова профессора.,At the lecture they wrote down professor’s words in full detail.
4138,Мальчик ударил руку и заплакал.,The boy banged his arm and started crying.
4139,"Оля громко заплакала, когда не смогла увидеть маму.",Olya started crying loudly when she couldn’t see her mom.
4140,"У него было такое выражение лица, как будто он вот-вот заплачет.",He had an expression on his face like he was about to cry.
4141,Преподаватели запрещают нам пользоваться телефонами и компьютерами на лекции.,The teachers forbid us to use phones and computers when they lecture.
4142,"Двадцать процентов сотрудников считают, что необходимо запрещать курение на рабочем месте.",20 percent of employees believe that it’s necessary to ban smoking at work.
4143,Она ничего не запрещает своим детям.,She doesn't forbid her children anything.
4144,"На собеседовании меня спросили, на какую зарплату я рассчитываю.",During the job interview I was asked about my salary expectations.
4145,Он уже второй месяц работает без зарплаты.,He’s been working without getting paid for the second month already.
4146,С переходом на новую должность моя зарплата увеличилась на тридцать процентов.,"After I was moved to a new position, my salary increased by thirty percent."
4147,Всего на конкурс в этом году прислали четыреста книг из России и зарубежных стран.,"In total, 400 books from Russia and foreign countries were sent to the competition this year."
4148,Какие зарубежные банки существуют в России?,What foreign banks exist in Russia?
4149,"Главное, в чём убеждает зарубежный опыт: универсальных решений этой проблемы нет.",The main point is that experience abroad convinces us that there are no universal solutions to that problem.
4150,"Он громко засмеялся, увидев главного героя.",He started laughing loudly when he saw the main character.
4151,"Катя засмеялась, услышав шутку Кирилла.",Katya started laughing when she heard Kirill’s joke.
4152,Друзья тут же засмеялись.,The friends immediately started laughing.
4153,Павел никому не разрешает заходить в свой кабинет.,Pavel doesn’t allow anyone to enter his office.
4154,Лена часто заходит к Наташе в гости.,Lena often stops by to visit Natasha.
4155,По дороге на работу я обычно захожу за капучино в кофейню у метро.,"On my way to work, I usually stop by at a coffee shop next to the metro station to get a cappuccino."
4156,"Дневной крем должен не только увлажнять кожу лица, но и защищать её от ультрафиолета.","Day cream should not only moisturize the skin, but also protect it from ultraviolet radiation."
4157,Министра на суде защищает адвокат Резник.,The minister is being defended in court by attorney Reznik.
4158,"Он подрался, когда защищал девушку в клубе.",He got himself into a fight defending a girl at the club.
4159,Я хочу написать заявление об уходе с работы. Я больше не могу там работать!,I want to write a letter of resignation from work. I can't work there anymore!
4160,"Заявления на отпуск лежат на Вашем столе, Александра Николаевна.","Vacation leave applications are on your desk, Alexandra Nikolayevna."
4161,Премьер-министр воздерживался от заявлений по поводу отставки Правительства.,The Prime Minister refrained from statements about the resignation of the Government.
4162,"Мы зашли в лес и увидели, что под кустом сидит заяц.",We went into the forest and saw a hare sitting under a bush.
4163,"У зайца глаза расположены так, что он замечает почти всё, что происходит вокруг.",A hare's eyes are positioned so that it notices almost everything that's happening around.
4164,Зайцы на зиму становятся совершенно белыми.,Hares turn completely white in winter.
4165,Вы умеете ездить на автобусе зайцем?,Do you know how to travel by bus without a ticket?
4166,В ясную ночь на небе видны тысячи звёзд.,Thousands of stars can be seen in the sky on a clear night.
4167,Даже от близкой звезды свет доходит до Земли с большим опозданием.,It takes a long time for the light even from nearby stars to reach the Earth.
4168,"Какие, кроме Солнца, ближайшие к Земле звёзды?","Except for the Sun, what are the closest stars to the Earth?"
4169,Почему льва называют царём зверей?,Why is the lion called the king of beasts?
4170,"Бурый медведь — быстрый, ловкий и очень сильный зверь.","The brown bear is a fast, agile and very strong animal."
4171,В нашем зоопарке у каждого зверя есть своё имя.,In our zoo every animal has its own name.
4172,Я всегда здороваюсь первым.,I’m always the first one to say hello.
4173,В Японии здороваются с помощью поклона.,In Japan people bow when greeting each other.
4174,Он не привык здороваться с соседями.,He is not in the habit of saying hello to his neighbors.
4175,В результате землетрясения обрушились сотни зданий.,"As the result of an earthquake, hundreds of buildings got destroyed."
4176,Страны Юго-Восточной Азии часто страдают от землетрясений.,South-East Asian countries often suffer from earthquakes.
4177,Землетрясение магнитудой семь баллов произошло у берегов Индонезии.,A magnitude seven earthquake took place near the coast of Indonesia.
4178,Мой брат работал на телевидении и часто знакомил меня с известными людьми.,My brother worked in television and often introduced me to famous people.
4179,"Она преподает русский язык американцам, знакомит их с историей и культурой России.","She teaches Russian to Americans, and introduces them to the history and culture of Russia."
4180,В 1943 году французский военный лётчик и знаменитый писатель Антуан де Сент-Экзюпери написал сказку «Маленький принц».,"In 1943, the French military pilot and famous writer Antoine de Saint-Exupery wrote the fairy tale ""The Little Prince""."
4181,"На вечере собралось много знаменитых актёров, режиссёров и писателей.","Many famous actors, directors and writers gathered for the event."
4182,На утро после выхода фильма режиссёр проснулся знаменитым.,"The morning after the movie was released, its director woke up famous."
4183,"Для того, чтобы написать книгу, помимо знаний нужен ещё и талант.","In order to write a book, besides knowing a lot, one needs talent."
4184,Знание основ программирования является преимуществом для кандидата на эту вакансию.,Knowledge of the basics of programming is an advantage for a candidate for this position.
4185,Для этой должности не требуется знания экономики.,Knowledge of economics is not essential for this position.
4186,"С точки зрения науки, Земля вращается вокруг Солнца.","From a scientific point of view, the Earth revolves around the Sun."
4187,На стадионе собралось тридцать тысяч зрителей.,Thirty thousand people came to the stadium.
4188,"Играть актёрам нужно так, чтобы зритель забыл, что перед ним сцена.",Actors should perform so that viewers forget there’s a stage in front of them.
4189,Все зрители уже собрались в зале.,All the members of the audience have gathered in the hall.
4190,Камилла увлечена азиатской культурой.,Camilla is interested in Asian culture.
4191,"Мы принимали у себя азиатских коллег, приехавших в командировку.",We hosted our colleagues from Asia who came on a business trip.
4192,Стремительно развивающиеся азиатские страны стали потреблять больше электроэнергии.,The rapidly-developing Asian countries have started to consume more electricity.
4193,Он долгое время работал в Институте языкознания.,He has been working at the Institute of Linguistics for a long time.
4194,"Языкознание изучает все виды, все изменения языка.","Linguistics studies all kinds of languages, and all language changes."
4195,Андрей Анатольевич читает в университете лекции по языкознанию.,Andrey Anatolievitch gives linguistics lectures at the university.
4196,Не забудь купить в магазине зубную пасту — наша закончилась.,Don't forget to buy toothpaste at the store — we've run out of it.
4197,Маша ужасно боится зубных врачей.,Masha is terribly afraid of dentists.
4198,Костя очень не хотел идти к зубному врачу.,Kostya really didn’t want to visit the dentist.
4199,"Я считаю, что это замечательная идея!",I think this is a wonderful idea!
4200,"Алексей должен был написать эссе, но у него совершенно не было идей.","Alexey was supposed to write an essay, but he didn't have any ideas."
4201,Спасибо! Вы подали мне отличную идею!,Thank you! You gave me a great idea!
4202,В среднем атмосферное давление изменяется на один миллиметр каждые двенадцать метров подъёма.,"On average, atmospheric pressure changes by one millimeter for every twelve meters of elevation."
4203,В исследовании было слишком много изменяющихся факторов.,There were too many variables in the study.
4204,Доходы россиян в последнее время изменяются незначительно.,The income of the Russians has not changed much lately.
4205,"Мой сын берёт фен, как микрофон, и изображает, что поёт на сцене.",My son takes a hairdryer as a microphone and pretends that he is singing on stage.
4206,Петя любил изображать из себя великого футболиста или гимнаста.,Petya liked to pretend that he was a great football player or a gymnast.
4207,"Мы купили гравюры, изображающие людей и животных.",We bought prints depicting people and animals.
4208,Никто не захочет ждать в очереди так долго.,No one wants to wait in line that long.
4209,Артём не захотел идти с нами на каток.,Artem didn’t want to come with us to the ice rink.
4210,Они не захотели отдавать сына в детский сад.,They didn’t want to put their son in day care.
4211,Этот вопрос требует тщательного изучения со стороны экологов.,This issue demands careful study by environmentalists.
4212,Изучение арабского даётся Алле нелегко.,It is not easy for Alla to learn Arabic.
4213,Он посвятил всю свою жизнь изучению микроорганизмов.,He devoted his whole life to the study of microorganisms.
4214,"Он считал, что внешность не имеет значения. Важнее, какой человек по характеру.",He believed that one’s appearance is not important. What’s important is one’s personality.
4215,Журналисты должны иметь возможность открыто выражать свою точку зрения.,Journalists should have the opportunity to express their opinions openly.
4216,Учителя не имеют права так вести себя с детьми! Я возмущена!,Teachers do not have the right to treat children that way! I resent it!
4217,"Я пытался заниматься импортом вина в Россию, но через пять лет закрыл проект из-за убытков.",I tried importing wine to Russia but closed my business after five years because it was losing money.
4218,За последние пять лет доля импорта молока в Россию сократилась.,"During the past five years, the portion of milk imported to Russia has decreased."
4219,С 2014 года в России запрещён импорт мяса из ЕС.,Importing meat to Russia from the EU has been banned since 2014.
4220,"Меня не интересует, чем ты был занят. Ты не выполнил свои обещания!",I am not interested in what you were busy doing. You didn’t keep your promises!
4221,"Акционеров компании интересуют деньги, а не комфорт потребителей.","The company's shareholders are interested in money, not in the consumers' comfort."
4222,При проведении опроса исследователей интересовало отношение граждан к выборам.,"In carrying out this survey, the researchers were interested in people’s attitude toward the elections."
4223,Английский в последние десятилетия — интернациональный язык общения.,English has been a language of international communication during past few decades.
4224,У нашей компании богатые интернациональные связи.,Our company has rich international connections.
4225,"Он не пользуется такой интернациональной популярностью, как Толкиен.",He is not as internationally popular as Tolkien.
4226,,
4227,В 2017 году население Земли составляло семь с половиной миллиардов человек.,"In 2017, the world’s population was seven and a half billion people."
4228,На строительство стадиона в Санкт-Петербурге было потрачено сорок три миллиарда рублей.,43 billion rubles were spent on the construction of the stadium in Saint Petersburg.
4229,Она сказала это с удивлённой интонацией.,She said that with an astonished intonation.
4230,"Став актрисой, Кейт стала активно работать над голосом и интонациями.","After becoming an actress, Kate started actively working on her voice and intonation."
4231,В его голосе была интонация возмущения.,His voice had an intonation of indignation.
4232,С появлением интернета поиск информации стал значительно легче.,"With the invention of the Internet, searching for information became much easier."
4233,Пётр запретил сотрудникам компании распространять информацию об их новом проекте.,Peter forbade the company's employees to share with anybody information about their new project.
4234,Информация в современном мире стала товаром.,"In the modern world, information has become a commodity."
4235,"В соответствии с договором, обязанности сторон должны исполняться в полном объёме.","In accordance with the agreement, the obligations of the parties must be carried out in full."
4236,В этом году нашей компании исполняется десять лет.,Our company is celebrating its tenth anniversary this year.
4237,Я желаю вам счастья и любви! И пусть исполняются все желания!,I wish you happiness and love! And may all your wishes come true!
4238,На нашей фабрике было принято решение не использовать пластиковую упаковку.,A decision has been made not to use plastic packaging at our factory.
4239,Ливия и Египет уже используют подземные запасы воды для сельского хозяйства.,Libya and Egypt are already using underground water supplies for agriculture.
4240,В качестве строительного материала на Руси использовали дерево.,Wood was used as the main building material in ancient Russia.
4241,"Исправлять эту ошибку, пожалуй, уже поздно. Нужно делать всё заново.",It's probably too late to correct that mistake. We need to re-do everything.
4242,"Учителя в нашей школе не исправляют ошибки, а только указывают на них.","The teachers at our school don't correct mistakes, they only draw our attention to them."
4243,"Она видела, сколько труда он вкладывает в свои научные статьи, исправляя их и переписывая.","She saw how much effort he puts into his scientific articles, correcting and rewriting them."
4244,Что показали результаты исследования?,What have the results of the research revealed?
4245,Основной задачей исследований на территории Москвы является оценка экологической ситуации в разных районах города.,The main objective of research in Moscow is to evaluate the environmental situation in different parts of the city.
4246,"В исследовании приняли участие учёные из России, Франции, Великобритании и Японии.","Scientists from Russia, France, Great Britain and Japan took part in the research."
4247,"Не стоит звать этого «учёного» (в кавычках, конечно, потому что никакого отношения к науке его исследования не имеют)!","There's no need to invite that “scientist” (in quotes, of course, because his research has nothing to do with science)!"
4248,"Вот, посмотрите. ― Он перелистал листки календаря. ― Этот месяц и следующий совершенно заполнены!","Here, look. - He flipped through the calendar. - This month and the next are completely full!"
4249,Он посмотрел на стену: календарь показывал первое февраля.,He looked at the wall: the calendar indicated that it was the first of February.
4250,"На календаре январь, а на улице тает снег. Как вам такое?","It's January according to the calendar, but the snow is melting outside. How do you like that?"
4251,Не садись на каменный пол! Он холодный.,Don't sit down on the stone floor! It’s cold.
4252,"Более богатые люди жили в каменных домах, а бедные — в деревянных.","The richer people lived in stone houses, and the poor people lived in wooden ones."
4253,Они поселились в большом каменном доме.,They settled in a big house made of stone.
4254,Он уронил телефон на камень и разбил экран.,He dropped his phone on a rock and broke the screen.
4255,Эта стена сделана из камня.,This wall is made of stone.
4256,За забором он увидел кучу камней.,Behind the fence he saw a pile of stones.
4257,"На столе стояли пироги с капустой, с мясом и с яблоками.","There were pies with cabbage, meat and apples on the table."
4258,Жена попросила меня купить капусту для супа.,My wife asked me to buy cabbage to make soup.
4259,"Для салата потребуется капуста, яблоки и оливковое масло.","For salad, you need cabbage, apples and olive oil."
4260,"Уже находясь за границей, они обнаружили, что оставили свою карточку дома.",They found out that they had left their credit card at home only when they were abroad already.
4261,С появлением интернета перевести деньги с карточки на карточку стало очень просто и быстро.,"After the internet appeared, money transfer from one credit card to another became very easy and fast."
4262,Где моя карточка? Неужели я опять её забыл?,Where is my credit card? I can’t believe I forgot it again!
4263,"Почему в магазине работает только один кассир? Смотрите, какая очередь в кассу!",Why is there only one cashier working in the store? Look at the line at the cash desk!
4264,Ирину называли королевой фигурного катания.,Irina was called the queen of figure skating.
4265,В Оттаве в эти дни начинается Чемпионат мира по фигурному катанию.,The world figure skating championship begins this week in Ottawa.
4266,"Они начали заниматься фигурным катанием невероятно поздно: он в 15 лет, она ― в 16.","They started figure skating incredibly late: he was 15 years old, she was 16."
4267,"Это не причёска, а катастрофа! Что мне теперь делать?","It's not a hairdo, it's a disaster! What am I supposed to do now?"
4268,"По его словам, расследование причин катастрофы вертолёта продолжается.","According to what he said, investigation into the cause of the helicopter crash continues."
4269,"Раньше он был пилотом, а теперь занимается расследованием катастроф в авиации.","He used to be a pilot, but now he investigates aviation accidents."
4270,Мы часто катались в этом лесу на велосипеде.,We often used to ride our bikes in this forest.
4271,"Пока дети катаются на горных лыжах, их родители катаются на сноубордах.","While children are doing alpine skiing, their parents are snowboarding."
4272,После травмы колена я больше не катаюсь на лыжах.,"Ever since my knee injury, I don't go skiing anymore."
4273,Она получила пятёрку за последнее эссе.,She got an A on her last essay.
4274,В школе она училась на одни пятёрки.,She got straight As in school.
4275,Иван оказался в пятёрке победителей.,Ivan was in the top five.
4276,"«Москва― довольно зелёный город», ― говорит сотрудник кафедры ботаники МГУ Елена Северова.","""Moscow is quite a green city"", says Elena Severova, an employee of the MSU Botany Department."
4277,В настоящее время в консерватории работают шестнадцать кафедр.,Currently the Conservatory has sixteen departments.
4278,Кафедру возглавляет профессор Петров.,The department is headed by professor Petrov.
4279,Одним из симптомов этой болезни является кашель.,A cough is one of the symptoms of this disease.
4280,"Врач сказал, что это лекарство помогает при сильном кашле.",The doctor said that this medicine helps if you have a bad cough.
4281,Она забыла купить таблетки от кашля.,She forgot to buy cough drops.
4282,"Чтобы сделать блины вам понадобится литр кефира, два яйца и двести граммов муки.","To make pancakes you need a liter of kefir, two eggs and two hundred grams of flour."
4283,"У нас закончился кефир. Купи, когда пойдёшь в магазин.",We are out of kefir. Buy some when you go to the grocery store.
4284,Она открыла бутылку и почувствовала запах кислого молока.,She opened the bottle and smelled the odor of sour milk.
4285,"Придя в ресторан, мы заказали по салату и по порции кислых щей.","When we came to the restaurant, each of us ordered a salad and a portion of sour cabbage soup."
4286,"Мы купили два килограмма яблок, но они оказались слишком кислыми.","We bought two kilograms of apples, but they were too sour."
4287,Раньше Оля часто бывала на концертах классической музыки.,Olya used to go to classical music concerts often.
4288,"Классическая ошибка — считать, что существует универсальный способ решения проблем.",It is a classic mistake to think that there is a universal way to solve problems.
4289,"Случаи, когда спящие вулканы просыпались внезапно, не так уж редки. Классический пример тому ― гибель Помпеи.",Cases when dormant volcanoes woke up suddenly are not so rare. A classic example of this is the destruction of Pompeii.
4290,,
4291,,
4292,,
4293,Костя пролил кофе на ковёр.,Kostya spilled coffee on the carpet.
4294,"В Стамбуле мы зашли в магазин, где продавались ковры.",In Istanbul we went to a store where they sell carpets.
4295,Мы вошли во дворец и сразу же увидели там белый мраморный пол и широкую лестницу с ковром.,We entered the palace and immediately saw a white marble floor and a wide staircase with a carpet.
4296,"От множественных ударов он потерял сознание, а очнулся уже в больнице.",He lost consciousness from multiple blows and regained consciousness only in the hospital.
4297,Он попал в больницу с множественными травмами.,He wound up in the hospital with multiple injuries.
4298,"Эмили по-английски писала, как по-китайски, пренебрегая множественным числом.","Emily wrote English as if it was Chinese, neglecting the plural."
4299,На юбилей компании собрались наши коллеги из региональных офисов.,Our colleagues from the regional offices gathered for our company’s anniversary.
4300,Он пользовался большим уважением у коллег.,He was highly respected by his colleagues.
4301,"Я думаю, мой коллега ошибается в этом вопросе.",I think that my colleague is wrong about that matter.
4302,В Третьяковскую галерею привезли сорок картин из коллекции Эрмитажа.,Forty paintings from the Hermitage collection were brought to the Tretyakov gallery.
4303,"Сейчас эта коллекция располагается в Каирском музее, который недавно отпраздновал своё столетие.","Now this collection is in the Cairo Museum, which recently celebrated its one hundredth anniversary."
4304,Найденные экспонаты перешли в коллекцию Лувра.,The artifacts that were found were transferred to the collection of the Louvre.
4305,"«В следующий раз мойте руки, не снимая колец», ― посоветовала Анфиса гостю.","""Next time wash your hands without taking off your rings"", Anfisa advised her guest."
4306,На фотографии Саша надевал обручальное кольцо на палец молодой невесте.,"In the photo, Sasha is putting an engagement ring on the young bride’s finger."
4307,"Она осмотрела все столы и полки, но кольца нигде не было.",She checked all the tables and shelves but couldn’t find the ring anywhere.
4308,Моего мужа часто посылают в командировки за границу.,My husband is often sent on business trips abroad.
4309,Он только вернулся из отпуска и сразу поехал в командировку.,He had just gotten back from vacation and immediately went on a business trip.
4310,"Паша долго рассказывал нам, какие забавные случаи происходят с ним в командировках.",Pasha spent a long time telling us about funny things that happen to him on business trips.
4311,"Мы пришли на каток, но оказалось, что в прокате не было коньков подходящего размера.","We got to the ice rink, but it turned out that there were no ice skates of the appropriate size for rent."
4312,Подарок для нашей дочки в этом году — первые в её жизни коньки. Завтра пойдём на каток.,This year our daughter is getting her first ice skates as a gift. We'll go to the skating rink tomorrow.
4313,"Лыжи — не мой конёк, гораздо больше я люблю плаванье.","Skiing is not actually my thing, I like swimming much more."
4314,В нашей компании был объявлен конкурс на самый оригинальный костюм на Хэллоуин.,Our company has announced a competition for the most original Halloween costume.
4315,Всего в конкурсе приняло участие больше двух тысяч человек.,"In total, more than two thousand people took part in the competition."
4316,Объявлены результаты конкурса рисунков. Наш сын выиграл!,The results of the drawing contest have been announced. Our son won!
4317,Чем занимаются выпускники консерватории?,What do conservatory graduates do?
4318,"Рядом с нашим домом была консерватория, откуда всегда была слышна музыка.","Next door to our house there was a conservatory, and its music could always be heard."
4319,После школы Анна решила поступать в консерваторию.,"After graduating from school, Anna decided to apply to the conservatory."
4320,"Почему ты не конспектируешь лекцию? Ты думаешь, что ты всё запомнишь?",Why aren't you taking notes at the lecture? Do you think you'll remember everything?
4321,"Я всегда конспектирую научные статьи, которые читаю.",I always take notes on the scientific articles that I read.
4322,Двенадцатое декабря в России — День Конституции.,In Russia December 12th is Constitution Day.
4323,Современная российская конституция была написана в 1993 году.,Today’s Russian Constitution was written in 1993.
4324,"В ходе опроса выяснилось, что семьдесят процентов граждан не читали Конституцию.",The survey revealed that seventy percent of citizens haven’t read the Constitution.
4325,Наше агентство проводит бесплатные консультации для граждан по четвергам.,Our agency provides free consultations for citizens on Thursdays.
4326,На следующую пятницу Андрей записался на консультацию к врачу.,Andrey has scheduled a doctor’s appointment next Friday .
4327,Перед консультацией врач попросил её сдать некоторые анализы.,The doctor asked her to undergo some tests before the appointment.
4328,В течение курса у вас будет три контрольных работы и финальный экзамен.,During the course you will have 3 tests and a final exam.
4329,"Наша компания провела контрольные испытания оборудования, и теперь оно готово к продаже.","Our company has conducted quality control tests of the equipment, and now it is ready for sale."
4330,На контрольной работе запрещается пользоваться мобильными телефонами и другими средствами связи.,It is forbidden to use mobile phones and other means of communication during the test.
4331,"Подскажите, пожалуйста, где можно найти программу конференции?",Please tell me where I can find the conference program?
4332,Ежегодная конференция по микробиологии пройдёт на следующей неделе в Москве.,The annual microbiology conference will be held in Moscow next week.
4333,Его часто приглашали выступать на конференциях.,He was often invited to give lectures at conferences.
4334,Корни кактусов могут достигать нескольких метров в длину.,Cactus roots can reach several meters in length.
4335,Эта жидкость ускоряет рост корней у растений.,This liquid accelerates the growth of plants’ roots.
4336,Для супа вам понадобятся два корня сельдерея.,You will need two celery roots for the soup.
4337,На площади они увидели знак «Кормить голубей запрещено! Штраф — пять тысяч рублей».,"In the square they saw a sign ""Feeding the pigeons is prohibited! Fine: 5000 rubles""."
4338,"Мы кормили кошку наших соседей, пока они были в отпуске.",We fed our neighbors' cat while they were on vacation.
4339,Коля кормит свою собаку четыре раза в день.,Kolya feeds his dog four times a day.
4340,Он достал с полки тяжёлую коробку и поставил её на стол.,He took a heavy box from the shelf and put it on the table.
4341,"Где коробка чая, которую я вчера принёс?",Where is the box of tea that I brought yesterday?
4342,"В красивой коробке лежали все открытки, которые друзья посылали мне из разных городов.",In the box there were all the postcards that my friends sent me from various cities.
4343,Сколько молока даёт одна корова в день?,How much milk is produced by one cow each day?
4344,Матвей завёл корову и назвал её Муркой.,Matvey got a cow and called it Murka.
4345,Мы увидели на поле сотни коров.,We saw hundreds of cows in the field.
4346,Какой корпус нам нужен: первый или третий?,Which building do you need: first one or third one?
4347,Строительство нового корпуса больницы завершилось в феврале.,The construction of the hospital’s third building was finished in February.
4348,По субботам мы учимся в другом корпусе университета.,On Saturdays we study in another building of our university.
4349,Саша и Маша завели у себя дома кота.,Sasha and Masha have adopted a cat.
4350,"Наш кот был огромный, абсолютно чёрный и очень умный.","Our cat was huge, completely black and very smart."
4351,У Светы аллергия на котов.,Sveta is allergic to cats.
4352,Бабушка научила меня готовить котлеты.,My grandmother taught me how to make meatballs.
4353,В столовой он взял котлету с картошкой и суп.,He bought a meatball with potatoes and soup at the cafeteria.
4354,На ужин Надя приготовила пюре с котлетами.,Nadia made meatballs with mashed potatoes for dinner.
4355,"Кажется, я потерял свой кошелёк.",It seems that I have lost my wallet.
4356,Он вынул из кошелька нужную сумму денег и положил в карман.,He took the neecessary sum of money out of his wallet and put it in his pocket.
4357,У меня большая коллекция кошельков.,I have a big collection of wallets.
4358,Краткая биография может многое сказать о человеке.,A brief biography can tell a lot аbout person.
4359,В начале курсовой работы приведён краткий обзор литературы.,The term paper begins with a brief literature review.
4360,Ты читал краткое содержание этого романа?,Did you read a summary of this novel?
4361,У Пети есть три кредитных карты.,Petya has three credit cards.
4362,Здесь можно платить кредитными карточками?,Can we pay by credit card here?
4363,"В этом кафе не принимают кредитные карты, только наличные.","We can't pay by credit card in this cafe, only in cash."
4364,В Кремле состоялась пресс-конференция президента России.,There was a press-conference with the Russian president at the Kremlin.
4365,Московский Кремль был построен в пятнадцатом веке,The Moscow Kremlin was built in the 15th century.
4366,У стен Кремля состоялся парад.,The parade took place by the walls of the Kremlin.
4367,Меня очень бодрит крепкий чай.,Strong tea really invigorates me.
4368,В этом баре большой выбор крепких напитков.,This bar has an extensive selection of hard liquor.
4369,Николай – человек с крепкими нервами.,Nikolay is a person with strong nerves.
4370,После освобождения крестьян интеллигенция боролась за прогресс без рабства.,After the liberation of the serfs the intelligentsia fought for progress free of slavery.
4371,Крестьяне платили оброк своему барину.,The peasants paid dues to their nobleman.
4372,До революции крестьянам приходилось нелегко.,The peasants had hard times before the revolution.
4373,Экономисты уже разрабатывают план выхода из кризиса.,The economists are now developing a plan to overcome the crisis.
4374,В стране наступил демографический кризис.,А demographic crisis has occurred in the country.
4375,"Сейчас многие политики говорят о кризисе, но ничего предложить не могут.","Many politicians talk about the crisis now, but no one has any suggestions."
4376,"Саша крикнул мне вслед, что не хочет со мной больше разговаривать.",Sasha shouted after me that he didn't want to talk to me anymore.
4377,"Я попытался незаметно уйти, но мама это заметила и крикнула: ""Ты куда?"".","I tried to leave quietly but my mom noticed me and shouted: ""Where are you going?""."
4378,Вдруг мне захотелось крикнуть от злости.,Suddenly I wanted to cry out in anger.
4379,"Критиковать всегда легче, чем предлагать что-то новое.",It's always easier to criticize than to suggest something new.
4380,В последнее время граждане чаще критикуют правительство.,The citizens criticize the government more often these days.
4381,"Ваня часто критикует фильмы, которые ему не нравятся.",Vanya often criticizes films that he doesn't like.
4382,"Я не смогу пойти завтра в кафе, мне нужно сдать зачёт по экономике.","I can't go to the cafe tomorrow, I need to pass my exam in economics. "
4383,Какие задачи будут на зачёте?,What kinds of problems will there be on the exam?
4384,Катя очень расстроилась из-за зачёта.,Katya was very upset about the exam.
4385,Ты слышишь? Кто-то кричит!,Do you hear that? Someone is screaming!
4386,"В детстве я часто кричал, когда чего-то пугался.",As a child I often screamed when something scared me.
4387,"Я думаю, что родители не должны кричать на детей.",I think that parents shouldn't shout at their children.
4388,Я упал с велосипеда и ободрал коленку до крови.,I fell off the bike and skinned my knee so that it bled.
4389,У тебя идёт кровь из носа!,You have a nosebleed!
4390,Мой отец любит есть стейки с кровью.,My dad loves to eat steak rare.
4391,Недавно я купил новую пару кроссовок.,I recently bought new pair of jogging shoes.
4392,Я специально выбрал лёгкие кроссовки для бега.,I specifically chose lightweight jogging shoes.
4393,Петя ходит в кроссовках даже зимой.,Petya wears jogging shoes even in winter.
4394,Сейчас люди не хотят переезжать из крупных городов в более мелкие.,These days people don't want to move from big cities to smaller ones.
4395,У него будут крупные неприятности.,He will be in big trouble.
4396,На афише крупными буквами было написано название спектакля.,The name of the show was written on the poster in large letters.
4397,С этой крыши открывается красивый вид на город.,The view of the city from this roof is wonderful.
4398,Я всегда мечтал залезть на крышу.,I always dreamed of climbing onto the roof.
4399,Давайте устроим пикник на крыше?,Shall we have a picnic on the roof?
4400,Я люблю купаться в море.,I like to swim in the sea.
4401,"Некоторые люди едут отдыхать на море, но купаются в бассейне у отеля.",Some people go on vacation to the sea but swim in the pool at their hotel.
4402,Прошлым летом я купался в Мёртвом море.,Last summer I swam in the Dead Sea.
4403,Мой дедушка был химиком и работал в лаборатории.,My grandpa was a chemist and worked in a laboratory.
4404,Нельзя входить в лабораторию в верхней одежде!,Do not enter the laboratory wearing a coat!
4405,Александр работал в лучших лабораториях Европы.,Alexander has worked in the best laboratories in Europe.
4406,"Скоро наступит весна, уже начал таять лёд.","Spring is coming soon, the ice has started melting already."
4407,Эту дорогу нужно расчистить ото льда.,This road needs to be cleared of ice.
4408,Люди катаются по льду на замёрзшей реке.,People are skating on the frozen river.
4409,Человеческая память – далеко не совершенный инструмент.,Human memory is a far from perfect tool.
4410,Ни один человек на Земле не обладает совершенным разумом.,Not a single person on Earth has a perfect mind.
4411,В русском языке есть глаголы совершенного и несовершенного вида.,The Russian language has perfective and imperfective verbs.
4412,В этом фильме нет ненормативной лексики.,This film doesn't contain obscene words.
4413,В последнее время в лексике русского языка появляется множество новых слов.,A lot of new words have appeared in the vocabulary of the Russian language.
4414,Лексика – это множество всех слов языка.,A vocabulary is the set of all words in language.
4415,Мой дедушка был военным лётчиком.,My grandfather was an air force pilot.
4416,Лётчики успешно сбили вражеский самолёт.,The pilots managed to shoot down the enemy plane.
4417,У лётчиков должно быть идеальное зрение и крепкое здоровье.,Pilots must have twenty-twenty vision and good health.
4418,"Завтра меня не будет на работе, я иду лечить зубы.",I will be absent from work tomorrow because I am going to the dentist.
4419,В этой больнице хорошо лечат.,They provide good treatment in this hospital.
4420,Есть такая поговорка: время лечит.,There is saying: time heals.
4421,Осенью парк усыпан сухими листьями.,In the fall the park is covered with dry leaves.
4422,Петя принёс домой красивый букет из кленовых листьев.,Petya brought home a beautiful bouquet of maple leaves.
4423,Я люблю осень и разноцветные листья на деревьях.,I love the fall and the colorful leaves on the trees.
4424,Этот журналист – лауреат нескольких литературных премий.,This journalist is the winner of several literary awards.
4425,Иван работает в редакции литературной газеты.,Ivan works in the editorial office of a literary newspaper.
4426,"Это Евгений, известный литературный критик.","This is Evgeniy, he is a famous literary critic."
4427,Успех зависит от личных качеств человека.,Success depends on personal characteristics.
4428,Для меня важны личные отношения с коллегами.,Personal relationships with colleagues are important for me.
4429,"Это моё личное мнение, не обижайтесь.","This is my personal opinion, don't be offended."
4430,"Он спал, и я боялся лишним движением разбудить его.","He was asleep, and I was afraid that I would wake him up if I moved."
4431,Я начала ходить в спортзал и избавилась от лишних килограммов.,I started going to the gym and got rid of some extra kilos.
4432,Он не сказал ни одного лишнего слова.,He didn't say a single unnecessary word.
4433,В детстве мы с папой часто ездили ловить рыбу.,When I was a child my dad and I often went fishing.
4434,"Вчера мы ушли с вечеринки очень поздно и ловили такси, чтобы доехать домой.",We left the party very late yesterday and hailed a taxi to get home.
4435,В этом районе часто ловят преступников.,Criminals are often caught in this area.
4436,Эти люди причастны к преступлению.,These people are involved in the crime.
4437,"Следствие показало, что Иван не причастен к убийству.",The investigation showed that Ivan was not involved in the murder.
4438,Назовите мне имена всех причастных к этому делу!,Tell me the names of everyone involved in this case!
4439,Это слово с чередованием согласных в корне.,This word contains a consonant alternation in the root.
4440,В этом произведении очень красивое чередование звуков.,There is very beautiful alternation of sounds in this melody.
4441,Написание некоторых слов в русском языке трудно запомнить из-за чередования согласных.,It's hard to remember the spelling of some words in Russian because of consonant alternation.
4442,"Мы взяли с собой много вещей, и они чуть не выпали из лодки.",We took a lot of things with us and they almost fell overboard.
4443,У берега стояла старая деревянная лодка.,An old wooden boat stood near the shore.
4444,Мы взяли лодку напрокат.,We rented a boat.
4445,В этом случае вся ответственность ложится на тебя.,All responsibility falls on you in this case.
4446,"Ане нужно ложиться в больницу на две недели, но она не хочет.",Anya has to go to the hospital for 2 weeks but really doesn't want to.
4447,"Ложись спать, завтра нужно рано вставать!","Go to bed, we have to get up early tomorrow!"
4448,Я не хочу ломать голову над этой задачей.,I don't want to wrestle with this problem.
4449,Зачем он ломает комедию? Мне это не нравится.,Why is he putting on an act? I don't like it.
4450,Над проблемой глобального потепления ломают головы многие учёные.,Many scientists are wrestling with the problem of global warming.
4451,Летом я был в деревне и кормил лошадей.,In the summer I was in the village and fed the horses.
4452,Лошадь увидела меня и замотала головой.,The horse saw me and shook its head.
4453,Лошади – это очень умные животные.,Horses are very smart animals.
4454,Я буду суп без лука.,I'll have the soup without onions.
4455,Я пожарю мясо с овощами и луком.,I'll cook some meat with vegetables and onions.
4456,Лук придаёт блюду остроты.,Onion adds spice to a dish.
4457,Ты умеешь стрелять из лука?,Do you know how to shoot from a bow and arrow?
4458,Лук – это древнее оружие дальнего боя.,The bow is an ancient long-range battle weapon.
4459,В кино эльфы всегда пользуются луком.,In movies elves always use bows and arrows.
4460,Я люблю гулять на улице в любую погоду.,I love to walk outside in all kinds of weather.
4461,Из любой ситуации можно извлечь пользу.,You can benefit from any situation.
4462,Спортом полезно заниматься человеку любого возраста.,Doing sports is useful for people of any age.
4463,"Этот маршрут слишком сложный, нужно придумать другой.","This route is too complicated, so we need to think of another one."
4464,Протяжённость нашего маршрута – пятьдесят километров.,The length of our route is 50 kilometers.
4465,Поезд следует по маршруту Москва – Санкт-Петербург.,The train follows the Moscow-St. Petersburg route.
4466,Мастер был доволен моей работой.,The boss was pleased with my work.
4467,Иван Шишкин – один из лучших мастеров живописи.,Ivan Shishkin is one of the greatest masters of painting.
4468,В экзаменационной комиссии сидели признанные мастера.,There were respected experts in the examination committee.
4469,Я угадал результаты этого футбольного матча!,I guessed the result of this soccer match!
4470,В матче приняли участие лучшие игроки клуба.,The best players in the club took part in the match.
4471,Мой отец любит смотреть матчи по телевизору.,My dad loves to watch soccer matches on TV.
4472,Медведь вышел навстречу охотнику.,A bear went toward the hunter.
4473,Зимой медведи впадают в спячку.,In winter bears go into hibernation. 
4474,Белым медведям бывает непросто добыть себе пищу.,Sometimes it's not easy for polar bears to find food.
4475,Тебе очень повезло с родителями!,You're very lucky to have such parents!
4476,"Не расстраивайся, в следующий раз повезёт.","Don't worry, next time you will get lucky."
4477,"Маше стало плохо, и её повезли в больницу.","Masha got sick, and she was taken to the hospital."
4478,"Кажется, я слышу знакомую мелодию.",It seems that I am hearing familiar melody.
4479,Мелодии из этого фильма очень красивы.,The songs from this film are very beautiful.
4480,Вчера в театре играла очень красивая мелодия.,A beautiful melody was played in the theater yesterday.
4481,Сейчас особенно важно соблюдать права национальных меньшинств.,Today is very important to respect the rights of national minorities.
4482,Ничтожное меньшинство людей поддержало этого кандидата.,An insignificant minority of people supported this candidate.
4483,В стране ведётся социальная работа с национальными меньшинствами.,Social work with national minorities is conducted in this country.
4484,Мой дедушка меряет давление каждый день.,My grandpa measures his blood pressure every day.
4485,"Кажется, ты болен. Ты уже мерил температуру?",It seems that you're sick. Have you taken your temperature?
4486,Маша любит украшения из драгоценных металлов.,Masha loves jewelery made of precious metals.
4487,"Я услышал визг тормозов, скрежет металла, и автобус резко остановился.","I heard the squeaking of brakes and clatter of metal, and the bus suddenly came to a stop."
4488,Металлы могут образовывать химические соединения.,Metals can form chemical compounds.
4489,Министр финансов представил план на случай экономического кризиса.,The Minister of Finance presented a plan for use in case of an economic crisis.
4490,Недавно был назначен новый заместитель министра обороны.,A new Deputy Minister of Defence was appointed.
4491,Один из членов кабинета министров вынужден был уйти в отставку.,One of the cabinet members was forced to resign.
4492,Одной из причин начала Второй мировой войны стал Версальский договор.,One of the causes for the beginning of World War II was the Treaty of Versailles.
4493,Усэйн Болт – обладатель мирового рекорда в беге.,Usain Bolt holds a world record in running.
4494,Редакция подготовила обзор крупнейших мировых рынков за 2018 год.,The editors prepared a survey of the largest world markets in 2018.
4495,В январе 2018 года прошёл массовый митинг оппозиции.,A mass opposition rally took place in January 2018 .
4496,Порядок проведения митингов прописан в Федеральном законе.,The rules for conducting rallies is prescribed in the Federal Law.
4497,Власти страны пытаются предотвратить массовые митинги.,The authorities are trying to prevent mass rallies.
4498,"По мнению экспертов, предоставить доступ к инновационным лекарствам вполне реально.","According to experts, it is entirely possible to allow access to innovative drugs."
4499,Мнение большинства по этому вопросу отличается от моего.,The majority opinion on this issue is different from mine.
4500,Мнения специалистов о значимости проделанной работы расходятся.,The opinions of experts differ concerning the significance of the work that has been done.
4501,Я недавно сделал приложение для мобильных телефонов.,Recently I made an application for smartphones.
4502,"Я считаю, что мобильный телефон должен быть прочным и функциональным.",I think that a smartphone should be robust and functional.
4503,В России существует четыре основных оператора мобильной связи.,There are four main mobile phone providers in Russia.
4504,Эта задача решается с помощью математической модели.,This problem can be solved by using a mathematical model.
4505,Модель поведения подростков сильно отличается от модели поведения детей.,The behavior pattern of teenagers is very different from the behavior pattern of children.
4506,В этом магазине представлено множество моделей одежды.,Many clothing styles are sold in this shop.
4507,"Аккуратнее! Трава ещё мокрая, потому что недавно шёл дождь.",Be careful! The grass is still wet because it has rained.
4508,"У Кати высокая температура, поэтому она лежит с мокрым полотенцем на лбу.","Katya has a high fever, that's why she is lying with a wet towel on her forehead."
4509,Петя подскользнулся и упал на мокрый асфальт.,Petya slipped and fell on the wet asphalt.
4510,Это старинная серебряная монета.,This is an old silver coin.
4511,Золотые монеты появились в Российской империи в семнадцатом веке.,Gold coins appeared in the imperial Russia in the seventeenth century.
4512,В семнадцатом веке количество серебряных и золотых монет в Европе выросло в несколько раз.,In the seventeenth century the number of silver and gold coins in Europe increased several times.
4513,Я не люблю выходить на улицу в сильные морозы.,I don't like to go outside when it's freezing cold.
4514,"Завтра будет мороз, нужно тепло одеться.","Tomorrow it will be freezing cold, you will need to dress warmly,"
4515,На улице десять градусов мороза.,It's 10 degrees below zero outside.
4516,Маша держит дома двух морских свинок.,Masha has two guinea pigs at home.
4517,Морские водоросли богаты витаминами и минералами.,Seaweed is rich in vitamins and minerals.
4518,Я люблю гулять вдоль морского берега.,I like to walk along the seashore.
4519,Моряки увидели в воде акулу и предупредили местных жителей.,The sailors saw a shark in the water and warned the locals.
4520,В детстве я хотел стать моряком.,When I was a child I wanted to become a sailor.
4521,О мужестве военных моряков ходят легенды.,There are legends about the courage of military sailors.
4522,"Автомобиль мчался по шоссе, за ним ехала полицейская машина.",The car was racing along the highway followed by a police car.
4523,Мы сели передохнуть возле моста.,We sat down to rest by the bridge.
4524,"В Санкт-Петербурге разводят мосты, чтобы по реке могли проплыть корабли.",The bridges in St. Petersburg get raised so that ships can sail along the river.
4525,Этот мост был построен европейским архитектором.,This bridge was built by a European architect.
4526,На подвиги способны только смелые и мужественные люди.,Only brave and courageous people are capable of feats.
4527,Он обладал мужественными чертами лица.,His face had masculine features.
4528,Я обратил внимание на его мужественное и волевое лицо.,I noticed his brave and strong-willed face.
4529,У меня не хватило мужества сказать это ей в лицо.,I did not have enough courage to say that to her face.
4530,Мужество – это очень ценное качество человека.,Courage is a very highly-valued personal quality
4531,Битва была выиграна благодаря мужеству и стойкости солдат.,The battle was won thanks to the courage and fortitude of the soldiers.
4532,"Вчера менты были везде, потому что проходил футбольный матч.",There were cops everywhere yesterday because there was a soccer match.
4533,В этом случае придётся заплатить ментам.,In this situation we have to pay the cops.
4534,У тебя есть опыт общения с ментами?,Do you have any experience talking with cops?
4535,Эта мысль пришла ко мне внезапно.,This thought suddenly came to me.
4536,"Не могу отделаться от мысли, что хочу прямо сейчас уйти в отпуск.",I can't get rid of the thought that I want to go on a vacation right now.
4537,От своих мыслей нигде не спрячешься.,There is nowhere to hide from your thoughts.
4538,"Я пойду мыться, а потом приготовлю ужин.","I'll go wash my hands, and then cook dinner."
4539,"Я недавно мылся в бане, мне очень понравилось!",I took a sauna bath recently and really liked it!
4540,В походе мы мылись в реке.,When we were hiking we bathed in a river.
4541,Наша съёмочная группа будет наблюдать за развитием событий.,Our production team will follow events closely.
4542,Сейчас мы наблюдаем такую картину.,Now we can see this kind of situation.
4543,Раньше я любил смотреть на небо и наблюдал за звёздами.,I used to like to look at the sky and gaze at the stars.
4544,Завтра мы идём навещать бабушку в больнице.,Tomorrow we're going to visit our grandmother in the hospital.
4545,"Я каждый год езжу в Германию, навещая родственников.",I go to Germany every year to visit my relatives.
4546,Этот факт наводит на определённые мысли.,This fact suggests certain ideas.
4547,Мои друзья наводят порядок в доме к новому году и покупают ёлку.,My friends are tidying up their house before the New Year and buying a Christmas tree.
4548,Я люблю наводить порядок в доме.,I like to tidy up the house.
4549,Он заслужил награду за свои отважные действия.,He deserves a reward for his brave deeds.
4550,Награда за победу на чемпионате присуждается российской сборной.,The championship award goes to the Russian national team.
4551,Мой отец был удостоен нескольких государственных наград.,My father was given several national awards.
4552,"На улице слишком тепло, чтобы надевать пальто.",It's too warm outside to wear a coat.
4553,"Ты надевал шлем, когда ездил на мотоцикле?",Did you put on a helmet when riding a motorcycle?
4554,Петя всегда очень медленно надевает ботинки.,Petya is always very slow to put on his shoes.
4555,"Мне кажется, уже существует песня с таким названием.",I think that there already is a song with that name.
4556,Это хорошее название для нашей команды!,That is a good name for our team!
4557,Названия улиц иногда меняются.,Sometimes street names get changed.
4558,Этот фильм не зря называют одним из главных произведений советской эпохи.,This film is called one of the main works of the Soviet era for a reason.
4559,Не смей называть себя неудачником! У тебя всё получится.,Don't call yourself a loser! Everything will be just fine.
4560,Так называемые планеты земной группы находятся относительно близко от Солнца.,The so-called terrestrial planets are located relatively close to the sun.
4561,Редактор разрешил напечатать эту статью в журнале.,The editor gave his consent to print this article in the journal.
4562,В этой газете был напечатан его первый рассказ.,His first story was published in this newspaper.
4563,Иван напечатал статью в научном журнале уже на втором курсе университета.,Ivan published an article in a scientific journal already in his second year at the university.
4564,Эта песня мне что-то напоминает!,This song reminds me of something!
4565,"Я напоминал Пете о встрече ещё вчера, но он всё равно не пришёл.","I reminded Petya about the meeting yesterday, but he did not come just the same."
4566,Эти фотографии напоминают мне о поездке в Париж.,These photos remind me of the trip to Paris.
4567,Медленно и осторожно они двинулись в направлении таинственного звука.,They moved slowly and carefully in the direction of the mysterious sound.
4568,Ветер резко изменил направление.,The wind suddenly changed the direction.
4569,Минимализм – это одно из направлений в изобразительном искусстве.,Minimalism is one of the trends in visual art.
4570,Москва отличается от других городов и областей России по уровню дохода на душу населения.,Moscow differs from other Russian cities and regions in terms of per capita income.
4571,Население было быстро эвакуировано.,The population was quickly evacuated.
4572,Сейчас разрабатываются программы социальной помощи населению.,Programs  for social assistance to the population are currently being developed.
4573,У меня насморк из-за аллергии.,I have a stuffy nose because of my allergies.
4574,Эти капли от насморка очень помогают.,These drops to stop a runny nose really help.
4575,"При сильном насморке лучше не ходить на работу, а остаться дома.",It is better not to go to work and stay at home with a bad cold.
4576,У меня сегодня такое хорошее настроение!,I'm in such a good mood today!
4577,Общественные настроения сейчас очень смутные.,The public mood is very uneasy now.
4578,Я сегодня не в настроении об этом разговаривать.,I'm not in the mood to talk about it today.
4579,После окончания университета наступает время поиска работы.,After college graduation it's time to look for a job.
4580,Зимой сумерки наступают рано.,Sunset comes early in winter.
4581,"Когда на работе наступало время обеда, все люди спешили в кафе через дорогу.","When it was lunch time at work, all the people hurried to the cafe across the street."
4582,Через четверть часа после начала игры был забит первый гол.,The first goal was scored a quarter of an hour into the game.
4583,Сколько времени? Без четверти пять.,What time is it? It's quarter to five.
4584,Моя сестра отлично учится: у неё пятёрки по всем предметам во всех четвертях.,"My sister gets high grades. She got ""A's"" in all subjects in all quarter terms."
4585,Отец невесты чуть не опоздал на свадьбу.,The bride’s father was almost late for the wedding.
4586,Невеста выглядит просто великолепно.,The bride looks just gorgeous.
4587,Жених с невестой танцевали вальс.,The bride and groom danced a waltz.
4588,Декларация независимости США была принята четвертого июля 1776 года.,"The United States’ Declaration of Independence was adopted on July 4, 1776."
4589,"Я считаю, что человеку очень важно сохранять свою независимость.",I think that it is important for each person to maintain their independence.
4590,"Чтобы быть независимым в суждениях, нужно обладать экономической независимостью.",One needs to have economic independence in order to be independent in one's judgements.
4591,Он необыкновенный человек и талантливый музыкант!,He is an extraordinary man and a talented musician!
4592,Во сне я видел необыкновенные приключения в вымышленной стране.,I dreamed about extraordinary adventures in a fictional country.
4593,Во время разговора с ней я чувствую необыкновенную лёгкость.,I feel an extraordinary lightness when talking with her.
4594,"Желаю тебе здоровья, вечной молодости и непрерывного движения вперёд!","I wish you health, eternal youth, and continuous progress!"
4595,С первых дней своего пребывания в Москве он находился под непрерывным наблюдением.,He was under continuous observation from the first days of his stay in Moscow.
4596,В центре города я каждый день вижу непрерывное движение транспорта.,Every day I see constant traffic in the city center.
4597,"Будь осторожна, у тебя могут быть неприятности.","Be careful, you could get into trouble."
4598,Я постараюсь избежать возможных неприятностей.,I'll try to avoid all possible unpleasant situations.
4599,"Начальник пугает неприятностями, но мне всё равно.",My boss is trying to scare me about getting into trouble but I don't care.
4600,"Ты какая-то нервная сегодня, что-то случилось?","You're very nervous today, has something happened?"
4601,"Врач сказал, что это расстройство нервной системы. ",The doctor said it was a disorder of the nervous system.
4602,Занятия музыкой влияют на скорость и точность работы нервных клеток.,Music lessons influence the speed and accuracy of neurons.
4603,Не только Центральный банк несёт ответственность за экономическую ситуацию в стране.,It's not only the Central Bank that is responsible for the economic situation in the country.
4604,Родители несут ответственность за жизнь и здоровье своего ребёнка.,Parents are responsible for the life and health of their child.
4605,Петя раньше работал охранником и нёс вахту ночью.,Petya used to work as a security guard and kept watch at night.
4606,"Я сдал экзамен в несчастливый день, всё прошло хуже некуда.","I took the exam on an unlucky day, and everything went worse than ever."
4607,"Мне кажется, герои рассказа были несчастливы в жизни.",I think that the main characters in the story led unhappy lives.
4608,"Он уходил от прежней несчастливой жизни к новой, радостной.","He went from his old unlucky life to a new, joyful one."
4609,"Там, где добывают нефть и газ, загрязнение моря неизбежно.",Pollution of the sea is inevitable in places where oil and gas are produced.
4610,"Основная добыча нефти и газа осуществляется с месторождений, открытых еще в советскую эпоху.",The main production of oil and gas is carried out at deposits that were discovered during the Soviet era.
4611,"Саудовская Аравия, Россия и США – страны, наиболее богатые нефтью.","Saudi Arabia, Russia and the United States are the richest countries in oil."
4612,Мой отец живёт в Нижнем Новгороде.,My father lives in Nizhny Novgorod.
4613,"Ты не знаешь, где лежат полотенца? Посмотри на нижней полке.",Do you know where the towels are? Look on the bottom shelf.
4614,От напряжения он прикусил нижнюю губу.,He bit his lower lip from excitement.
4615,"Мы уже нарядили новогоднюю ёлку, а вы?","We have already decorated our Christmas tree, have you?"
4616,На новогодние праздники мы с друзьями поедем в Сочи.,For the New Year holiday my friends and I will go to Sochi.
4617,"Я был на новогоднем вечере с коллегами, больше всего мне понравились конкурсы и еда.",I was at a New Year's Eve party with my colleagues. Most of all I liked the games and food.
4618,"Наиболее точная, образцовая мера носит название эталона.",The most accurate measure used as an example is called the reference measure.
4619,"Как ты думаешь, что будет модно носить в этом сезоне?",What in your opinion will be fashionable to wear this season?
4620,На вечеринках некоторые люди носят парики.,Some people wear wigs at parties.
4621,"Ой, кажется, я забыла перчатки в поезде!","Oh, I think I forgot my gloves in the train!"
4622,Куда ты пошёл без перчаток? На улице холодно!,Where are you going without gloves? It's cold outside!
4623,"Я мою посуду в резиновых перчатках, чтобы не портить кожу.",I wash the dishes in rubber gloves so as not to ruin my skin.
4624,Мы с Машей познакомились в одном из ночных клубов нашего города.,I met Masha in one of the night clubs in our city.
4625,Мы поедем праздновать окончание школы в ночной клуб.,We'll go to a night club to celebrate graduation from high school.
4626,Эта ночная рубашка тебе идёт.,This nightgown looks good on you.
4627,Одноклассники обижают тебя в школе?,Do your classmates pick on you at school?
4628,"Я не хотел никого обижать, извините.","I didn't mean to offend anyone, I'm sorry."
4629,"Вася всегда обижает беззащитных людей, это ужасно!","Vasya always offends helpless people, it's terrible!"
4630,"Я не понимаю, на что они обижаются.",I don't understand why they are offended.
4631,"Саша не может долго обижаться. Подожди пару дней, и он сам заговорит с тобой.","Sasha can't be offended for a long time. Just wait a couple of days, and he will want to talk to you."
4632,"Не обижайся, пожалуйста, я хотела сделать как лучше!","No offense, please, I wanted to do what was best!"
4633,Хвост ящерицы обладает свойством отрастать заново.,A lizard's tail has the ability to grow back.
4634,Большинство детей обладают иммунитетом к кори из-за прививок.,Most children have immunity to measles due to vaccinations.
4635,"Теперь хороший работник должен не просто обладать определенными навыками, но и хотеть их полностью применить.","These days, a good worker should not only have certain skills, but also be motivated to fully apply them."
4636,Недавно я купил учебник синтаксиса для подготовки к экзамену.,I bought a syntax textbook recently in order to prepare for the exam.
4637,Синтаксис русского языка – это сложная система.,The syntax of the Russian language is a complex system.
4638,Сегодня пасмурно. Солнца не видно из-за облаков.,The weather is gloomy today. We can't see the sun because of the clouds.
4639,Облака могут плыть очень быстро из-за сильного ветра.,The clouds can move really fast because the wind is strong.
4640,"Тебе некогда витать в облаках, пиши диплом!","You have no time to be off in the clouds, write your thesis!"
4641,"Купи, пожалуйста, коробок спичек, когда пойдёшь в магазин.",Please buy a box of matches when you go to the store.
4642,"В крупных городах власти зачастую сносят архитектурные памятники, чтобы построить новые дома.",In major cities the authorities often demolish architectural landmarks in order to construct new buildings.
4643,Новый вокзал признан лучшим по архитектурному решению в Европе.,The new train station is considered to be the best architectural design in Europe.
4644,Моя сестра – специалист по архитектурной фотографии.,My sister specializes in architectural photography.
4645,Это следствие несовершенных технологий производства.,This is a result of imperfect production technologies.
4646,"Лучше сделать что-то несовершенным образом, чем не сделать совсем.",It is better to do something in an imperfect way than not to do it at all.
4647,Несовершенный вид глагола настоящего времени задаёт одновременность с моментом речи.,Imperfective verbal aspect in the present tense indicates simultaneity with the moment of speech.
4648,Моя семья живёт в Московской области.,My family lives in the Moscow region.
4649,Московская область – самая густонаселённая область России.,The Moscow region is the most populous region in Russia.
4650,Мой дедушка занимался исследованиями в технических областях науки.,My grandfather did research in the technical fields of science.
4651,Ключевым объектом в экономике является механизм рыночного обмена.,The mechanism of market exchange is a key element in economics.
4652,Во время конференции происходил обмен мнениями между учёными.,There was an exchange of ideas among scientists during the conference.
4653,В рамках студенческих обменов студенты могут поехать учиться в другую страну.,"As a part of student exchange projects, students can travel to study in another country."
4654,"Ты выиграл в соревнованиях по плаванию? Поздравляю, нужно обрадовать маму этой новостью!","Did you win the swimming competition? Congratulations, you need to tell mom the good news!"
4655,"Мне очень понравился твой подарок, ты меня очень обрадовал!","I really like your present, you made me very happy!"
4656,"Вдохновлённый и обрадованный проделанной работой, Петя поспешил домой.","Inspired and happy with the work that was done, Petya went home."
4657,"Я так обрадовался, когда услышал эти новости!",I was so happy to hear the news!
4658,Бабушка и дедушка очень обрадовались рождению внука.,Grandma and grandpa were very happy about the birth of their grandson.
4659,"Маша обрадовалась, когда узнала, что Ваня нашёл дешёвые билеты на самолёт.",Masha was happy when she found out that Vanya had found cheap plane tickets.
4660,"Ты думаешь, всё будет хорошо? Каким образом?",Do you really think that everything will be OK? How so?
4661,"Эта толпа ― собирательный образ всего русского народа, во все времена его существования.","This crowd is a collective portrait of the entire Russian people, at all times of its existence."
4662,Я придерживаюсь здорового образа жизни и стараюсь питаться правильно.,I follow a healthy lifestyle and try to eat well.
4663,В музее стояли телефоны старого образца.,The museum had old-fashioned telephones.
4664,Образцы поведения передаются из поколения в поколение.,Behavior patterns are passed on from generation to generation.
4665,Образец этого договора лежит в верхнем ящике стола.,A template for this contract is in the top drawer of the desk.
4666,"После того, как Петя начал ходить в спортивный зал, на него стали чаще обращать внимание девушки.","After Petya started going to the gym, girls began to pay more attention to him."
4667,Жители крупных городов редко обращают внимание на громкие звуки на улице.,The residents of major cities residents rarely pay attention to loud sounds on the street.
4668,Маша всегда обращает внимание на опечатки в журналах и газетах.,Masha always notices typos in magazines and newspapers.
4669,Мой отец не любит обращаться к врачам.,My father doesn't like to see doctors.
4670,"Человек обращается к психотерапевту, когда не в состоянии самостоятельно справиться со своими жизненными неудачами",A person sees a psychotherapist when they unable to cope with failures in their life.
4671,"Лектор задал вопрос, обращаясь к женской части аудитории.",The lecturer asked a question addressing the female part of the audience.
4672,"Мне кажется, здесь нечего обсуждать.",I think we have nothing to discuss here.
4673,"Мы вчера весь вечер обсуждали политику, давайте поговорим о чём-нибудь другом.","We discussed politics all evening yesterday, let's talk about something else."
4674,Где Вася и Саша? Они обсуждают проект в столовой.,Where are Vasya and Sasha? They're discussing their project in the cafeteria.
4675,План урока составлен с учётом знаний и навыков обучаемого.,The lesson plan is based on the knowledge and skills of the student.
4676,"В музыкальной школе детей обучают игре на различных инструментах, пению и нотной грамоте.","At the music school children are taught how to play various music instruments, singing and musical notation."
4677,Hаша компания начала набирать стажёров и обучать их уже во время работы.,Our company began to recruit interns and give them on-the-job training.
4678,"Как вы думаете, какие есть плюсы и минусы у обучения онлайн?",What are the pros and cons of learning online in your opinion?
4679,Обучение персонала обошлось компании не слишком дорого.,Staff training was not too expensive for the company.
4680,Студенты довольны обучением в этом университете.,Students are satisfied with studies at this university.
4681,"Я шёл домой, обходя лужи.",I walked home trying to avoid puddles.
4682,Чиновники обходят стороной вопрос повышения зарплат. ,The authorities sidestep the problem of increasing wages.
4683,"Я предпочитаю обходить стороной этот район, он мне не нравится.","I prefer to keep away from this part of town, I don't like it."
4684,В понедельник в университете состоялось награждение выдающихся учёных и общественных деятелей.,At the university on Monday there was an award ceremony for outstanding scientists and public figures.
4685,Хороший журналист не боится общественного мнения.,A good journalist is not afraid of public opinion.
4686,В конференции приняли участие правозащитные и общественные организации.,Human rights and public organizations took part in the conference.
4687,"Мы с Петей прошли много трудностей вместе, нас много объединяет.","Petya and I have been through many difficulties together, we have a lot in common."
4688,Общие испытания объединяют людей.,Shared experiences bring people together.
4689,"Чтобы добиться успеха в серьёзном деле, нужно объединять усилия.","To succeed in a serious business, you need to combine efforts."
4690,"Журнал ""Наука России"" объявляет конкурс научных фотографий.","The journal ""Russian Science"" is announcing a scientific photography competition."
4691,"Прежде чем объявлять войну, врага надо изучить.","Before declaring war, you need to learn about your enemy."
4692,"Спортсменка уже давно объявляла, что хочет сыграть за национальную команду страны.",The athlete announced a long time ago that she wants to play for the national team.
4693,"Я вчера звонила Саше, но он просто бросил трубку без объяснения причин.",I called Sasha yesterday but he just hung up the phone without explaining why.
4694,Всему можно найти объяснение.,There is an explanation for everything.
4695,"Твоё поведение не поддаётся никакому объяснению. Может, расскажешь, что произошло?",Your behavior doesn’t make sense. Can you tell me what happened?
4696,Обычай украшать ёлку на новый год пришёл из Германии.,The custom of decorating a tree for the New Year came from Germany.
4697,Браки между родственниками запрещены древним обычаем.,Marriage between relatives is forbidden by an ancient custom.
4698,"Согласно древнему славянскому обычаю, гостя угощали хлебом с солью.","According to an ancient Slavic custom, a guest was offered bread and salt."
4699,"Согласно закону, каждый гражданин обязан платить налоги.","By law, every citizen must pay taxes."
4700,Государственные компании обязаны предоставлять сотрудникам оплачиваемый отпуск.,State-owned companies are required to provide paid leave to employees.
4701,"Я не обязана приносить вам кофе, это не входит в список моих служебных обязанностей.","I'm not obliged to bring you coffee, it's not on my list of duties."
4702,"В стаде не осталось ни одной овцы, всех волки съели.","Not a single sheep in the herd was left, all of them were eaten by wolves."
4703,"Смотри, там идёт чёрная овца! Я никогда раньше таких не видел.","Look, there’s a black sheep! I haven’t seen any like it before."
4704,Овец разводят для получения шерсти.,Sheep are bred for wool.
4705,"Подложи веток в огонь, чтобы лучше горело.",Put some branches in the fire so that it will burn better.
4706,"Убери руки от огня, обожжёшься!","Take your hands away from the fire, you could get burned!"
4707,Сегодня огни города очень красивы.,The lights of the city are very beautiful today.
4708,"Этот огурец испорчен, его нужно выбросить.","This cucumber is spoiled, we have to throw it away."
4709,"Купи, пожалуйста, огурцы, вечером будем готовить греческий салат.","Please buy cucumbers, in the evening we will make a Greek salad."
4710,"В магазине не было солёных огурцов, поэтому я купил свежие.","There were no pickles in the store, so I bought fresh cucumbers instead."
4711,Раньше близнецов одевали одинаково.,They used to dress twins the same.
4712,"Я не понимаю людей, которые одевают своих детей в дорогую, но бесполезную одежду.",I don't understand people who dress their children in expensive but impractical clothing.
4713,"Я одеваю дочь хорошо, но дорогие брендовые магазины не люблю.","I dress my daughter well, but I don't like expensive brand-name stores."
4714,"Оказывается, Катя всё это время жила на съёмной квартире. Я думала, что она живёт с родителями.",It turns out that Katya has been living in an apartment all this time. I thought she was living with her parents.
4715,Трудолюбивые люди всегда оказываются в выигрыше.,Hard-working people always win.
4716,Во время путешествия по Сибири мы часто оказывались в местах без мобильной связи.,"While traveling in Siberia, we often found ourselves in places with no mobile connection."
4717,,
4718,Прошлым летом я был в Австралии и сидел на берегу Тихого океана. Это было невероятно!,Last summer I was in Australia and sat on the shore of the Pacific Ocean. It was amazing!
4719,Я мечтаю когда-нибудь поплавать в океане.,I dream of swimming in the ocean sometime.
4720,Тихий океан ― самый большой океан в мире.,The Pacific Ocean is the biggest ocean in the world.
4721,Крупные дикие звери представляют серьёзную опасность для человека.,Large wild animals are a serious danger for people.
4722,Перед лицом смертельной опасности все равны.,Everyone is equal in the face of mortal danger.
4723,Работа пожарного связана с реальной опасностью.,The work of a fireman is associated with real danger.
4724,Ягоды ландыша опасны и ядовиты.,Lily of the valley berries are dangerous and poisonous.
4725,На рассвете солдаты отправились в опасный путь.,At dawn the soldiers set off on a dangerous journey.
4726,Ездить на мотоцикле довольно опасно.,Riding a motorcycle is quite dangerous.
4727,Во время наступательной операции войскам удалось захватить участок железной дороги.,"During the offensive operation, the troops managed to occupy a section of the railway."
4728,Для успешного выполнения операций на сердце используются высококачественные специальные инструменты.,Special high-quality tools are used to successfully perform heart operations.
4729,Операция проводилась под общим наркозом.,The operation was performed under general anesthesia.
4730,Почётно быть членом масонской ложи.,It's honor to be a member of the Masonic Lodge.
4731,"Масонская ложа ― место, где масоны проводят свои собрания.",The Masonic Lodge is the place where Masons hold their meetings.
4732,Мы купили билеты на спектакль в ложу.,We bought tickets to the play for seats in the loge.
4733,Не хочу описывать подробности нашего разговора.,I don't want to describe the details of our conversation.
4734,"И биология, и физика, и химия в широком смысле описывают природу.","In a broad sense, biology, physics, and chemistry all describe nature."
4735,"Автор книги описывает исторические процессы, просходившие в Европе.",The author of the book describes the historical processes which took place in Europe.
4736,У Николая большой опыт общения с чиновниками.,Nikolay has a lot of experience communicating with officials.
4737,Тебя вряд ли возьмут на эту работу без опыта.,You're unlikely to get this job without any experience.
4738,Умение делать работу в сжатые сроки приходит с опытом.,The ability to do job on a tight schedule comes with experience.
4739,На конференции присутствовали представители правозащитных организаций.,Representatives of human rights organizations attended the conference.
4740,Мы объединились со студентами других факультетов для организации выпускного вечера.,We joined with students from other faculties to organize a graduation party.
4741,"Организация свадьбы отнимает много сил, времени и денег. Но результат того стоит!","Organizing a wedding takes a lot of effort, time and money. But it is really worth it!"
4742,Студенты решили организовать выставку живописи.,The students decided to organize an exhibition of paintings.
4743,"Помимо концертов, были организованы интервью с музыкантами.","In addition to concerts, interviews with musicians were organized."
4744,Сейчас сбор мусора организован по-другому.,Nowadays garbage collection is organized differently.
4745,Саша предложил кучу оригинальных идей для названия нашей команды.,Sasha suggested a bunch of original ideas for a name for our team.
4746,В этом году на кинофестивале не было ни одной оригинальной картины.,There was not a single original movie at the film festival this year.
4747,Оригинальная мысль всегда приходит внезапно.,An original idea always comes suddenly.
4748,Сейчас сложно получить разрешение на ношение оружия.,Nowadays it's difficult to get a license to carry a gun.
4749,"Командующий сообщил, что полк готов сложить оружие.",The commander said that the regiment was ready to lay down its arms.
4750,Одно время я мечтал владеть холодным оружием.,There was a time when I dreamed of wielding a knife.
4751,Истина освобождает человека от предрассудков.,The truth frees one from prejudice.
4752,"Петя подвинул стол к окну, освобождая место в центре комнаты для танцев.",Petya moved the table to the window to free up the center of the room for dancing.
4753,Сегодня технологии освобождают человека от необходимости работать в офисе.,Today technology can free a person from having to do office work.
4754,Лёша быстро забрался на выступ скалы.,Lyosha quickly climbed onto an overhanging rock.
4755,"Внезапно начался ветер, поэтому мы решили укрыться за выступом скалы.","The wind started suddenly, so we decided to hide behind an overhanging rock."
4756,Утром мы приехали в гостеприимный дом семьи Петровых.,In the morning we arrived at the hospitable home of the Petrov family.
4757,Гостеприимные хозяева приготовили вкусный ужин.,The hospitable hosts cooked a delicious dinner.
4758,"Я до сих пор вспоминаю гостеприимную хозяйку, у которой мы жили, когда остановились в Италии.",I still remember the hospitable hostess with whom we stayed when we were in Italy.
4759,Ты не успеешь за день осмотреть все достопримичательности этого города.,You won't have time in one day to explore all the sights of this city.
4760,Полицейский вышел из машины и внимательно осмотрел местность.,The policeman got out of the car and carefully inspected the area.
4761,В основе любой народной культуры лежит одухотворение природы.,At the basis of any folk culture is the inspiration of nature.
4762,Кирилл и Мефодий взяли за основу существующий алфавит и переделали его.,Cyril and Methodius took the existing alphabet as a basis and revised it.
4763,Здоровое питание ― это основа здорового образа жизни.,Healthy eating is the foundation of a healthy lifestyle.
4764,"По словам основателя компании ""Microsoft"" Билла Гейтса, компании должны выдавать государству данные о пользователях, когда речь заходит о расследовании преступлений.","According to the founder of ""Microsoft"" Bill Gates, companies must give data about users to the government when there is a criminal investigation."
4765,Основатели автомобильных фирм выступили на ежегодной конференции.,The founders of car companies spoke at the annual conference.
4766,Основателем психоанализа считается Зигмунд Фрейд.,Sigmund Freud is considered to be the founder of psychoanalysis.
4767,"В четвёртом веке император Константин принимает крещение, покидает Рим и основывает Константинополь.","In the fourth century the emperor Constantine accepted baptism, left Rome and established Constantinople."
4768,Телосложение человека зависит от особенностей организма.,A person's figure depends on the characteristics of their body.
4769,В статье описаны особенности поведения безработных людей.,The article describes the behavior patterns of unemployed people.
4770,В Москве есть школы для детей с особенностями развития.,In Moscow there are schools for children with special needs.
4771,Мы добрались до Петербурга на машине без особых трудностей.,We got to St. Petersburg by car without much difficulty.
4772,Базилик придаёт блюду особый вкус и аромат.,Basil gives the dish a special taste and aroma.
4773,Особую актуальность приобрела транспортная проблема в мегаполисах.,Transportation issues in big cities have become especially urgent.
4774,"Я сдал экзамен, теперь остаётся только ждать результатов.","I passed the exam, and now the only thing left to do is to wait for the results."
4775,"Петя и Таня сказали, что сегодня остаются ночевать у Саши.",Petya and Tanya said that they are staying at Sasha's place to spend the night.
4776,"До отправления поезда оставалось полчаса, и я вдруг понял, что могу опоздать.",There was only a half an hour left before the train’s departure and suddenly I realized that I could miss the train.
4777,"Автор этой статьи ― Петя, это не оставляет сомнений. Я знаю его стиль.","Petya is the autor of this article, there can be no doubt. I know his style."
4778,Ваня любит сидеть в интернете и оставлять комментарии на форумах.,Vanya likes to surf the Internet and leave comments on online forums.
4779,Нельзя пройти по снегу не оставляя следов.,You can't walk through snow without leaving footprints.
4780,Мы с Машей хотим пойти в магазин за тортом. Что насчёт остальных?,Masha and I want to go to the store to buy a cake. What about the others?
4781,Победители студенческой олимпиады выиграли стажировку в крупной компании. Остальные участники получили сертификаты и призы.,The winners of the student competition won an internship in a large company. The other participants received certificates and prizes.
4782,Катя и Коля успели на последний автобус. Остальным пришлось вызывать такси.,Katya and Kolya managed to catch the last bus. The others had to call a taxi.
4783,"Когда твою машину останавливают полицейские, нужно предъявить водительские права.","When your car is stopped by the police, you have to show your driver's license."
4784,"Я хочу съездить в Китай, но меня каждый раз что-то останавливает.",I want to visit China but something stops me every time.
4785,"Утром я всегда останавливаю машину у кафе, чтобы купить кофе.",In the morning I always stop my car at the cafe to buy some coffee.
4786,"Этот поезд не останавливается на нужной нам станции, нужно сесть на другой.","This train does not stop at the station we need, so we have to take another one."
4787,Во время лекции преподаватель подробно останавливался на истории Древней Греции.,"During the lecture, the teacher elaborated on the history of ancient Greece."
4788,Никогда не нужно останавливаться на достигнутом.,Don't ever be satisfied with what has already been achieved.
4789,Хлеб нужно резать острым ножом.,You should cut bread with a sharp knife.
4790,"Острый перец чили часто бывает ингредиентом соусов, супов и салатов.","Hot chili peppers are often used as an ingredient for sauces, soups and salads."
4791,Некоторые люди хотят острых ощущений и решают прыгнуть с парашютом.,Some people want thrills and decide to go skydiving.
4792,"Приходи есть быстрее, суп остывает!","Hurry up, come and eat before the soup gets cold!"
4793,Вечером мы сидели на остывающем песке и любовались закатом.,In the evening we sat on the cooling sand and admired the sunset.
4794,"Не подходи к остывающей духовке, она всё ещё горячая!","Don't approach the oven while its cooling, it's still hot!"
4795,"Маше стало плохо, и её пришлось отвозить в больницу.",Masha became ill and had to be taken to the hospital.
4796,В будние дни мама отвозит меня в школу на машине.,On weekdays mom takes me to school by car.
4797,"Таксист, отвозивший меня на матч, тоже интересовался футболом.",The taxi driver who took me to the match was also a soccer fan.
4798,Когда ты собираешься отдавать Саше долг?,When are you going to repay Sasha?
4799,"Марина отдаёт предпочтение поэзии, а не прозе.","Marina prefers poetry, not prose."
4800,Солдаты отдают честь командирам.,The soldiers salute their commanders.
4801,"Мой муж отказывается признавать, что он не прав.",My husband refuses to admit that he's wrong.
4802,Я бы не стал отказываться от наследства.,I wouldn't give up the inheritance.
4803,Сегодня многие люди отказываются от приобретения машины.,Today many people don't buy a car.
4804,Занятия спортом ― отличный способ похудеть.,Doing sports is a great way to lose weight.
4805,Сегодня просто отличная погода для езды на велосипеде!,Today the weather is just great for a bike ride!
4806,Отличные оценки не всегда говорят о сообразительности человека.,Excellent grades don't always indicate a person’s intelligence.
4807,Зимой температура в северных регионах России не поднимается выше нулевой отметки.,In winter temperatures in the northern regions of Russia don't rise above zero.
4808,Цены на импортные продукты подскочили до рекордных отметок из-за роста доллара.,Prices for imported products jumped to record highs due to the rise of the dollar.
4809,Численность населения Земли превысит отметку в восемь миллиардов человек к 2024 году.,World population will exceed the eight billion mark by 2024.
4810,"Петя живёт далеко от центра Москвы, поэтому дорога на работу отнимает у него массу времени.","Petya lives far from the Moscow center, so it takes him a lot of time to get to work."
4811,Мне бы не хотелось отнимать у тебя время.,I don't want to take your time.
4812,"Раньше работа и учёба отнимали у меня много сил и времени, но потом я наладила удобный режим дня.",Earlier my job and studies took up lot of my time and energy but then I set up a convenient daily routine.
4813,"Фото получилось отличное, у тебя золотые руки!","You've made a great photo, you have a magic touch!"
4814,"Сегодня к долгожителям принято относить всех, кто прожил более девяноста лет.",Today people who are more than 90 years old are considered to be long-lived.
4815,Вы относите себя к сторонникам или противникам новых технологий?,Do you consider yourself to be a supporter or an opponent of new technologies?
4816,По политическим взглядам Ваня относит себя к коммунистам.,"In terms of his political views, Vanya considers himself a communist."
4817,Саша очень хорошо относится к своим друзьям и всегда поможет в беде.,Sasha treats his friends well and will always help out when there is trouble.
4818,Люди старшего возраста более внимательно относятся к воему здоровью.,Older people are more attentive to their health.
4819,"Не следует серьёзно относиться к словам, произнесённым во время ссоры.",You shouldn't words said during an argument seriously.
4820,Я планирую взять отпуск через три недели.,I plan to take a vacation in three weeks.
4821,А где Катя? Она ещё с пятницы в отпуске.,Where is Katya? She's been away on vacation since Friday.
4822,"Шеф только недавно вернулся из отпуска, поэтому всё время ходит в хорошем настроении.","The boss just got back from his vacation, that's why he's always in a good mood."
4823,Маша работает учителем и занимается с умственно отсталыми детьми.,"Masha is a teacher, and she works with mentally handicapped children."
4824,Сейчас население растёт в основном в развивающихся странах с отсталой экономикой.,Now the world population is growing mainly in developing countries with a backward economy.
4825,"Алексей старомодный и отсталый человек, когда дело касается технологий.",Alexey is an old-fashioned and backward person when it comes to technology.
4826,"Поезд отходит через час, нужно поспешить!","The train leaves in an hour, we should hurry up!"
4827,"Люди отходят от банковского автомата, потому что он перестал работать.",People are moving away from the ATM because it stopped working.
4828,Я всегда тяжело отхожу от наркоза.,I always have a hard time coming to after anesthesia.
4829,"В день отъезда я поняла, что не положила в чемодан обувь.",On the day I left I realized that I didn't put my shoes in my suitcase.
4830,Перед отъездом я волновался и чуть не забыл взять паспорт.,"Before leaving I felt very nervous, and almost forgot to take my passport."
4831,"А где Алексей Иванович? Он сейчас в отъезде, в командировке, вернётся через три дня.",And where is Alexey Ivanovich? He's away on a business trip. He will be back in three days.
4832,Здание вокзала было переполнено отъезжающими.,The train station was full of departing passengers.
4833,Саша с грустью смотрел на отъезжающий поезд.,Sasha looked sadly at the departing train.
4834,"Автобус отъезжал с опозданием, поэтому я и успел в него зайти.","The bus was late to depart, so I managed to get into it."
4835,В госпитале лежало много старших офицеров.,There were many senior officers in the hospital.
4836,Офицеры штаба разместились в палатках и ждали генерала.,The staff officers took their places in the tents and waited for the general to come.
4837,Ивану присвоили звание офицера запаса.,Ivan was given the rank of reserve officer.
4838,Данные о незаконных продажах были убраны из официальных документов.,Illegal sales data was removed from the official documents.
4839,У любой крупной компании должна быть официальная страница в интернете.,Every large company must have an official website on the Internet.
4840,Информацию о кредитных картах можно найти на официальном сайте банка.,You can find information about credit card on the official website of the bank.
4841,"Официанты должны иметь хорошую память, чтобы запомнить названия и состав всех блюд.",Waiters need to have a good memory in order to remember the names and contents of all the dishes on the menu.
4842,На втором курсе университета я устроился на работу официантом.,I got a job as a waiter when I was in my second year at the university.
4843,В обеденное время и по вечерам у официантов очень много работы.,Waiters have a lot of work at lunchtime and in the evenings.
4844,"Сейчас конец весны, поэтому многие люди оформляют визы для путешествий.",In late spring many people apply for travel visas.
4845,"Я уже давно оформляю доверенность, это очень сложно.","I've been working on preparing a power of attorney document for a long time, it's very difficult."
4846,"Летом я поеду в Болгарию, поэтому нужно оформлять загранпаспорт и визу.","In the summer I'll go to Bulgaria, so I need to get a passport and a visa."
4847,"Если я не ошибаюсь, Света работает маркетологом.","If I'm not mistaken, Sveta is a marketing specialist."
4848,"Человеку свойственно ошибаться, этого не нужно бояться.","It is human nature to make mistakes, you shouldn't be afraid of it."
4849,В детстве я всегда ошибался в написании сложных слов.,In childhood I always made mistakes in writing complex words.
4850,"Кажется, Петя без памяти влюблён. Он ведёт себя странно.",It seems that Petya is madly in love. He's behaving srangely.
4851,Катя подарила мне пару фотографий на память.,Katya gave me a couple of photographs as a memento.
4852,"Мой дедушка уже старый, у него плохо с памятью.","My grandfather is old now, he has a bad memory."
4853,В бане ничего не было видно из-за пара.,Due to the steam nothing could be seen in the sauna.
4854,От горячей кастрюли валил пар.,Steam billowed out from the hot saucepan.
4855,"""С лёгким паром!"" говорят в России человеку, который только что помылся.","""Hope you had a good bath!"" people say in Russia to a person who has just washed."
4856,Пианист исполнил несколько трудных пассажей подряд.,The pianist performed several difficult passages in a row.
4857,Этот пассаж звучит прекрасно.,This passage sounds great.
4858,В заключительном пассаже дирижёр резко дёрнул руку вниз.,"In the final passage, the orchestral conductor made a sharp downward movement with his hand."
4859,В Петровском пассаже есть много дорогих бутиков.,There are many expensive boutiques in Petrovsky Passage.
4860,"Мы сделали пересадку в аэропорту Риги, а потом полетели дальше.","We changed planes at the Riga airport, and then flew on."
4861,"Смотри, самолёт полетел!","Look, a plane flew away!"
4862,"Скоро осень, птицы полетят на юг.",Soon it will be autumn and the birds will fly south.
4863,"Безбилетный пассажир должен оплатить штраф, если его поймает контролёр.",A passenger without a ticket must pay a fine if the inspector catches him.
4864,Для каждого транспортного средства разработаны свои правила перевозки пассажиров.,Special rules for the movement of passengers are developed for each mode of transportation.
4865,"Электричка приехала в Москву с опозданием, поэтому пассажиры нетерпеливо выбежали на станцию.","The suburban train arrived in Moscow late, so the passengers impatiently rushed out onto the station."
4866,Весь коллектив педагогов нашей школы получил благодарность от администрации города.,The entire team of teachers at our school was thanked by the city administration.
4867,"Это Ирина, она педагог по фортепиано.","This is Irina, she's a piano teacher."
4868,Педагоги подготовили концерт к Международному женскому дню.,The teachers prepared a concert for International Women's Day.
4869,"Переходный возраст ― это непростое время и для ребёнка, и для родителей.",Adolescence is a difficult time both the child and for the parents.
4870,Во время переходного периода люди часто испытывают трудности в общении.,During adolescence people often experience communication difficulties.
4871,"Среди политических течений учёные выделяют и чистые, и переходные формы.",Both pure and transitional types are found among political trends by scholars.
4872,"Четвёрка ― это хорошая оценка, но ты можешь и лучше!","A B is a good grade, but you can do better!"
4873,У Саши пять четвёрок за итоговые экзамены.,Sasha got five Bs on his final exams.
4874,Петя оказался в четвёрке лучших пловцов нашего города.,Petya is one the top four swimmers in our city.
4875,Транспортные компании перевозят грузы в специальных вагонах.,Transport companies transport cargo in special freight cars.
4876,Велосипед можно перевозить в багажнике автомобиля.,You can transport the bicycle in the trunk of the car.
4877,Недавно мы перевозили всю мебель из старой квартиры. Это заняло полдня.,We recently moved all the furniture from our old apartment. It took half a day.
4878,,
4879,"Я попросил перенести встречу, потому что я не смогу прийти завтра.","I asked to postpone the meeting, because I can't come tomorrow."
4880,Два года назад Саша перенёс операцию на глазах.,Sasha had surgery on his eyes two years ago.
4881,"Дедлайн по курсовой работе перенесён на завтра, я ещё успею что-нибудь дописать.","The deadline for the term paper has been postponed until tomorrow, so I still have time to finish it somehow."
4882,Мне перестаёт нравиться игра на скрипке.,I'm losing interest in playing the violin.
4883,Рано или поздно дети перестают верить в сказки.,Sooner or later children stop believing in fairytales.
4884,"Когда Коля выпьет, то болтает не переставая.","When Kolya drinks, he talks non-stop."
4885,По дороге в школу я свернул в переулок и встретил там одноклассника.,On the way to school I took a turn into an alley and met a classmate there.
4886,Я увидел в тёмном переулке подозрительных парней и решил пойти другой дорогой.,I saw some suspicious guys in a dark alley and decided to go the other way.
4887,"Прогуливаясь по переулку, я сделала много красивых фотографий.",Walking along the lane I took a lot of beautiful photographs.
4888,Это первый написанный мной рассказ ― проба пера.,This is the first story I wrote. It's my first step in writing prose.
4889,"Перу Льва Толстого принадлежат как романы, так и небольшие рассказы.",Both novels and short stories came from Leo Tolstoy's pen.
4890,Птичье перо раньше использовалось для письма.,Birds' feathers were used for wrting in earlier times.
4891,"Мы пришли на пляж и постелили плед на песок, чтобы устроить пикник.",We arrived at the beach and laid a blanket on the sand to have a picnic.
4892,Петя сидел в куче песка и строил из него дворец.,Petya was sitting in a heap of sand building a sandcastle.
4893,"В парке были дорожки, посыпанные песком.",There were paths paved with sand in the park.
4894,Саша занимается спортом в специальных беговых кроссовках.,Sasha does sports in special running shoes.
4895,"Недавно я купил белые кроссовки фирмы ""Nike"".",Recently I bought white jogging shoes by Nike.
4896,Пессимисты видят вокруг только неприятности.,Pessimists see only troubles all around.
4897,"Тебе вечно ничего не нравится, ты настоящий пессимист!","You're always unhappy with everything, you're a real pessimist!"
4898,"Не хочу показаться пессимистом, но мне кажется, что нам не хватит денег на эту поездку.","I don't want to talk like a pessimist, but I think we can't afford this trip."
4899,"Стихи, написанные великими поэтами, далеко не сразу печатали.",Poems written by great poets were not published immediately.
4900,"Александр ― фотограф, его работы печатают в модных журналах.",Alexander is a photoprapher and his work is published in fashion magazines.
4901,Сейчас дети с раннего возраста умеют печатать на компьютере.,Nowadays children know how to type on a computer from an early age.
4902,Правописание некоторых прилагательных требует запоминания.,You need to memorize the spelling of some adjectives.
4903,"Существительное согласуется с прилагательным по роду, числу и падежу.","The noun agrees with the adjective in gender, number, and case."
4904,Имя прилагательное обозначает признак или свойство предмета.,An adjective specifies a characteristic or property of an object.
4905,,
4906,Мне нравится пицца с ананасами.,I like pineapple pizza.
4907,"Кажется, я забыл взять носовой платок.",It seems that I forgot to take my handkerchief.
4908,Петя задумался и вытер лоб шёлковым платком.,Petya took thought and wiped his forehead with a silk handkerchief.
4909,Моя бабушка ходит в платке даже летом.,My grandma wears a scarf even in the summer.
4910,Из соседнего купе раздавался плач ребёнка.,The crying of a child was heard from the next compartment.
4911,Плачи ― это жанр народной поэзии. Их обычно исполняли во время обрядов.,The lament is a genre of folk poetry. These songs were usually performed during ceremonies.
4912,"По мнению некоторых педагогов, не стоит успокаивать ребёнка при плаче.","Acccording to some pedagogues, you shouldn't comfort a child when it cries."
4913,"""Я не знаю, когда придёт Саша"", ― сказал Петя и пожал плечами.","""I don't know when Sasha will come"", said Petya and shrugged his shoulders."
4914,Коля предложил понести мой рюкзак и надел его на плечо.,Kolya offered to carry my backpack and put it on his shoulder.
4915,"На концерте Дима посадил меня к себе на плечи, чтобы я лучше видела музыкантов.","At the concert Dima put me on his shoulders so that I could see the musicians better.
"
4916,"Ты куда побежал? Завтракать не будешь? Нет, я поем в школе.","Where are you going? Don't you want to have breakfast? No, I'll eat at school."
4917,"Катя побежала на автобус, но он уже отъехал от остановки.","Katya ran toward the bus, but it had already left the bus stop."
4918,Побежали до кафе наперегонки? Проигравший платит за обед!,Shall we run a race to the cafe? The loser pays for lunch!
4919,"Я отправил резюме, а на следующий день мне позвонили из компании и пригласили побеседовать в офис.","I sent in my resume, and the next day I received a call from the company and was invited to an interview in the office."
4920,"Я забыл завести будильник, поэтому встал поздно и не успел побриться.",I forgot to set the alarm. That's why I got up late and didn't have enough time to shave.
4921,"Перед походом в гости я умылся, побрился и надел новую рубашку.","I washed, shaved and put on a new shirt before going on the visit."
4922,"— Да ладно, побреешься завтра. — Нет, лучше сегодня, не хочу ходить с щетиной.","— OK, you can shave tomorrow. — No, it's better to do it today, because I don't want to look scruffy."
4923,"Я пытался дозвониться Лёше, но он два раза повесил трубку. Не понимаю, что происходит.",I tried to call Lyosha but he hung up the phone twice. I don't know what's going on.
4924,"Ремонт почти закончен, скоро Маша и Катя повесят на стену полки.",The repairs are almost finished. Masha and Katya will hang on the shelf on the wall soon.
4925,В Средние века за совершение преступления человека могли повесить.,In the Middle Ages people could be hanged for committing a crime.
4926,Этот вирус погибает вне организма человека за несколько минут.,This virus dies outside the human body in a few minutes.
4927,Благодаря вакцинам люди гораздо меньше погибают от инфекционных болезней.,"Thanks to vaccines, many fewer people die from infectious diseases nowadays."
4928,"Во время войны люди погибали от пуль, холода и голода.","During the war people died from bullets, cold and hunger."
4929,Ты не сможешь сдать экзамен без подготовки.,You can't pass the exam without studying.
4930,Подготовка выпускного вечера идёт полным ходом.,Graduation preparations are well under way.
4931,О подготовке к свадьбе нужно подумать заранее.,You need to think about wedding preparations well in advance.
4932,Весной вода в реке всегда поднимается.,The water in the river always rises in spring.
4933,"Мы поднимались в гору медленно, чтобы привыкнуть к перепаду давления.",We went up the moutnain slowly in order to get acclimated to the change in pressure.
4934,"У Саши поднималась температура, поэтому я вызвала врача.","Sasha had a fever, so I called the doctor."
4935,При аренде квартиры обе стороны подписывают договор.,When renting an apartment both parties sign a contract.
4936,Завтра я еду в командировку подписывать важный контракт.,Tomorrow I will go on a business trip to sign an important contract.
4937,При приёме на работу я подписывал договор о неразглашении.,I signed a non-disclosure agreement when I took this job.
4938,"Я поняла, что работа секретарём мне не подходит.",I realized that working as a secretary doesn't suit me.
4939,К выбору компании для путешествия нужно подходить серьёзно.,One should be cautious when choosing a traveling companion.
4940,Эти туфли не подходят мне по размеру.,These shoes aren't the right size for me.
4941,Ты где? Я уже подъезжаю к твоему дому.,Where are you? I'm approaching your house now.
4942,Вчера к офису два раза подъезжала незнакомая чёрная машина. Это странно.,An unfamiliar black car drove up to the office twice yesterday. That's strange.
4943,"Чем ближе подъезжаешь к морю, тем более влажным становится воздух.","The closer you get to the sea, the more humid the air is."
4944,"Я сегодня весь в делах, ещё даже не успел поесть.","I'm all wrapped up in work today, I haven't even had time to eat yet."
4945,Вы уже поели? Пора собираться в школу.,Have you eaten yet? It's time to get ready for school.
4946,"Сегодня я поел в итальянском ресторане, наелся на весь день!","Today I ate in an Italian restaurant, I ate enough for the whole day!"
4947,Когда вы планируете пожениться?,When are you planning to get married?
4948,"Мы поженимся, когда переедем в Москву.",We will get married when we move to Moscow.
4949,"Коля и Таня поженились два года назад, а недавно у них родился сын.",Kolya and Tanya got married two years ago. Recently they had a son.
4950,"Ты видел Петю сегодня? Да, он поздоровался со мной на парковке.","Have you seen Petya today? Yes, he greeted me in the parking lot."
4951,"Мне кажется, Маша на тебя обиделась из-за того, что ты забыл с ней вчера поздороваться.",I think that Masha felt offended because you forgot to say hello to her yesterday.
4952,"Мы с Катей почти не общаемся, но сегодня она со мной поздоровалась.","Katya and I hardly every talk to each other, but today she said hello to me."
4953,Нас познакомили общие друзья.,We were introduced to each other by mutual friends.
4954,"На вечеринке Саша познакомил меня с Алиной, она мне сразу понравилась.","At the party Sasha introduced me to Alina, and I liked her right from the start."
4955,"Мой друг Паша тоже увлекается политикой, я обязательно вас познакомлю.","My friend Pasha is also interested in politics, I will definitely introduce you."
4956,"После концерта мы решили поймать такси, потому что метро было уже закрыто.","After the concert we decided to catch a taxi, because the subway was closed already."
4957,"Я долго ждал автобус, но его всё не было. Через полчаса я поймал машину и поехал домой.",I waited for the bus for a long time but it didn't come. Half an hour later I hitched a ride and drove home.
4958,Полицейские поймали вора с поличным.,The police caught the thief red-handed.
4959,"Пусть Саша даже не показывается мне на глаза, мы серьёзно поссорились!","Sasha should stay out of my sight, we had a serious argument!"
4960,"Петя уже неделю не показывался на улице, он готовится к экзаменам.","Petya hasn't gone out for a week, he's preparing for exams."
4961,В этом районе опасно показываться ночью.,It's dangerous to be out in this part of town at night.
4962,Давай я тебя покормлю. Будешь овощной салат?,I want to give you something to eat. Would you like a vegetable salad?
4963,"Катя немного опоздает, ей нужно покормить ребёнка.","Katya will be a little late, she has to feed her child."
4964,Большинство покупателей обращают внимание на цену товара.,Most customers pay attention to the price of goods.
4965,"Покупатель может пожаловаться на товар, если он некачественный.",The customer can complain about the product if it is of poor quality.
4966,Магазин часто предлагает покупателю купить товар по акции.,The store often offers special sales for its customers.
4967,Этим летом Коля поступил в политехнический институт.,Kolya enroled in the Polytechnic institute this summer.
4968,Политехническая школа была основа в Париже в 1794 году.,The Polytechnic School was founded in Paris in 1794.
4969,Руководитель департамента полиции сообщил о будущих реформах.,The head of the police department reported on future reforms.
4970,"Недавно у меня украли телефон, и я сразу же обратился в полицию.","Recently someone stole my phone, and I immediately called the police."
4971,Полиция арестовала членов преступной группировки.,The police arrested members of the criminal gang.
4972,Полный текст статьи опубликован на сайте.,The full text of the article is published on the site.
4973,"Я считаю, что полная свобода и работа по душе ― залог счастья для человека.",I believe that complete freedom and a job to one's liking are a guarantee of happiness.
4974,"Жаль, что вы не сможете в полной мере оценить мой рассказ, ведь в переводе часть смыслов теряется.","It is a pity that you will not be able to fully appreciate my story, because some of the details are lost in translation."
4975,После бассейна я пошёл в душ и вытерся махровым полотенцем.,After swimming in the pool I went to the shower and dried myself with a terrycloth towel.
4976,Не забудь положить в чемодан полотенце!,Don't forget to put a towel in your suitcase!
4977,Маша плакала и вытирала слёзы бумажными полотенцами.,Masha cried and wiped her tears with paper towels.
4978,Сейчас почти каждый человек умеет пользоваться интернетом.,Nowadays almost everyone knows how to use the Internet.
4979,Книги японского писателя Харуки Мураками пользуются спросом.,Books by the Japanese writer Haruki Murakami are very popular.
4980,"На работе мы часто пользовались услугами курьеров, чтобы доставлять документы клиентам.",At work we often used courier services to deliver documents to customers.
4981,"Эти помидоры ещё совсем зёленые, давай купим другие.","These tomatoes are very green, let's buy other ones."
4982,Я люблю есть макароны с зеленью и помидорами.,I like to eat spaghetti with green vegetables and tomatoes.
4983,Мне не нравится яичница с помидором.,I don't like tomato omelettes.
4984,Поступь военных на параде завораживала.,The marching of the soldiers in the parade was fascinating.
4985,Мне хочется попробовать себя в роли учителя.,I want to try out working as a teacher.
4986,"Давайте попробуем разобраться с документами для визы сейчас, иначе мы ничего не успеем.","Let's try to sort out the documents for the visa now, otherwise we won't have time."
4987,"Я не могу дозвониться Саше. Возможно, он едет в метро, попробуй снова через пару минут.","I can't get Sasha on the phone. Maybe he's in the subway now, try again in a few minutes."
4988,Подлежащее обычно стоит в именительном падеже.,The subject is usually in the nominative case.
4989,Петя рано ушёл с вечеринки и даже не попрощался.,Petya left the party early and didn't even say goodbye.
4990,"Мы с Машей попрощались, и она села на автобус.","I said goodbye to Masha, and she got on the bus."
4991,"Мы приехали на вокзал, чтобы попрощаться с Катей и Пашей. Они переезжают жить в Москву.",We came to the station to say goodbye to Katya and Pasha. They are moving to Moscow.
4992,Причастие ― это особая форма глагола.,A participle is a special form of a verb.
4993,"Практическая часть науки состоит из императивов ― правил, по которым решаются её задачи.",The practical part of science consists of imperatives: the rules by which its problems are solved.
4994,Иммануил Кант ― создатель категорического императива.,Immanuel Kant is the author of the categorical imperative.
4995,,
4996,,
4997,"Петя не любит компьютерные игры, поэтому у него нет приставки.","Petya doesn't like computer games, that's why he doesn't have a video game console."
4998,У меня дома есть игровая приставка.,I have a video game console at home.
4999,В некоторых русских глаголах после приставки пишется твёрдый знак.,In some Russian verbs there is a hard sign after a prefix.
5000,"Сейчас быстро развиваются технологии с приставкой ""нано"".","Nowadays technologies with the prefix ""nano"" are developing rapidly."
5001,"Нужно попытаться быстро заснуть, ведь завтра нужно рано встать!",We have to try to get to sleep as soon as possible because we have to get up early tomorrow!
5002,"Преступники попытались скрыться, но полиция всё равно их арестовала.","The criminals tried to hide, but the police arrested them just the same."
5003,Подозреваемый попытался скрыться в своей старой квартире.,The suspect tried to hide in his old apartment.
5004,После поражения в полуфинале команда вылетела из игры.,The team was eliminated after their defeat in the semifinals.
5005,Французская империя потерпела поражение в войне 1812 года.,The French Empire was defeated in the Patriotic War of 1812.
5006,Редкий спортсмен не испытывает поражений в своей карьере.,It is rare for an athlete not to experience defeats in his career.
5007,Я любовался луной с набережной морского порта.,I was admiring the moon from the wharf at the harbor.
5008,Корабль стоял в порту из-за плохой погоды и не мог выйти в море.,The ship remained at the harbor due to bad weather and couldn't go to sea.
5009,Корабль прибыл в порт с небольшим опозданием.,The ship arrived at the harbor a little late.
5010,"Моё любимое произведение у Оскара Уайльда ― ""Портрет Дориана Грея"".","My favorite work by Oscar Wilde is ""The Picture of Dorian Gray""."
5011,Портреты принесли славу художнику Илье Репину.,Painting portraits made the artist Ilya Repin famous.
5012,Жанр парадного портрета был популярен в Европе в XVII-XVIII веках.,The art genre called the ceremonial portrait was popular in Europe in the 17th-18th centuries.
5013,"Петя недавно переболел ангиной, но уже скоро сможет посещать занятия в школе.","Petya recently had a sore throat, but soon he will attend classes at school as usual."
5014,Моя бабушка верующая и посещает храм по праздникам.,My grandma is a religious person and goes to church on holidays.
5015,"В последнее время меня всё чаще посещают мысли об увольнении, потому что работа совсем не радует.",Lately I am thinking more and more about quitting because my job doesn't make me happy.
5016,"Ты знаешь недорогое кафе, где можно спокойно посидеть в будний день?",Do you know an inexpensive cafe where one can sit in peace on a weekday?
5017,"В выходные мы с одноклассниками собрались в кафе, душевно посидели и поговорили.",Last weekend my classmates and I went to a cafe where we sat and and had a heart-to-heart talk.
5018,"Я посидел в очереди где-то десять минут, а потом врач меня сразу принял.","I sat in the waiting room for about ten minutes, and then the doctor saw me right away."
5019,"Знаменитая пословица гласит: «Не ошибается тот, кто ничего не делает».","There is a famous saying: ""Only those who do nothing make no mistakes"""
5020,Значение народных пословиц иногда непросто разгадать.,The meaning of folk sayings is sometimes not easy to guess.
5021,Я с трудом запоминаю длинные пословицы.,I have a hard time remembering long sayings.
5022,Нам нужно посоветоваться насчёт поездки и билетов.,We need to talk about our trip and tickets.
5023,Любые лекарства можно принимать лишь посоветовавшись с врачом.,Any medication should be taken only after consulting a doctor.
5024,"Если ребёнок заболел, обязательно посоветуйтесь с педиатром.","If your child is sick, you need to consult a pediatrician."
5025,Мой дедушка занимал пост директора школы.,My grandpa held the position of school principal.
5026,Михаил Горбачёв ушёл с президентского поста в 1991 году.,Mikhail Gorbachev left his post as president in 1991.
5027,Недавно меня остановили на посту и потребовали показать водительские права.,I was recently stopped at a police checkpoint and asked to show my driver's license.
5028,Некоторые религиозные люди соблюдают пост в определённое время года.,Some religious people keep a fast at certain times of the year.
5029,Во время Великого поста православные христиане не едят мясо и некоторые другие продукты.,"During Lent, Orthodox Christians don't eat meat and some other foods."
5030,Мы постараемся сделать всю работу к среде.,We will try to get all the work done by Wednesday. 
5031,"Я обещал, что постараюсь вам помочь.",I promised to try to help you.
5032,Саша постарался и защитил диплом на отлично.,Sasha did his best and defended his graduation thesis with excellent marks.
5033,Мои коллеги посчитали необходимым перенести встречу.,My colleagues considered it necessary to postpone the meeting.
5034,"Коля не посчитал нужным извиниться, поэтому я на него обиделся.","Kolya didn't see fit to apologize, that's why I was felt offended by him."
5035,"Мама посчитала, что лучше отдать моего младшего брата в спортивную секцию.",My mom decided it was better to enroll my brother in the sport club.
5036,"Петя обещал посчитать, сколько денег понадобится на дорогу.",Petja promised to figure out how much the trip will cost.
5037,"Вася задел лампочку, которая свисала с потолка.",Vasya bumped into the light bulb which was hanging from the ceiling.
5038,На потолке в кафе было нарисовано звёздное небо.,A starry sky was painted on the ceiling in the cafe.
5039,"В комнате было темно, под потолком горела тусклая лампочка.","It was dark in the room, a dim light bulb shone from the ceiling."
5040,Переезд потребует много времени.,The move will take a lot of time.
5041,Президент потребовал объяснений от министра транспорта.,The President requested an explanation from the Transport Minister.
5042,Покупатель вправе потребовать возмещения ущерба из-за плохого качества продукта.,The buyer is entitled to seek damages due to poor product quality.
5043,Преподаватель похвалил нас за хорошие письменные работы.,The teacher praised our good written work.
5044,Нужно похвалить Сашу за находчивость!,We should praise Sasha for his ingenuity!
5045,Родители похвалили своего сына за хорошее выступление на концерте.,The parents praised their son for his good performance at the concert.
5046,Твой сын очень на тебя похож!,Your son is very like you!
5047,"Маша и Таня сёстры, но они совсем не похожи характерами.",Masha and Tanya are sisters but have very different personalities.
5048,"Облака сгущаются, скоро будет дождь. Да, похоже на то.","Clouds are forming, it will rain soon. Yes, it looks that way."
5049,Главное правило успешного человека гласит: не сдавайся.,The most important rule of a successful person is not to give up.
5050,Нарушение правил дорожного движения грозит штрафом.,Violation of traffic rules incurs the threat of a fine.
5051,Для любой игры необходимы правила.,Every game has its rules.
5052,"Практика показывает, что многие студенты работают во время учёбы.",Experience shows that many students work while studying.
5053,В мировой практике принято оценивать учёных по индексу цитирования.,"Internationally, it's customary to evaluate scholars according to their citation index."
5054,Где ты будешь проходить летнюю практику?,Where are you going to work during your summer on-the-job training?
5055,Из этой книги я не смог вынести для себя никакой практической ценности.,I couldn't learn anything useful from this book.
5056,"Я стараюсь заводить знакомства, которые могут принести практическую пользу.",I try to meet people who can be useful to me.
5057,Изучение природы нашей планеты имеет большое практическое значение.,The study of the nature of our planet has great practical importance.
5058,Этот банк предлагает более выгодные условия кредита.,This bank offers better credit options.
5059,"Маша и Петя предлагают остаться у них на ночь, что ты думаешь?","Masha and Petya are offering to let us stay overnight at their house, what do you think?"
5060,"Нам предлагали отель у моря, но мне не понравилось, что там нет отдельных кроватей.",We were offered a hotel by the sea but I didn't like the fact that there weren't separate beds.
5061,Сейчас есть ряд предложений по борьбе с преступностью.,Now we have a set of proposals for crime prevention.
5062,Твоё предложение ещё в силе?,Is your offer still valid?
5063,Министерство финансов разрабатывает предложения на следующий год.,The Ministry of Finance is developing proposal for the coming year.
5064,Наташа сначала была в шоке от радостной вести. Она скоро станет мамой!,At first Natasha was really shocked by the good news. She will become a mother soon!
5065,,
5066,Моя жена приехала домой с радостной вестью.,My wife came home with good news.
5067,"По мнению представителей компании, в этом году объём закупок снизится.","According to the company representatives, the volume of purchases will decrease this year."
5068,Представители прессы собрались в отдельном зале.,The journalists gathered in a separate room.
5069,Представитель администрации рассказал о планах на год.,The representative of the management spoke about plans for this year.
5070,Курение приводит к возникновению болезней.,Smoking causes disease.
5071,Старания всегда приводят к результату.,Effort always brings results.
5072,В нашу квартиру нельзя приводить большие компании.,We're not allowed to have big parties in our apartment.
5073,Еду привозят в офис из соседнего кафе.,The food is brought to the office from the cafe next door.
5074,Раньше дедушка привозил мне книги из Москвы.,My grandfather used to bring me books from Moscow.
5075,,
5076,Маша быстро привыкает к новым условиям.,Masha gets used to new conditions quickly.
5077,"Сначала трудно привыкать заниматься спортом, но потом это приносит удовольствие.","At first it is hard to get used to playing sports, but then it brings pleasure."
5078,К хорошему быстро привыкаешь.,A person gets used to good things quickly.
5079,"В детстве я делал всё, что приказывал мне старший брат.",As a child I did everything my older brother told me to do.
5080,"Выполняйте то, что вам приказывают.",Do as you are told.
5081,Вчера самолёты прилетали с опозданием из-за плохой погоды.,Flights were late to arrive yesterday due to bad weather.
5082,"Саша прилетал к нам в гости несколько раз. Хотя я считаю, что на поезде ехать комфортнее.",Sasha has flown in to visit us several times. However I think it's more convenient to take the train.
5083,"Прилетай к нам на самолёте, билеты на поезд сейчас найти труднее.","You should come to see us by plane, because it's harder to get train tickets right now."
5084,Этот дом принадлежит семье художника до сих пор.,This house belongs to the artist's family to this day.
5085,Произведения Вольтера принадлежат к эпохе классицизма.,Voltaire's works belong to the era of classicism.
5086,Захваченный город принадлежал солдатам.,The captured city belonged to the soldiers.
5087,"Мы очень рассчитывали на Петю, но он отказался принимать участие в спектакле.","We were counting on Petya, but he refused to take part in the performance."
5088,Моя бабушка регулярно принимает лекарства от повышенного давления.,My grandmother takes blood pressure medicine regularly.
5089,Многие мои друзья принимают участие в спортивных соревнованиях.,Many of my friends participate in sports competitions.
5090,Иногда бизнес приносит прибыль далеко не сразу.,Sometimes a business doesn't make a profit right away.
5091,"Мне не нравится, когда люди приносят маленьких детей в кино или театр.",I don't like it when people bring small children to the movies or to the theater.
5092,Моя фирма только недавно начала приносить доход.,My company just recently started to turn a profit.
5093,"Зачем присылать бумажные письма, когда существует телефон и интернет?",What's the point of sending paper letters when we have phones and the Internet?
5094,"Когда я уехал учиться в Москву, родители присылали мне деньги.","After I moved to Moscow to study, my parents sent me money."
5095,Сервисы часто присылают уведомления на почту. Меня это очень раздражает!,Internet services often send notifications through the mail. That really annoys me!
5096,"Сначала нужно проанализировать ситуацию, а потом думать, что делать.","First you need to analyze the situation, and then think about what to do."
5097,Давайте проанализируем прошлогодние показатели.,Let's analyze the data from last year.
5098,В статье были проанализированы подходы к обучению школьников.,Approaches to school teaching were analyzed in the article.
5099,"Я пробовал понять, о чём идёт речь в книге, но не смог.","I tried to understand what the book was about, but couldn't."
5100,Вы когда-нибудь пробовали суши?,Have you ever tried eating sushi?
5101,Вася любит пробовать новые блюда.,Vasya likes to taste new dishes.
5102,"Недавно меня остановили на улице, чтобы проверить документы.",Recently the police stopped me on the street to check my documents.
5103,На вокзалах багаж проверяют с помощью специального сканера.,Luggage is checked by special scanner at the train stations.
5104,"Маша дёрнула рукав свитера, проверяя его на прочность.",Masha tugged at the sleeve of the sweater to test its strength.
5105,Как ты любишь проводить вечера?,How do you like to spend your evenings?
5106,"Я считаю, что Катя проводит слишком много времени за компьютером.",I think that Katya spends too much time in front of a computer screen.
5107,Мы проводили прошлое лето в Греции.,We spent last summer in Greece.
5108,Я люблю провожать закаты. Это очень живописно!,I love watching the sun set. It's so picturesque!
5109,Вчера я провожал Машу до дома.,Yesterday I walked with Masha to her place.
5110,Вечеринка продолжалась всю ночь. Гостей мы провожали домой уже утром.,The party was going all night long. We saw the guests off in the morning.
5111,Конкуренция ― двигатель прогресса.,Competition is the engine of progress.
5112,Люди сейчас всё больше верят в технический прогресс.,Today people have more and more faith in technical progress.
5113,При Петре Великом Российская Империя уверенно двигалась к прогрессу.,During the reign of Peter the Great the Russian Empire was steadily moving towards progress.
5114,"Я не фанат велосипедных прогулок, больше люблю гулять пешком.","I'm not a fan of cycling, I like walking more."
5115,Летом мы с коллегами ходили на прогулку в лес и устроили там пикник.,In the summer my colleagues and I went for a walk in the forest and had a picnic here.
5116,Прогулки по парку перед сном стали моей хорошей привычкой.,Walking in the park before going to bed became my good habit.
5117,Укусы насекомых могут вызывать аллергию.,Insect bites can cause an allergic reaction.
5118,Насекомые быстро адаптируются к новым условиям.,Insects can easily adapt to new conditions.
5119,Пчела - самое трудолюбивое насекомое.,The bee is the most hardworking insect.
5120,"В полицейском протоколе говорится, что к жертве применялось физическое насилие. ",The police protocol states that physical abuse has been inflicted upon the victim.
5121,Депутат пытается запретить сцены насилия на телевидении. ,The government official is trying to ban violent scenes on television.
5122,Первый раз в жизни Таня столкнулась с насилием. ,For the first time in her life Tanya experienced violence.
5123,Свой дом они получили в наследство от бабушки.,They inherited their house from their grandmother.
5124,Раньше ремесло часто передавали по наследству от отца к сыну.,In earlier times the craft was often passed on from father to son.
5125,"Этот крест был единственным наследством, доставшимся мне от отца.",This cross was the only thing I inherited from my father.
5126,"Взять пять крупных яблок, очистить их, нарезать тонкими ломтиками. ","Take five big apples, peel them and cut them up in thin slices. "
5127,Я нарезал хлеб и колбасу для бутербродов.,I sliced bread up and sausage for sandwiches.
5128,"В салат добавьте мелко нарезанный лук, соль и перец. ","Add finely chopped onion, salt and pepper to the salad."
5129,Этот водитель всё время нарушает правила дорожного движения.,This driver is constantly violating traffic regulations.
5130,С детства нас учат не нарушать закон.,"From childhood, we are taught not to break the law."
5131,"Бизнесмен богател, не нарушая при этом закон.",The businessman got rich without breaking the law. 
5132,"Насмотрелся я на эту заграницу, больше никуда не поеду","I have seen enough of the world abroad, I'm not going to travel anymore."
5133,"Наши родители в детстве насмотрелись индийских фильмов, поэтому сейчас их не любят. ","Our parents watched too many Indian films during their childhood, so they don't like them anymore."
5134,За годы работы в школе Мария Ивановна насмотрелась всякого.,During the years that she worked in a school Maria Ivanovna saw all kinds of things.
5135,Мои настойчивые попытки дозвониться привели к положительному результату.,My persistent attempts to get through on the phone led to a positive result.
5136,Лишь после настойчивых уговоров девушка согласилась выйти замуж. ,Only after persistent persuasion did the girl agree to get married.
5137,Она была встревожена настойчивым желанием Николая проводить её до дома.,She was scared of Nikolay's persistence on walking her home.
5138,"Вероника зажгла настольную лампу и села, взяв карандаш.","Veronica lit the desk lamp, sat down, and picked up a pencil."
5139,Свет от настольной лампы падал на разбросанные книги и тетради,The light from the desk lamp fell on the scattered books and notebooks
5140,"Эра настольных компьютеров заканчивается, приходит время мобильных устройств. ","The era of desktop computers is ending, the time for mobile devices is coming."
5141,Дети должны вернуться домой до наступления темноты.,The children are supposed to come back home before dark.
5142,С наступлением холодов люди стремятся уехать в тёплые края. ,"When cold weather comes, people tend to travel to warmer places."
5143,Необходимо сообщить о наступлении страхового случая в страховую компанию. ,"When a loss occurs that is covered by insurance, it is necessary to report the event to the insurance company."
5144,Сегодня на уроке мы узнаем свойства натуральных чисел.,In today's lesson we will learn the properties of natural numbers.
5145,Молодых людей сегодня возмущает использование в одежде натурального меха. ,Young people today are outraged by the use of real fur in clothing.
5146,Всё больше людей отдают предпочтение натуральным продуктам. ,More and more people prefer natural products.
5147,Этот натюрморт был написан в начале двадцатого века.,This still life was painted at the beginning of the twentieth century.
5148,В моих наушниках играет джаз.,There is jazz playing in my earphones.
5149,Без наушников Светлана чувствовала себя в толпе неуютно.,"Without her earphones, Svetlana felt uncomfortable in the crowd. "
5150,"Ой, кажется, наушники сломались.","Oops, I think my headphones broke."
5151,"Он умный и находчивый парень, всегда находит выход из любой ситуации","He is a smart and resourceful fellow, he always finds a way out of any situation. "
5152,Находчивые производители всегда удивляют новыми товарами. ,Shrewd manufacturers are always surprising us with new products.
5153,Агрессивный национализм стал проблемой многих стран.,Aggressive nationalism has become a problem in many countries.
5154,Эксперты отмечают рост национализма в странах бывшего СССР.,Experts note the growth of nationalism in the countries of the former USSR.
5155,Сторонников главного украинского националиста Степана Бандеры посадили в тюрьму. ,Supporters of the foremost Ukrainian nationalist Stepan Bandera were sent to prison.
5156,К власти пришла партия с националистическим уклоном. ,A party with a nationalistic bias came to power.
5157,Политики призывают к единству нации.,Politicians call for unity of the nation.
5158,"Жаль, что великая нация не сумела сохранить свои традиции.",It is a pity that this great nation was not able to maintain its traditions.
5159,Государство стремится создать единую нацию.,The state is trying to create a single nation.
5160,Начальник отдела продаж выступил с докладом.,The head of sales department made a presentation.
5161,"Начальника департамента нет в офисе, он в командировке. ","The head of the department is not in the office, he is on a business trip."
5162,Петров стал начальником совсем недавно.,Petrov became the boss just recently.
5163,Ученики выходят из начальной школы с базовыми знаниями по разным предметам. ,Pupils leave primary school with basic knowledge in various subjects.
5164,Учителя начальных классов требуют повышения заработной платы. ,Primary school teachers are demanding higher wages.
5165,На начальном этапе все сотрудники были довольны своими ролями. ,"In the initial stage, all the employees were happy with their roles."
5166,У меня к тебе есть небольшая просьба.,I have a small favor to ask you.
5167,Электросталь ― небольшой промышленный город.,Elektrostal is a small industrial city.
5168,"На сайте авиакомпании произошли небольшие изменения, что привело к ошибкам.","Minor changes were made on the airline’s website, and this led to errors."
5169,"После поражения в игре Виталий шел домой, погружённый в невесёлые мысли.","After losing the game, Vitali went home deep in gloomy thoughts."
5170,При каждом невесёлом воспоминании Тамара начинает плакать. ,"With every sad memory, Tamara begins to cry."
5171,"Несмотря на праздничный костюм, вид у Руслана был невесёлый.","Despite his festive outfit, Ruslan looked unhappy."
5172,"Инна, ты опять допустила ошибку в отчёте - ты такая невнимательная!","Инна, you made a mistake in the report again - you are so careless!"
5173,"У Коли плохие оценки в школе, потому что он невнимателен на уроках. ","Kolya has bad grades in school, because he doesn't pay attention in class."
5174,"Был он невысокий, загорелый, мускулистый и очень активный. ","He was short, tanned, muscular and very active."
5175,Пушкин был невысок ростом.,Pushkin was not tall.
5176,Продукты в нашем магазине отличаются хорошим качеством при невысокой стоимости. ,The products in our shop are of exceptionally good quality at low cost.
5177,"Юра негромким голосом поет под гитару, и все внимательно слушают.","Yura sings in a low voice to the music of the guitar, and everyone listens attentively."
5178,"В пути нам много раз приходилось вспоминать недобрым словом людей, построивших плохие дороги. ",During our journey we often thought ill of the people who built those bad roads. 
5179,"По недоброму выражению глаз Александра мы поняли, что лучше больше не задавать ему вопросов. ","From the unkind expression in Alexander's eyes, we realized that it was better not to ask him any more questions."
5180,"Старый пёс был хитёр и недобр, его никто не любил.","The old dog was sly and mean, no one liked him."
5181,"Молодая пара сняла недорогую, но приличную гостиницу на берегу моря. ",A young couple checked into an inexpensive but decent hotel ar the seashore.
5182,Нам легко принять решение о недорогой покупке.,It is easy for us to make a decision about an inexpensive purchase.
5183,Для выхода из кризиса существует недорогое и надежное решение. ,"To overcome the crisis, there is an inexpensive and reliable solution."
5184,Серьёзный недостаток автомобиля заключается в слишком дорогом обслуживании.,A serious drawback of a car is its expensive maintenance.
5185,Не каждый видит свои слабости и недостатки. ,Not everyone sees their own weaknesses and limitations.
5186,Сто лет назад высокий рост у женщин считался недостатком.,"A hundred years ago, it was considered a disadvantage for a woman to be tall."
5187,От падения нога вывернулась неестественным образом.,The fall caused the leg to twist in an unnatural way.
5188,"Чтобы скрыть шум в соседней комнате, Марина говорила неестественно громко.","To drown out the noise in the next room, Marina spoke unnaturally loudly."
5189,Никите нельзя рассказывать страшные истории - он очень нежный и ранимый мальчик. ,You shouldn't tell scary stories to Nikita - he is a very gentle and vulnerable boy.
5190,У тайских женщин очень нежная кожа и не бывает веснушек.,Thai women have very delicate skin and no freckles.
5191,В церковном хоре дети нежными голосами поют о любви к богу.,Сhildren sing in gentle voices about their love to God in the church choir.
5192,В 1992 году 12 бывших союзных республик образовали Содружество Независимых Государств.,"In 1992, 12 former Soviet republics formed the Commonwealth of Independent States."
5193,Новое изобретение требует проверки независимыми экспертами. ,The new invention requires verification by independent experts.
5194,Александр Смирнов баллотируется как независимый кандидат. ,Alexander Smirnov is running as an independent candidate.
5195,Современным детям неинтересно читать книги о советских временах.,Modern children are not interested in reading books about the Soviet era.
5196,Родителям неинтересны переживания детей.,The parents are not interested in their children's emotions.
5197,Вячеслав мечтает бросить неинтересную работу и стать дизайнером.,Vyacheslav dreams of quitting his boring job and becoming a designer.
5198,"Семён нагло рассматривает немолодую, но красивую женщину.",Semion is staring rudely at a middle-aged but still beautiful woman. 
5199,Неожиданно в дом приезжает полковник американской армии ― немолодой серьёзный мужчина.,"Suddenly, an American army colonel - a middle-aged serious man - arrives at the house."
5200,Министром здравоохранения стала немолодая и очень опытная женщина.,A middle-aged and very experienced woman became the Minister of Health.
5201,Адвокат настаивает на невиновности своего клиента.,The lawyer insists on the innocence of his client.
5202,"Хоть Игорь и считал, что он прав, он не стал настаивать на своём.","Although Igor believed that he was right, he did not insist."
5203,"Врачи настаивали, что Чехову нужно больше отдыхать на море.",Doctors insisted that Chekhov needed more rest at the seashore.
5204,Раньше Алиса ни к кому не чувствовала такой ненависти. ,Alice never felt such hatred towards anyone before.
5205,Военные с ненавистью и презрением смотрят на учёных. ,Military people regard scientists with hatred and contempt.
5206,Ненависть заставляет нас вести себя глупо.,Hatred makes us act stupid.
5207,В искусственном свете ламп всё казалось ненастоящим.,"In the artificial light of the lamps, everything looked fake."
5208,"Мама объяснила сыну, что астролог - ненастоящий учёный. ",Mom explained to her son that an astrologer is a fake scientist.
5209,На сцене театра всё ненастоящее. ,On theater stage everything is unreal. 
5210,"Начальник попросил объяснить, есть ли необходимость в дополнительных расходах. ",The boss asked us to explain whether there is any need for additional costs. 
5211,Денис мечтает купить машину и избавиться от необходимости ездить на автобусе. ,Denis dreams of buying a car and no longer needing to ride the bus.
5212,"Многие компании столкнулись с необходимостью расширения, чтобы остаться на рынке.",Many companies have faced the need to expand in order to remain on the market.
5213,"Чтобы выполнить задание, необходимо чётко следовать инструкциям. ","In order to complete the task, it is necessary to follow the instructions carefully."
5214,Нашей стране необходимы изменения в законодательстве.,Our country needs changes in legislation.
5215,Безопасность автомобиля является необходимым требованием. ,Car safety is a necessary requirement.
5216,"Спасибо, мне очень понравился твой необычный подарок. ","Thank you, I really liked your unusual gift."
5217,На одном из балов император Павел Первый обратил внимание на необычное поведение своей дочери Екатерины.,"At one of the balls, the Emperor Paul the First drew attention to his daughter Catherine's unusual behavior."
5218,Анатолию часто приходят в голову очень необычные идеи.,Anatoliy often comes up with very unusual ideas.
5219,Неожиданное препятствие не повлияло на успешное выполнение задания. ,An unexpected obstacle did not affect the successful completion of the task.
5220,Итог работы для многих оказался неожиданным.,The result of the work turned out to be unexpected for many people.
5221,"Неожиданные повороты судьбы могут испугать, но нужно верить в себя. ","Unexpected twists of fate can be scary, but you need to believe in yourself."
5222,Специалист уехал в командировку на неопределённое время. ,The specialist went on a business trip for an indefinite period of time.
5223,В комнату смело вошла рыжеволосая женщина неопределённых лет.,A red-haired woman of indefinite age boldly entered the room.
5224,Солдаты слушали речь командира с неопределённым выражением лица. ,The soldiers listened to the commander's speech with an uncertain expression on their faces.
5225,У картин художницы Александры есть свой неповторимый стиль.,The paintings of the artist Alexandra have their own unique style.
5226,Радость от проделанной работы - неповторимое чувство.,The joy of the work that is completed is a unique feeling.
5227,Ученики лицея считают себя единственными и неповторимыми. ,The students at the vocational school consider themselves to be special and unique.
5228,Кошки не обращают внимание на неподвижные объекты.,Cats do not pay attention to stationary objects.
5229,"Алиса попыталась оттолкнуть охранников, но они остались неподвижны. ","Alice tried to push the guards away, but they remained motionless."
5230,"Хоть вода в реке и казалась неподвижной, Игорь знал, что течение сильное. ","Although the water in the river seemed motionless, Igor knew that the current was strong."
5231,Это неправда! - закричал Валера в ответ на обвинения учителя.,It is not true! - shouted Valera in response to the teacher’s accusations.
5232,"Детектив должен понять, кто из подозреваемых говорит неправду. ",The detective must figure out which one of the suspects is lying.
5233,"Состояние беспомощности, в котором оказалась Даша, было ей неприятно. ",The state of helplessness in which Dasha found herself was unpleasant for her.
5234,"Елена испытала неприятное чувство невесомости, когда лифт поехал вниз. ",Elena experienced an unpleasant feeling of weightlessness when the elevator went down.
5235,Нарушение правил безопасности грозит неприятными последствиями. ,There are unpleasant consequences for violation of the safety rules.
5236,Из-за плохого настроения Анна вчера была неразговорчива.,"Because she was in a bad mood, Anna was not talkative yesterday."
5237,"Коллеги решили, что откладывать решение проблемы на завтра было бы несерьёзно.",Our colleagues decided that it was unrealistic to put off solving the problem until tomorrow.
5238,Адвокаты стараются придать делу несерьезную окраску.,The lawyers are trying to make the case look insubstantial.
5239,Самой несерьёзной ученицы опять нет в классе. ,The laziest student did not come to class again.
5240,"Закаты на Урале так же прекрасны, как восходы в Альпах. ",Sunsets in the Urals are as beautiful as sunrises in the Alps.
5241,"Завтра восход солнца будет чуть позже, чем сегодня. ",Tomorrow sunrise will be a bit later than today.
5242,Из толпы раздались первые несмелые голоса. ,The first timid voices were heard from the crowd.
5243,Приезжие нередко сталкиваются с чудовищной социальной несправедливостью. ,Newcomers often encounter terrible social injustice.
5244,Маша заплакала от зависти и острого чувства несправедливости.,Мasha cried because of envy and an acute feeling of injustice.
5245,"Жители страны недовольны, потому что чувствуют обман и несправедливость.",The country's inhabitants are dissatisfied because they perceive deception and injustice.
5246,"Если обвинение окажется несправедливым, оно будет снято. ","If the accusation is unfair, it will be dropped."
5247,"Убеждение, что в Америке плохое образование, несправедливо. ",The belief that America has bad education is unfair.
5248,В некоторых регионах до сих пор действуют несправедливые ограничения для женщин. ,"In some regions, unfair restrictions on women still apply."
5249,Артём неуверенно произнёс первую строчку стихотворения и замолчал. ,Artyom recited the first line of the poem with difficulty and then fell silent.
5250,Артур - очень неуверенный в себе молодой человек. ,Arthur is a very insecure young man.
5251,"На лице Пети появилась неуверенная улыбка, когда он увидел старого друга. ",An indecisive smile appeared on Petya's face when he saw his old friend.
5252,Переговоры между странами окончились неудачей. ,Negotiations between the countries ended in failure.
5253,"Саша не занимается бизнесом, потому что боится потерпеть неудачу. ",Sasha is not running a business because he is afraid of failure.
5254,Полоса неудач наших спортсменов наконец-то закончилась. ,Our athletes have finally ended their losing streak.
5255,Любой опыт может оказаться удачным или неудачным. ,Any experiment may turn out to be successful or unsuccessful.
5256,Первые пять попыток были неудачными. ,The first five attempts were unsuccessful.
5257,Оксана расплакалась из-за неудачной шутки брата. ,Oksana burst into tears because of her brother’s unfortunate joke.
5258,Из аэропорта неудобно добираться до центра города. ,Getting to the city center from the airport is inconvenient.
5259,На пресс-конференции политику задали несколько неудобных вопросов. ,"At the press conference, the politician was asked a few uncomfortable questions."
5260,Фотограф заставил Лену застыть в неудобной позе. ,The photographer made Lena freeze in an uncomfortable position.
5261,Лиза не сделала домашнее задание и получила неудовлетворительную оценку. ,Lisa did not do her homework and received a poor grade.
5262,Проверка признала неудовлетворительным уровень услуг в гостинице. ,The inspection declared the level of hotel services to be unsatisfactory.
5263,Комиссия обнаружила неудовлетворительные результаты строительных работ. ,The commission discovered unsatisfactory outcomes in the construction projects.
5264,По нечётным дням врач работает во вторую смену. ,On odd-numbered days the doctor works the second shift.
5265,Страной управляют нечистые на руку политики и бизнесмены.,The country is governed by thieving politicians and businessmen. 
5266,"Только нечистый на руку работник банка знает, почему часть клиентов не получила свои деньги. ",Only the dishonest bank worker knows why some clients didn't receive their money. 
5267,"В деревне верили, что старая крестьянка общается с нечистой силой. ",In the village they believed that the old peasant woman was communicating with evil spirits.
5268,Бабушка попросила внука продеть нитку в иголку. ,The grandmother asked her grandson to thread a needle.
5269,Не забудь купить катушку белых ниток.,Don't forget to buy a spool of white thread.
5270,"Дочка нашла коробку, в которой мама хранила нитки, иголки и пуговицы. ","The daughter found a box in which her mother kept thread, needles, and buttons."
5271,В конце двадцатого века многие жили на грани нищеты.,"At the end of the twentieth century, many people were living on the brink of poverty."
5272,"Голод, унижения и нищета ждут тех, кто решил вернуться в наш маленький город.","Hunger, humiliation and poverty await those who have decided to return to our little city."
5273,"Путешествуя по далёким краям, Валентина везде видела горе и нищету. ","When traveling to distant lands, Valentina saw grief and poverty everywhere."
5274,У входа в церковь всегда собираются нищие.,Beggars always gather near the entrance to the church.
5275,На привокзальной площади Дима часто видит нищих и алкоголиков.,Dima often sees beggars and alcoholics out in front of the railway station.
5276,Степан боялся стать нищим.,Stepan was afraid of becoming poor.
5277,Миша всегда был в курсе всех технических новинок.,Misha has always been up to date with all the latest technical innovations.
5278,Дизайн новинки поражает простотой и практичностью.,The design of the new product is striking in its simplicity and practicality.
5279,"Мой телефон мне нравится, хоть он и не новинка на рынке смартфонов. ","I like my phone, although it is not the latest on the smartphone market."
5280,Наташа красит ногти синим лаком.,Natasha paints her nails with blue nail polish. 
5281,Полина поскребла ногтем засохшее пятно краски. ,Polina scratched at a dried paint spot with her fingernail.
5282,"Вика так крепко сжала кулак, что на руке остались следы от ногтей. ",Vika clenched her fist so tightly that there were marks from her nails on her hand.
5283,В его рюкзаке всегда есть складной ножик. ,He always has a pocket knife in his backpack.
5284,Маленький мальчик капризничает и топает ножками. ,The little boy is acting up and stomping his little feet. 
5285,Гости переглянулись - на столе осталась последняя куриная ножка.,The guests looked at each other -- there was one chicken leg left on the table.
5286,Бубликов смотрел на стройные ножки коллеги и не мог сосредоточиться на работе.,Bublikov looked at slender legs of his colleague and could not concentrate on his work.
5287,Девочка сидела тихо и вырезала маникюрными ножницами снежинки из бумаги. ,The girl sat quietly and cut out paper snowflakes using nail scissors.
5288,"Портной не может начать работу, потому что потерял свои ножницы.",The tailor cannot set about his work because he has lost his scissors.
5289,Мы не сможем открыть эту коробку без ножниц.,We won't be able to open this box without scissors.
5290,Работник театра забрал у посетителя пальто и дал ему номерок. ,The theatre employee took the visitor's coat and gave him a cloak-room ticket. 
5291,В биатлоне норвежцам нет равных.,In the biathlon there is no match for the Norwegians.
5292,Среди норвежцев оказался шпион.,There was a spy among the Norwegians.
5293,Постоянные замечания начальника не дают нормально работать. ,The boss's endless criticism makes it impossible to work normally.
5294,"Не звони мне, нормальные люди в это время уже спят.","Don't call me, normal people are asleep at this time."
5295,Нормальный человек не станет рисковать жизнью без повода. ,A normal person will not risk his life for no reason.
5296,Перевод документов нужно заверить у нотариуса.,The translation of documents must be certified by a notary.
5297,"Инга ненавидела школу, но училась хорошо и не пропускала занятия. ","Inga hated school, but studied well and did not skip classes."
5298,"Многие русские считают, что иностранцы нас ненавидят.",Many Russians believe that foreigners hate us.
5299,"Ненавижу свою фотографию в паспорте, она такая неудачная!","I hate the photo in my passport, it is so unflattering!"
5300,Задача православия - передача духовных и нравственных ценностей из поколения в поколения. ,The task of Orthodox Christianity is to pass on spiritual and moral values from generation to generation.
5301,Молодые люди должны хранить нравственную чистоту.,Young people must preserve their moral purity.
5302,Священник озабочен проблемой нравственного состояния общества. ,The priest is concerned about the problem of society's moral condition.
5303,Дине так надоела её нудная и тяжелая работа.,Dina is so fed up her tedious and difficult job.
5304,Никому не посоветую этот нудный фильм. ,I won't recommend this boring movie to anyone.
5305,По вечерам отец и сын вели бесконечные нудные разговоры о политике.,In the evenings father and son had endless tedious conversations about politics.
5306,Василий сильно нервничал перед выступлением.,Vasily was very nervous before the performance.
5307,"Студентка вышла на сцену, заметно нервничая и спотыкаясь. ",The student walked out on stage obviously nervous and stumbling.
5308,"В начале съёмок актриса очень нервничала, но потом привыкла к камере.","At the beginning of the filming the actress was very nervous, but then she got used to the camera."
5309,"Олег понимал, что шансы победить в соревновании у него нулевые, но всё равно старался.","Oleg understood that he had zero chances to win the competition, but he tried his best anyway."
5310,Отклонение от нулевого значения можно считать незначительным.,The deviation from the zero value can be considered insignificant.
5311,К концу нулевых цены на жильё достигли своего пика. ,"By the end of the 2000s, housing prices reached their peak."
5312,Фаворитами нынешнего сезона являются сборные Казахстана и Кубы.,The favorites of the current season are the national teams of Kazakhstan and Cuba.
5313,Нынешний президент вызывает недовольство у многих жителей страны.,The current president is causing discontent among many of the country's inhabitants.
5314,На нынешнем этапе развития техники невозможно заменить человека роботом.,At the current stage of technological development it is impossible to replace a human with a robot.
5315,"Летом многие туристы охотнее ночуют на улице в палатках, чем в гостинице. ","In summer, many tourists prefer to spend the night in tents outside rather than in a hotel."
5316,"Проект оказался таким сложным, что многие сотрудники неделями ночевали на работе. ",The project turned out to be so complicated that for weeks many employees spent the night at work.
5317,Наш сын вырос и теперь редко ночует дома.,Our son has grown up and now rarely spends the night at home.
5318,Моё экзотическое растение нуждается в постоянном уходе.,My exotic plant needs constant care.
5319,Малые регионы нуждаются в поддержке государства.,Small regions need state support.
5320,"Михаил обещал Карине, что она станет знаменитой певицей и ни в чём не будет нуждаться.",Michael promised Karina that she would become a famous singer and would not lack anything.
5321,"Слава разбежался и, задержав дыхание, нырнул в холодную воду.","Slava ran up, held his breath, and dove into the cold water."
5322,Преступники оглянулись и незаметно нырнули в подворотню.,The criminals looked around and inconspicuously ducked into a backstreet.
5323,"Родители много работают, поэтому им пришлось нанять няню. ","The parents work a lot, that's why they had to hire a nanny. "
5324,Здесь нельзя глубоко нырять - под водой сильное течение. ,You can't dive deep here - there is strong current under water.
5325,Из-за кустов Егор не видел ныряющей в реку спортсменки.,Because of the bushes Egor did not see the athlete diving into the river.
5326,Пингвины ныряют на глубину до четырёхсот метров.,Penguins dive to a depth of up to 400 meters.
5327,В молодости Сергей был довольно обаятельным парнем. ,In his youth Sergey was a pretty charming guy.
5328,Кристина всегда мечтала быть самой обаятельной и привлекательной. ,Christina has always dreamed of being the most charming and attractive one.
5329,"Все говорят, что Станислав - обаятельный и остроумный мужчина. ",Everyone says that Stanislav is a charming and witty man.
5330,"Иннокентий Геннадьевич уже на пенсии, но он очень молодо выглядит.","Innokenty Gennadievich is already retired, but he looks very young."
5331,Даже два одинаковых рисунка в разном освещении выглядят по-разному.,Even two identical pictures look different in different light.
5332,"Чтобы хорошо выглядеть, нужно пить много воды. ","In order to look good, you need to drink plenty of water."
5333,Бездомные дети начинают пить алкоголь и нюхать клей. ,Homeless children start drinking alcohol and sniffing glue.
5334,"Волк напряжённо нюхал воздух, но не убегал. ","The wolf sniffed the air intensely, but did not run away."
5335,Динаре предъявлены обвинения в воровстве. ,Dinara has been charged with theft.
5336,Гулину предъявили обвинение в покушении на убийство.,Gulin was charged with attempted murder.
5337,Азаркову пришлось покинуть страну из-за политических обвинений.,Azarkov had to leave the country because of political allegations.
5338,При таком планировании банк может обанкротиться.,"With this kind of planning, the bank may go bankrupt."
5339,Володя очень хитрый и может кого угодно обвести вокруг пальца. ,Volodya is very sly and can hoodwink anyone.
5340,"Мой дом обведён в кружок на карте, которую я тебе дал. ",My house is circled on the map I gave you.
5341,"Обведя взглядом класс, учитель заметил, что Семёнова снова нет.","Looking around the class, the teacher noticed that Semyonov was missing again."
5342,Голунова обвиняют в хранении наркотиков.,Golunov is accused of possession of narcotics.
5343,После ссоры коллеги стали обвинять друг друга в воровстве.,"After the quarrel, the co-workers began to accuse each other of theft."
5344,"Протестующие вышли на улицы, обвиняя правительство в халатности.","Protesters took to the streets, accusing the government of negligence."
5345,"Как и люди, обезьяны понимают жесты друг друга. ","Just like people, apes understand each other's gestures."
5346,"Считается, что люди произошли от обезьян. ",It is believed that humans descended from monkeys.
5347,"Малыш Павлик мечтает жить на дереве, как обезьяна. ",Little Pavel dreams of living in a tree like a monkey.
5348,Правилами запрещено обгонять по правой полосе дороги.,It is against the rules to pass in the right lane of the road.
5349,Алексей никогда не выполняет свои обещания.,Alexey never fulfills his promises.
5350,Президент пытается сдержать своё предвыборное обещание.,The president is trying to keep his campaign promise.
5351,Новые правители забывают об обещаниях предыдущих. ,New political bosses forget about promises of the old ones. 
5352,Аркадий сел и стал обдумывать своё тяжёлое положение. ,Arkady sat down and began to contemplate his difficult situation.
5353,Валерий и Борис долго обдумывали слова учителя. ,Valery and Boris pondered the teacher’s words for a long time.
5354,Ведущий представил краткий обзор новостей.,The newscaster presented a short overview of the news.
5355,"В обзоре рынка отмечается, что уровень безработицы снизился.","In the market review, it is shown that the level of unemployment has decreased."
5356,Во всех литературных обзорах новую книгу Пелевина называют бестселлером.,In all the literary reviews Pelevin's new book is called a bestseller.
5357,Вадим чуть не заплакал от обиды.,Vadim almost wept from hurt feelings.
5358,"Супруги расстались мирно, без мелочных обид.","The couple parted peacefully, without petty insults."
5359,Виктор не смог ответить на оскорбление и затаил обиду. ,Victor could not return the insult and harbored a grudge.
5360,"Виталию очень обидно, что он не попал в команду. ",Vitaly is very upset that he did not get on the team.
5361,Дети часто дают друг другу обидные клички.,Children often give each other cruel nicknames.
5362,"Вам не кажется, что это очень обидное прозвище? ",Don't you think it's a very offensive nickname?
5363,"Глеб очень обидчивый, но не злопамятный.","Gleb is very touchy, but not vindictive."
5364,В этом году обладателем премии по литературе стал малоизвестный писатель.,"This year, the winner of the literature prize was a little-known writer."
5365,Мэр поздравил обладателей премии и пожелал им дальнейших творческих успехов.,The mayor congratulated the winners of the award and wished them further creative success.
5366,Счастливый обладатель премии Оскар становится знаменит во всем мире.,The lucky winner of an Oscar becomes famous all over the world.
5367,Депутаты Архангельской областной думы увеличили свою зарплату.,The deputies of the Arkhangelsk Regional Duma raised their own salaries.
5368,Деньги на ремонт школы выделены из областного бюджета.,Money for school repairs were allocated from the regional budget.
5369,Областные власти приняли программу по поддержке школ.,The regional authorities have adopted a program to support the schools.
5370,Небо стало облачным и серым.,The sky became cloudy and gray.
5371,Полиция обеспечивает безопасность на митинге.,The police are charge of security at the rally.
5372,Витамины и масла в креме обеспечивают защиту от морщин.,Vitamins and oils in the cream provide protection against wrinkles.
5373,"Владимир должен много зарабатывать, чтобы обеспечивать семью.",Vladimir needs to earn a lot in order to provide for his family.
5374,Григорий мечтал увидеть свое фото на обложке журнала. ,Gregory dreamed of seeing his photo on the cover of a magazine.
5375,На ярмарке продаются книги в ярких обложках. ,At the market they sell books with colorful covers.
5376,"Даже не взглянув на обложку, Дима сразу убрал книгу в шкаф.","Without even looking at the cover, Dima immediately put the book away in the cabinet."
5377,В результате проверки обман был раскрыт.,Fraud was discovered as the result of an audit.
5378,Мошенники обманом заставили пенсионера подписать документ о продаже квартиры.,Swindlers tricked the pensioner into signing a document confirming the sale of the apartment.
5379,"В нашем магазине всё честно, без обмана. ","In our store, everything is honest, no scams."
5380,Новое изобретение существенно облегчает работу предприятия.,The new invention makes the work of the enterprise considerably easier.
5381,"Древние люди изобрели колесо, облегчающее перемещение тяжелых предметов.","In antiquity people invented the wheel, which makes it easier to move heavy objects."
5382,"В магазине установлено много оборудования, облегчающего работу продавцов.",The store has a lot of equipment that makes the work of salespeople easier.
5383,"Варенье очень вкусное, - сказал Женя, облизывая ложку.","“The jam is very tasty,” said Zhenya, licking the spoon."
5384,"Доев мороженое, дети довольно облизывают пальцы.","Having finished their ice cream, the children are happily licking their fingers."
5385,Егор облизывает пересохшие губы - он очень хочет пить.,Yegor licks his dry lips - he is very thirsty.
5386,Я не хотел её обманывать - это получилось случайно.,I did not want to deceive her - it happened by accident.
5387,"Нас столько лет обманывали, а мы этого не понимали.","We were being deceived for so many years, but we did not realize it."
5388,Ваша дочь обманывает учителей и прогуливает школу.,Your daughter is lying to the teachers and skipping school.
5389,"Иван заработал немного денег на бирже, обменивая доллары на рубли.","Ivan made some money on the stock exchange, changing dollars for rubles."
5390,В голодное время мама обменивала свои платья на продукты.,In times of famine mother exchanged her dresses for groceries.
5391,"Когда Игорь узнал о рождении сына, он чуть не упал в обморок от счастья.","When Igor found out about the birth of his son, he almost fainted with happiness."
5392,Частые обмороки приводят к нарушению работы мозга.,Frequent fainting leads to disruption of brain function.
5393,Дети во дворе обменивались игрушками и книгами.,The children in our courtyard exchanged toys and books.
5394,Мои сёстры часто обмениваются вещами.,My sisters often swap things.
5395,Смартфоны позволяют людям обмениваться информацией в любом месте и в любое время.,Smartphones allow people to exchange information anywhere and anytime.
5396,"Илья мечтал обменять квартиру на окраине города на комнату в центре, но никто не соглашался.","Ilya dreamed of exchanging his apartment on the outskirts of the city for a room in the city center, but no one would agree to the deal."
5397,Сегодня  состоялся обмен пленными: иранский генерал обменян на французского певца.,"Today, an exchange of prisoners took place: the Iranian general was exchanged for a French singer."
5398,Через несколько лет мы обменяли свою большую комнату на двухкомнатную квартиру.,A few years later we exchanged our large room for a two-room apartment.
5399,Качество автомобиля не соответствует его цене.,The quality of the car does not match its price.
5400,Ваши слова обо мне не соответствуют действительности. ,Your words about me do not correspond to reality.
5401,Дети стремятся соответствовать ожиданиям родителей.,Children strive to meet the expectations of their parents.
5402,Доклад профессора является обобщением его практического опыта.,The professor's report is a summary of his practical experience.
5403,Склонный к обобщениям философ не увидел разницы между ситуациями.,The philosopher who was inclined to generalizations did not see any difference between the situations.
5404,Аналитики разрабатывают методы обобщения информации.,Analysts are developing methods for summarizing information.
5405,Успех вашего бизнеса зависит только от вас.,The success of your business depends only on you.
5406,Я не хочу ни от кого зависеть. ,I do not want to depend on anyone.
5407,До восемнадцати лет дети зависят от своих родителей.,Until they are eighteen years old children depend on their parents.
5408,Все читают новую статью спортивного обозревателя Уткина.,Everyone is reading a new article by the sports columnist Utkin.
5409,"Главный архитектор Санкт-Петербурга дал интервью обозревателю газеты ""Известия"". ",The chief architect of St. Petersburg gave an interview to a correspondent for the Izvestia newspaper.
5410,"Экономический обозреватель Би-би-си полагает, что финансовый кризис ещё впереди. ",The BBC economic analyst believes there is a financial crisis yet to come.
5411,"Кирилл поселился в небольшой комнате, оклеенной старенькими обоями. ",Kyrill moved into a small room covered with old wallpaper.
5412,"В квартире многое изменилось - поклеены новые обои, потолок покрашен. ","A lot has changed in the apartment - new wallpaper has been put up, the ceiling has been painted."
5413,Мрачная картина выделяется на фоне светлых обоев в цветочек. ,The dark painting stands out against the background of light floral wallpaper.
5414,Мнение министра обороны в вопросах финансирования является решающим.,The Minister of Defense’s opinion on financial matters is decisive.
5415,Наши футболисты прорвали оборону соперника и устремились вперед. ,Our soccer players broke through the defenses of the opponent and rushed forward.
5416,Оборона страны - наша приоритетная задача. ,Defense of the country is our priority.
5417,"Отчёты должны быть предоставлены юридическими лицами, в том числе их обособленными подразделениями. ","Reports must be provided by legal entities, including their separate divisions."
5418,Дипломаты боятся нового обострения в отношениях двух стран. ,Diplomats fear new aggravation in relations between the two countries.
5419,В последнее время началось обострение протестных движений.,Protest movements have started intensifying lately.
5420,Курение ведёт к обострению многих хронических заболеваний. ,Smoking aggravates many chronic diseases.
5421,Партнёры по бизнесу обменялись приветствиями. ,The business partners exchanged greetings.
5422,"Обменявшись рукопожатиями, участники встречи приступили к переговорам.","Having exchanged handshakes, the meeting participants began negotiations."
5423,Костя обменялся учебниками с соседом по парте. ,Kostya exchanged textbooks with the person in the next seat.
5424,Мама ласково обнимает сына.,Mom gently hugs her son.
5425,"Катерина плакала, обнимая брата и целуя его холодное лицо.","Katerina cried, hugging her brother and kissing his cold face."
5426,"Никто не обнимал Оксану так, как Леонид. ",No one hugged Oksana like Leonid did.
5427,В данной ситуации не обойтись без обращения в суд. ,In this situation one cannot avoid going to court.
5428,Неосторожное обращение с огнём часто становится причиной пожаров.,Careless handling of flames often causes fires.
5429,Наибольшее число обращений к врачам связано с обморожениями.,Frostbite is the reason for the greatest number of doctors visits.
5430,"Пожалуйста, оцените качество обслуживания в нашем магазине. ",Please rate the quality of service in our store.
5431,Компании сокращают расходы на техническое обслуживание оборудования.,Companies are cutting back on expenditures for technical maintenence of equipment.
5432,Максим работает специалистом по обслуживанию и ремонту автомобилей.,Maxim works as a specialist in car maintenance and repair.
5433,Напряженная политическая обстановка мешает международному бизнесу.,The tense political situation disrupts international business.
5434,"Михаил Степанович глупо шутил, пытаясь разрядить обстановку в кабинете. ","Mikhail Stepanovich made stupid jokes, trying to defuse the situation in the office."
5435,Давайте встретимся после работы и обсудим проблему в неформальной обстановке.,Let's meet after work and discuss the problem in an informal setting.
5436,Важное обстоятельство помешало Никите прийти на встречу.,A serious situation prevented Nikita from attending the meeting.
5437,Полиция приступила к расследованию обстоятельств катастрофы.,The police began to investigate the circumstances of the disaster.
5438,Хороший судья остается неподкупным при любых обстоятельствах.,A good judge remains uncorrupted under any circumstaces. 
5439,Пользователь должен регулярно обновлять операционную систему. ,The user must regularly update the operating system.
5440,Знаменитости обновляют гардероб несколько раз в год.,Celebrities refresh their wardrobe several times a year.
5441,Большевики верили в обновляющую силу революции.,The Bolsheviks believed in the renewing power of the revolution.
5442,Жителям больших городов не хватает общения.,Residents of big cities suffer from a lack of human interaction.
5443,Дружеское общение важно для укрепления отношений в команде.,Friendly communication is important to strengthen relationships in a team.
5444,Константин Игоревич - очень приятный в общении человек. ,Konstantin Igorevich is a very pleasant person to communicate with.
5445,"Павел Фёдорович не был общительным человеком, но и одиночество он не любил.","Pavel Fedorovich was not a sociable person, but he did not like solitude either."
5446,"Ты слишком общительный, это мешает работе. ","You are too sociable, it interferes with your work."
5447,Местные жители общительны и дружелюбны.,The locals are sociable and friendly.
5448,"Обобщая всё сказанное выше, нужно отметить главное. ","Summarizing all of the above, the main point should be noted."
5449,Люди любят всё обобщать. ,People like to generalize everything.
5450,Наша последняя статья является обобщающим выводом для всей нашей работы. ,Our last article is a summary conclusion of all our work.
5451,Победа невозможна без объединения сил всех участников. ,Victory is impossible without an alliance of the forces of all participants.
5452,Объединение Германии стало важным событием в жизни страны.,The unification of Germany was an important event in the life of the country.
5453,За последний год в стране создано более тысячи религиозных объединений.,"Over the past year, more than a thousand religious associations have been created in the country."
5454,"Обожаю этого актёра, он такой красивый!","I adore this actor, he is so handsome."
5455,Пациенты обожают новую медсестру Алексееву,The patients adore the new nurse Alekseeva. 
5456,Василиса всегда обожала путешествовать.,Vasilisa always loved to travel.
5457,Осенью обостряются многие хронические заболевания. ,During the fall many chronic diseases become more acute.
5458,Конкуренция между московскими фирмами обостряется с каждым годом.,Competition between companies in Moscow escalates every year.
5459,Низкие результаты студентов вызваны объективными проблемами: нехваткой времени и денег.,Poor results among students are caused by objective problems: lack of time and money.
5460,На поведение участников эксперимента влияет ряд объективных факторов. ,A number of objective factors affect the behavior of participants in the experiment.
5461,По объективным причинам наша компания не сможет победить в конкурсе.,"For objective reasons, our company will not be able to win the competition."
5462,"Парк, скамейки и дорожки образуют единое пространство для отдыха жителей района. ","The park, benches and alleys form a shared space for the recreation of district residents."
5463,Не каждая последовательность букв образует слово. ,Not every sequence of letters forms a word.
5464,"Свет падал на его серебряные волосы, образуя нимб вокруг его головы.","Light fell on his silvery hair, forming a halo around his head."
5465,В пять лет дети уже могут образовывать сложные предложения. ,At five years old children can already form complex sentences.
5466,"Образовывать людей необходимо, но это получится только когда у них есть еда, вода, чистый воздух.","It’s necessary to educate people, but it’s only possible when they have food, water and clean air."
5467,"Деревья образовывали аллею, ведущую к дому.",The trees formed an alley leading to the house.
5468,"Сотрудник уволен, потому что он не выполняет свои обязанности.",The employee was fired because he is not fulfilling his duties.
5469,"Я не буду выполнять работу, которая не входит в круг моих обязанностей. ",I will not do any work which is not part of my responsibility.
5470,Генерал не справился со своими прямыми обязанностями и должен уйти на пенсию.,The general could not cope with his direct responsibilities and must retire.
5471,В новом районе я стал больше общаться с соседями.,In the new district I started communicating more with my neighbors.
5472,Во время поездки студенты много общались с иностранцами. ,"During the trip, the students communicated a lot with foreigners."
5473,Колобков общался с журналистами дружелюбно и открыто. ,Kolobkov communicated with journalists in a friendly and open way.
5474,"Учёные объединяются в научные школы, чтобы развивать свои теории. ",Scientists join collective schools of thought in order to develop their theories.
5475,Нам нужно объединяться в профсоюзы для защиты наших интересов.,We need to unite into trade unions in order to protect our interests.
5476,"Объединяясь в группы и движения, экологические активисты рассказывают про защиту окружающей среды. ","Uniting in groups and movements, ecology activists talk about environment protection."
5477,Многие пенсионеры выращивают на своём огороде овощи на продажу.,Many retired citizens grow vegetables for sale in their gardens.
5478,Моя мама всегда мечтала иметь свой собственный огород. ,My mother always dreamed of having her own vegetable patch.
5479,Огурцы с бабушкиного огорода всегда самые вкусные!,The cucumbers from grandmother's vegetable patch always taste best.
5480,"Улицу Ленина закрыли на ремонт, до конца лета нам придётся её объезжать.","Lenin street has been closed for repairs, so we will have to take a detour until the end of the summer."
5481,"Это судно класса ""река-море"", оно имеет ограничения для плавания по морям.","This vessel has ""river-see"" certification, it has limitations on sailing on the sea. "
5482,На этой дороге действует ограничение скорости - тридцать километров в час.,This road has a speed limit of thirty kilometers per hour.
5483,С новым тарифом я могу звонить тебе без ограничений. ,"With the new rate scale, I can call you without limitations."
5484,Знаменитая певица объехала с гастролями весь мир. ,The famous singer travelled around the whole world on tour.
5485,"Везёт тебе, у тебя всё получается с первого раза. ","Lucky you, you always succeed at everything on the first try."
5486,"Инга очень хотела уснуть, но у неё долго не получалось. ","Inga really wanted to get to sleep, but she couldn't do it for a long time."
5487,"Сначала будет тяжело, но потом начнёт получаться.","At first it will be hard, but then it will start to turn out right."
5488,Дай мне немного своего одеколону. ,Give me some of your cologne.
5489,"Я не буду сидеть рядом с Николаем, он использует слишком много одеколона.","I will not sit next to Nikolai, he uses too much cologne."
5490,"Степан вернулся с войны хромой и почти оглохший, но продолжил работать. ","Stepan returned from the war lame and almost deaf, but continued to work."
5491,"Оглохшему от взрывов Тимуру показалось, что битва кончилась, но он ошибся.","Timur who was deafened by the explosions thought that the battle was over, but he was mistaken."
5492,"Они не слышали друг друга, оглохнув от шума самолётов. ","They could not hear each other, deafened by noise of the airplanes."
5493,"Я всегда сплю под толстым одеялом, даже летом. ","I always sleep under a thick blanket, even in winter."
5494,Оля дрожала от холода и куталась в одеяло. ,Olya trembled from cold and wrapped herself in a blanket.
5495,Я часто сплю без одеяла. ,I often sleep without a blanket.
5496,"Филипп - одинокий отец, ему нужна помощь. ","Fillip is a single father, he needs help."
5497,Из одинокой и грустной девочки Алиса превратилась в очаровательную популярную женщину. ,"From a lonely and sad girl, Alice turned into a charming popular woman."
5498,"Я так одинок сейчас, что хочу умереть. ",I am so lonely now that I want to die.
5499,Новогодняя вечеринка - лучшее средство от одиночества.,A New Year's party is the best medicine for loneliness. 
5500,Я не хочу встречать старость в одиночестве. ,I do not want to deal with old age alone.
5501,"Тех, кто не похож на других, ждёт постоянное одиночество.",Constant loneliness awaits those who are not like the others.
5502,Жильцы общежития обязаны предупреждать администрацию об однократных визитах гостей.,Residents of the dormitory are obliged to inform the administration about every single guest visit.
5503,За однократный въезд в страну без визы вам придётся заплатить лишь небольшой штраф.,For a single entry into the country without a visa you must pay just a small fee.
5504,Из холла гостиницы мы попали в коридор с одноместными комнатами.,From the hotel lobby we entered a corridor with single rooms.
5505,Однообразный вид из окна поезда навевает тоску. ,The monotonous view from the train's window makes you sad.
5506,"Однообразные задания не подходят нашим детям, из-за них им становится скучно в школе.","Monotonous tasks are not suitable for our childrem, they make them bored at school."
5507,"Он считал, что ему нечего было рассказывать о своей скучной и однообразной жизни.",He felt that he had nothing to tell about his boring and monotonous life.
5508,Экологи призывают отказаться от одноразового использования вещами.,Environmentalists are encouraging people to stop using single-use items.
5509,"Раствор должен получиться однородным, без комочков.","The mixture should be smooth, without lumps."
5510,Взбейте муку и яйца в однородную массу.,Beat flour and eggs into a homogeneous mass.
5511,Для украшения сада нам нужен однородный мелкий песок. ,"To decorate the garden, we need smooth fine sand."
5512,"Карина попрощалась и ушла, не оглядываясь.",Karina said goodbye and left without looking back.
5513,Туристы стояли на вокзале и пугливо оглядывались по сторонам. ,The tourists stood at the train station and looked around in fear.
5514,"Ксения - очень красивая женщина, мужчины всегда оглядываются ей вслед. ","Ksenia is a beautiful woman, men always turn to look at her."
5515,Мальчик принёс маме с прогулки букет из одуванчиков. ,The boy brought his mother a bouquet of dandelions from the walk.
5516,Время ожидания в очереди не превышает десяти минут. ,Waiting time in the line does not exceed ten minutes.
5517,Солдаты замерли в ожидании новых приказов. ,The soldiers held still waiting for new orders. 
5518,"Все с ожиданием смотрели на Лидию, но она больше ничего не сказала.","Everyone looked at Lydia in expectation, but she said nothing more."
5519,После пожара на руках Олега остались следы от ожогов. ,After the fire there were burn marks on Oleg’s hands
5520,Всё чаще хочется оглянуться назад и вернуться в молодость.,Ever more often one wants to look back and return to one's youth.
5521,"Выйдя за ворота, я оглянулся на нашу дачу.","On my way out of the gate, I looked back at our cottage."
5522,"Оглянувшись, Миша заметил, что Эдуард и Женя бегут за ним.","Looking around, Misha noticed that Edward and Zhenya were running after him."
5523,"Не ходи вечером через парк, там тебя могут ограбить. ","Do not walk through the park in the evening, you could get robbed there."
5524,В октябре банда ограбила больше десяти квартир. ,In October the gang robbed more than ten apartments.
5525,"Не волнуйся, здесь тебя не ограбят.","Don’t worry, you won't get robbed here."
5526,Новый закон ограничивает свободу граждан.,The new law restricts the freedom of citizens.
5527,Мать не хочет ни в чём ограничивать своего сына.,The mother does not want to limit her son in any way.
5528,Государства ограничивают импорт из Ирана по политическим причинам.,Countries are restricting imports from Iran for political reasons.
5529,"Купи в магазине копчёный окорок, у нас гости. ","Buy a smoked ham in the store, we're having guests."
5530,"Собака принесла кость - всё, что осталось от окорока. ",The dog brought a bone - that was all that was left of the ham.
5531,Путешественники остановились на окраине города. ,The travelers stopped on the outskirts of the city.
5532,На окраинах Москвы строится много новых районов.,A lot of new new districts are being built on the outskirts of Moscow.
5533,Макс - обычный парень с окраины Твери.,Max is an ordinary guy from the outskirts of Tver.
5534,Окрошка - любимый летний суп многих россиян. ,Okroshka is a favorite summer soup of many Russians.
5535,Ученики всех школ нашего округа каждый год проводят экскурсии в столицу.,Pupils from all the schools in our district go on excursions to the capital every year.
5536,В Сибирском федеральном округе сохраняется высокий уровень безработицы.,In the Siberian Federal District there is a high level of unemployment.
5537,Во многих округах Москвы проходят встречи кандидатов с молодёжью. ,In many districts of Moscow they are holding meetings of candidates with youth.
5538,Применение пластика в пищевой промышленности постепенно ограничивается.,The use of plastic in the food industry is being gradually curtailed.
5539,Современный учитель не может ограничиваться только учебниками. ,A modern teacher cannot be limited only to textbooks.
5540,Возможности новых телефонов не ограничиваются только звонками и СМС. ,The functionality of new phones is not limited to calls and text messages.
5541,Защита окружающей среды - главная задача нового поколения. ,Protection of the environment is the main task of the new generation.
5542,Познание окружающего мира очень важно для детей.,Exploring the surrounding world is very important for children.
5543,Не загрязняйте окружающую среду!,Do not pollute the environment!
5544,Мне нужно пойти к окулисту - я стала плохо видеть.,I should go to an eye doctor - I have started having trouble seeing.
5545,В Лапландии живёт двести тысяч человек и столько же северных оленей.,Two hundred thousand people and as many reindeer live in Lapland.
5546,Олень - благородное и красивое животное. ,The deer is a noble and beautiful animal.
5547,На спине у оленя были белые пятнышки. ,The deer had white spots on its back.
5548,Салат можно заправить оливковым маслом или майонезом.,A salad can be seasoned with olive oil or mayonnaise.
5549,"Оливковое масло полезнее, чем сливочное.",Olive oil is healthier than butter.
5550,Голубь несёт в клюве оливковую ветвь - символ мира.,A dove carrying an olive branch in its beak is a symbol of peace.
5551,После олимпиады многие стали больше интересоваться спортом. ,"After the Olympics, many people became more interested in sports."
5552,"Возможно, сборная России не поедет на следующую олимпиаду. ",Perhaps the Russian team will not go to the next Olympics.
5553,На Олимпиаде в Атланте сборная России заняла четвёртое место.,"At the Olympics in Atlanta, the Russian team took fourth place."
5554,Некоторые хотели исключить фигурное катание из олимпийской программы. ,Some people wanted to exclude figure skating from the Olympic program.
5555,В олимпийскую деревню приехали первые спортсмены.,The first athletes have arrived at the Olympic village.
5556,В олимпийском комитете идут споры о выборе нового президента.,There are debates in the Olympic committee about choosing a new president.
5557,Завтра я встану пораньше и приготовлю тебе омлет на завтрак.,Tomorrow I'll get up early and cook you an omelet for breakfast.
5558,"На сцене Московской оперетты во вторник прошла премьера ""Нотр-Дам де Пари"".",The premiere of Notre Dame de Paris took place at the Moscow Operetta on Tuesday.
5559,В советское время в магазинах продавали много пластинок с ариями из оперетт.,"In Soviet times, there were a lot of records with operetta arias sold in the shops."
5560,Отношения Маяковского и Лили Брик заслуживают отдельного описания.,The relationship between Mayakovsky and Lilya Brik deserves a separate description.
5561,Первое детальное описание нового металла было сделано Соколовой.,The first detailed description of the new metal was made by Sokolova.
5562,В описании города ничего не говорится о его музеях.,The description of the city does not say anything about its museums.
5563,"Наполеон шёл по Европе, одерживая победу за победой.","Napoleon marched through Europe, winning victory after victory."
5564,Неожиданно российская команда начала одерживать всё больше побед.,"Suddenly, the Russian team started winning more victories."
5565,По жизни Вера шла напролом и одерживала победы.,"Vera went through life boldly, winning victories on her way."
5566,Владелец компании явился на пресс-конференцию с огромным опозданием.,The owner of the company arrived at the press conference very late.
5567,В школе нас ругают за опоздания.,At school we are punished for being late.
5568,Опорный пункт полиции находится в соседнем доме.,The police station is located next door.
5569,Для правильного удара опорная нога должна быть немного согнута.,In order to deliver a proper blow the supporting leg should be slightly bent.
5570,Российская оппозиция разделилась на два лагеря.,The Russian opposition was divided into two camps.
5571,Лидер оппозиции провёл совещание по вопросу следующих выборов.,The opposition leader held a meeting regarding the next election.
5572,Многие россияне готовы голосовать за оппозицию.,Many Russian citizens are prepared to vote for the opposition.
5573,"Через пару дней Иван забыл о споре, но его оппоненты всё помнили.","After a couple of days, Ivan forgot about the dispute, but his opponents remembered everything."
5574,Никто из наших оппонентов даже не задумывается о вреде нового законопроекта.,None of our opponents are even thinking about the dangers of the new bill.
5575,"Александра настаивала на своём, не прислушиваясь к мнению оппонента. ","Alexandra stood her ground, not listening to her opponent’s opinion."
5576,Родители не одобряют поведение своей дочери. ,The parents do not approve of their daughter's behavior.
5577,"Количество людей, одобряющих действия правительства, растёт с каждым годом. ",The number of people who approve of government action is growing every year.
5578,Власти одобряли Огородова как очень хорошего скульптора. ,The authorities praised Ogorodov as a very good sculptor.
5579,Для определения объёма тела необходимо погрузить его в жидкость.,"In order to measure the volume of an object, one should immerse it in liquid."
5580,"По определению лингвистов, язык - это система знаков. ","According to linguists' definition, language is a system of signs."
5581,Каждому термину соответствует точное определение.,Each term corresponds to an exact definition.
5582,"""Красный Крест"" оказывает помощь пострадавшим.",The Red Cross provides help to victims.
5583,Наша компания оказывает бытовые услуги жителям Санкт-Петербурга.,Our company provides domestic services to residents of St. Petersburg.
5584,"Считается, что компьютерные игры оказывают влияние на психику ребёнка.",It is believed that computer games have an impact on children's minds.
5585,Не существует научного опровержения теории Дарвина. ,There is no scientific refutation of Darwin's theory.
5586,Пресс-секретарь выступил с опровержением новости.,A spokesman made a rebuttal regarding the news.
5587,"Ваша статья - ложь, вы должны опубликовать опровержение.","Your article is a lie, you should publish a retraction."
5588,"Несмотря на тяжелую болезнь, Сахаров не теряет оптимизма.","Despite his serious illness, Sakharov does not cease to be optimistic."
5589,"Иногда мне бывает грустно, но врождённый оптимизм берёт верх.","Sometimes I feel sad, but my innate optimism takes over."
5590,Мы смотрим в будущее с оптимизмом.,We look toward the future with optimism.
5591,Сегодня в этом зале мы видим воплощение оптимистических идей. ,Today in this room we see the embodiment of optimistic ideas.
5592,За оптимистическими процентами всегда стоят реальные цифры.,Behind optimistic percentages there are always real numbers.
5593,В этот раз оптимистические ожидания не оправдались.,"This time, the optimistic expectations turned out to be false."
5594,Выставка погружает посетителя в оптимистичный мир эпохи модерна.,The exhibition immerses the visitor in the optimistic world of Art Nouveau.
5595,Высказывания посла были подчеркнуто оптимистичными и мягкими. ,The ambassador's remarks were emphatically optimistic and gentle.
5596,Все знали его как оптимистичного и добродушного человека.,Everyone knew him as an optimistic and good-natured man.
5597,"Из экскурсии дети узнали, какой была жизнь на оккупированных территориях.","From the tour, the children learned what life was like in the occupied territories."
5598,В оккупированном городе начался голод.,Famine set in in the occupied city.
5599,"На оккупированной территории остались не только мирные жители, но и многие военные. ","Not only civilians, but also many military personnel remained in the occupied territory."
5600,С детства Дарью окружали творческие люди. ,From childhood Daria was surrounded by creative people.
5601,Пустыня окружает городок со всех сторон.,The desert surrounds the town on all sides.
5602,Дети не могут выжить в окружающем мире без нашей помощи.,Children cannot survive in the surrounding world without our help.
5603,Запрещено находиться в здании завода без специальных оранжевых жилетов.,It is forbidden to enter the factory building without special orange vests.
5604,Мы еще долго купались и загорали под оранжевыми лучами вечернего солнца,We swam for a long time and sunbathed under the orange rays of the evening sun
5605,Нечасто нам удавалось любоваться оранжевым небом на закате.,It wasn't often that we could see the orange sky at sunset.
5606,Некоторые работники налоговых органов не имеют высшего образования.,Some tax officials do not have higher education.
5607,Организаторы должны согласовать концерт с правоохранительными органами.,The organizers must coordinate the concert with law enforcement.
5608,Органы чувств позволяют человеку ориентироваться в пространстве.,The senses allow a person to orient in space.
5609,Организатор выставки дал интервью крупному журналу.,The organizer of the exhibition was interviewed by a major magazine.
5610,Организаторы праздника не были готовы к большому количеству гостей.,The organizers of the event were not prepared for a large number of guests.
5611,Без опытного организатора невозможно хорошо провести мероприятие.,Without an experienced organizer it is impossible to have a good event.
5612,Общее состояние организма может влиять на настроение пациента.,The general condition of the body can affect the mood of the patient.
5613,"Мой организм не справляется с нагрузками, мне нужен отдых.","My body cannot cope with the workload, I need a rest."
5614,Курение может изменять уровень гормонов в организме.,Smoking can alter the level of hormones in the body.
5615,Герой войны получил два ордена Ленина.,The war hero received two Orders of Lenin.
5616,Зачем мне орден? Я согласен на медаль.,Why would I need an Order? I agree to a medal.
5617,"Мой дед был дважды награждён орденом ""За заслуги"".",My grandfather was twice awarded with the Order of Merit.
5618,Символ России - двуглавый орёл.,The symbol of Russia is the double-headed eagle.
5619,У орла очень острое зрение.,The eagle has very sharp eyesight.
5620,Ласточки редко летают рядом с орлами.,Swallows rarely fly next to eagles.
5621,"Учёные выяснили, что орехи укрепляют сердце.",Scientists have discovered that nuts strengthen the heart.
5622,Папа принёс из магазина килограмм грецких орехов.,Dad brought a kilogram of walnuts from the store.
5623,В тесто добавьте щепотку мускатного ореха.,Add a pinch of nutmeg to the dough.
5624,Анна всегда смотрит фильмы на языке оригинала. ,Anna always watches films in the original language.
5625,Копия картины совсем не похожа на оригинал. ,The copy of the picture does not look like the original at all. 
5626,"Некоторые стихи в переводе звучат лучше, чем в оригинале. ",Some verses sound better in translation than in the original version.
5627,"Кто будет оплачивать счета, если ты уедешь?",Who will pay the bills if you leave?
5628,Английская фирма оплачивала гостям гостиницу и перелёт.,The English company paid for the guests' hotel and flight.
5629,Дети сами оплачивают школьные обеды.,The children pay for school meals themselves.
5630,Оркестр сегодня выступил великолепно.,The orchestra performed very well today.
5631,Под звуки оркестра пары начали танцевать.,"To the sounds of the orchestra, couples began to dance."
5632,Сегодня в филармонии будет концерт Рахманинова для фортепиано с оркестром.,Today at the Philharmonic there will be a Rachmaninoff concert for piano and orchestra.
5633,Цель не всегда оправдывает средства.,The end does not always justify the means.
5634,"Оправдывая преступников, вы позволяете им повторять свои преступления.","By exonerating criminals, you allow them to repeat their crimes."
5635,"Книга Авдеева ""Ясные дни"" - идиллия, оправдывающая своё название. ","Avdeev’s book, Clear Days, is an idyll that lives up to its name."
5636,"Цвет камня может казаться синим или зелёным, в зависимости от освещения.","The color of the stone may appear blue or green, depending on the lighting."
5637,В девятнадцатом веке на улицах Москвы начали использовать электрическое освещение.,"In the nineteenth century, electric lights began to be used on the streets of Moscow."
5638,С нашей камерой у вас получатся яркие фотографии даже при плохом освещении.,"With our camera, you will get vivid photos even in low light."
5639,Представители Минобороны опровергают информацию о военных действиях в Сирии.,Representatives of the Ministry of Defense deny the information about military operations in Syria.
5640,Наше открытие опровергает целый ряд прежних теорий.,Our discovery refutes a number of previous theories.
5641,Региональные власти долгое время опровергали информацию о закрытии завода.,Regional authorities have been denying information about the closure of the factory for a long time.
5642,"Алина повторила свой вопрос спокойно и чётко, не опуская глаз.","Alina repeated her question calmly and clearly, without looking away."
5643,"Добровольцам бывает тяжело, но они не опускают руки.","Sometimes it is difficult for volunteers, but they don’t give up."
5644,Водитель опускает стекло и передает инспектору удостоверение.,The driver rolls down the window and hands his licence to the officer.
5645,Журналу приходится ориентироваться на более молодую аудиторию.,The magazine has to focus on a younger audience.
5646,"Раньше считалось, что мужчины лучше ориентируются в пространстве, чем женщины.",It used to be believed that men have a better sense of direction than women.
5647,Андрей Иванович плохо ориентируется на местности.,Andrei Ivanovich has bad sense of direction.
5648,Тусклый фонарь освещает скамейку в парке.,A dim lantern illuminates a park bench.
5649,Не все СМИ согласны объективно освещать подготовку к выборам.,Not all media agree to objectively cover election preparations.
5650,"Алла шла, освещая себе дорогу карманным фонариком.","Alla walked, lighting her way with a pocket flashlight."
5651,"Грипп опасен тем, что после него могут возникнуть тяжёлые осложнения.",The flu is so dangerous because it can cause serious complications.
5652,В нашу больницу поступают пациенты с осложнениями.,Patients with complications are admitted to our hospital.
5653,"К счастью, операция прошла без осложнений.","Fortunately, the operation went without complications."
5654,"Сегодня не произошло ничего особенного, всё как всегда.","Nothing special happened today, everything is as always."
5655,"Идём, у меня есть нечто особенное. Тебе понравится!","Come, I have something special. You'll like it!"
5656,С особенным удовольствием бабушка вспоминает годы перестройки.,My grandmother recalls the years of perestroika with particular pleasure.
5657,На вершине холма стоял старинный особняк графа Орлова. ,At the top of the hill stood the old mansion of Count Orlov.
5658,"У олигархов есть всё: особняки, яхты, автомобили.","The oligarchs have everything: mansions, yachts, cars."
5659,В древнем особняке открыли музей и библиотеку.,A museum and a library were opened in an ancient mansion.
5660,Волк - очень хитрый и осторожный зверь.,The wolf is a very cunning and cautious beast.
5661,Будьте осторожны - здесь низкий потолок.,Be careful - there is a low ceiling here.
5662,Враг был осторожен и умён.,The enemy was cautious and smart.
5663,Всем нравились Валины остроумные анекдоты и смешные истории.,Everybody liked Valya's funny jokes.
5664,Остроумный ответ пришёл в голову слишком поздно. ,A witty answer came to mind too late.
5665,"Она могла долго говорить об обаятельных, изысканных и остроумных француженках. ","She could talk for a long time about charming, refined and witty French women."
5666,Пенсионеры освобождаются от уплаты налогов. ,Pensioners are exempt from paying taxes.
5667,"При вердикте ""не виновен"" подсудимый освобождается прямо в зале суда.","When the verdict is “not guilty,” the defendant is released right in the courtroom."
5668,Нужно поскорее освобождаться от наших слабостей.,We need to get rid of our weaknesses as soon as possible.
5669,Капли тумана оседают на траве и листьях. ,Drops of moisture from the fog settle on the grass and leaves.
5670,"Начался дождь, и пыль наконец-то начала оседать.","It began to rain, and the dust finally began to settle down."
5671,Переселенцы шли на восток и постепенно оседали в деревнях. ,The migrants went east and gradually settled in villages.
5672,"Уважаемые коллеги, давайте не будем оскорблять друг друга.","Dear colleagues, let's not insult each other."
5673,"Рисунок, оскорбляющий чувства верующих, вызвал споры и среди атеистов.","The drawing which insulted the feelings of believers, caused controversy among atheists as well."
5674,"Певец посчитал новость ложной, оскорбляющей его честь и достоинство.","The singer considered the news to be false, insulting his honor and dignity."
5675,Интерес Алексея к футболу с возрастом не ослабевал. ,Alexey’s interest in football did not decline with age.
5676,Связь между поколениями начала ослабевать. ,The bond between generations has begun to weaken.
5677,Иммунитет ослабевает из-за постоянного стресса.,The immune system gets weaker due to constant stress.
5678,"Лампа светила так ярко, что мы чуть не ослепли.",The lamp was so bright that we almost went blind.
5679,К старости Альберт почти ослеп.,By the time he had reached old age Albert had gone almost blind.
5680,Груз ответственности за проект не даёт Валерии уснуть.,The burden of responsibility for the project keeps Valeria awake at night
5681,Мы несём ответственность за свои поступки. ,We are responsible for our actions.
5682,Общества с ограниченной ответственностью должны регулярно платить налоги.,Limited liability companies must pay taxes regularly.
5683,"Такой ответственный человек, как Анатолий, не мог просто забыть про встречу. ",Such a responsible person like Anatoly could not just forget about the meeting.
5684,В нашей компании не хватает ответственных сотрудников для нового проекта.,Our company does not have enough responsible employees for the new project.
5685,"Не похоже, что они ответственные люди.",They don't seem like responsible people.
5686,У нашего банка уже более ста отделений по всей России.,Our bank has already more than a hundred branches throughout Russia.
5687,Директор Уральского отделения Российской академии наук выступил с докладом.,The Director of the Ural Branch of the Russian Academy of Sciences presented a paper.
5688,На нашей улице открылось новое почтовое отделение.,A new post office has opened on our street.
5689,Президент страны должен ездить на автомобиле отечественного производства.,The president of the country must drive a domestically produced car.
5690,В годы Великой Отечественной войны погибли миллионы человек.,"During the Great Patriotic War, millions of people died."
5691,В нашем кинотеатре проходит неделя отечественных фильмов.,Our cinema is hosting a week of domestic films.
5692,На сегодняшний день в нашем отечестве насчитывается около четырёхсот литературных премий. ,There are about four hundred literary awards in our country today.
5693,"Андрей Валерьевич награжден орденом ""За заслуги перед отечеством"".",Andrei Valerievich was awarded the Order of Merit to the Fatherland.
5694,Двадцать третьего февраля в России празднуют день защитника Отечества.,On February 23 Russia celebrates Defender of the Fatherland Day.
5695,Об этом фильме пишут только положительные отзывы.,Only positive reviews have been written about this film.
5696,Новая книга Акунина вызвала много восторженных отзывов.,The new book by Akunin received a lot of enthusiastic reviews.
5697,"Судя по отзывам, эта фирма не очень надёжная.","Judging by the reviews, this company is not very reliable."
5698,"В Ложкине живут отзывчивые, хорошо воспитанные люди.","Responsive, warm-hearted people live in Lozhkin."
5699,В детстве Варвара была очень доброй и отзывчивой девочкой.,As a child Varvara was a very kind and understanding girl.
5700,"Я не знаю более отзывчивого человека, чем Василиса.",I don't know a more understanding person than Vasilisa.
5701,"Пока мы разговаривали, кофе успел остыть. ","Whilst we weree talking, the coffee turned cold."
5702,"Братья долго сидели на кухне, пили остывший чай и вспоминали юность.","The brothers sat in the kitchen for a long time, drank the cooled down tea, and reminisced their youth."
5703,"Садись скорее за стол, пельмени остынут!","Come and sit at the table quickly, the dumplings will get cold!"
5704,"Шаляпина осуждали за то, что он стал на колени перед царем.",Chaliapin was criticized for kneeling before the king.
5705,США осуждает ввод российских войск в Сирию.,The USA criticizes the entry of Russian troops into Syria.
5706,"Я не осуждаю людей, решившихся на возвращение из эмиграции.",I do not blame people who decided to return from exile.
5707,Подростки часто боятся быть откровенными с родителями.,Teenagers are often afraid to be frank with their parents.
5708,Никогда ещё Игорь Васильевич не был таким откровенным.,Never before has Igor Vasilievich been so frank.
5709,Нам с тобой необходим прямой и откровенный разговор.,You and I need a direct and honest conversation.
5710,"Уважаемые пассажиры, наш корабль выходит в открытое море.","Dear passengers, our ship is going out into the open sea."
5711,На столе стоит открытая бутылка вина.,There is an opened bottle of wine on the table.
5712,Открытый процесс над футболистами привлёк много внимания.,The football players' open trial attracted a lot of attention.
5713,Новые технологии позволяют осуществлять контроль над экологической обстановкой.,New technology allows us to maintain control of the environmental situation.
5714,"Государство усилит наблюдение за иностранными компаниями, осуществляющими деятельность на территории России.",The state will keep a closer watch on foreign companies operating in Russia.
5715,Отделения пенсионного фонда осуществляют приём граждан по вторникам и четвергам.,Pension fund branche offices are open for citizens on Tuesdays and Thursdays.
5716,Реформа образования осуществляется в России последние пятнадцать лет.,Education reform has been carried out in Russia during the past fifteen years.
5717,Продажи билетов осуществляются только через интернет.,Ticket sales are only available via the Internet.
5718,Обслуживание будет осуществляться государственной компанией.,Service will be provided by a state-owned company.
5719,"В отличие от своего брата, Антон уже стал знаменитым.","Unlike his brother, Anton has already become famous."
5720,Студент рассказал о важном отличии между русским и китайским образованием.,The student talked about the important difference between Russian and Chinese education.
5721,"Близнецы Богдан и Борис очень похожи, но между ними есть и отличия. ","The twins Bogdan and Boris are very similar, but there are differences between them."
5722,Дополнительный экран стал отличительной чертой нового смартфона.,An additional screen has become a defining feature of the new smartphone.
5723,Отличительная особенность нашего города - отсутствие заборов.,A distinctive feature of our city is the lack of fences.
5724,У этого дома нет никаких отличительных признаков.,This house has no distinguishing features.
5725,Банки всё реже отказывают людям в кредитах.,Banks are increasingly less likely to refuse people loans.
5726,"Дочь рассказала мне о своём отце, никогда не отказывающем ей ни в чём.","The daughter told me about her father, who never denied her anything."
5727,Банк не имеет права отказывать в выдаче наличных денег.,The bank does not have the right to deny cash withdrawal.
5728,Старайтесь не откладывать важные дела на потом.,Try not to put off important matters for later.
5729,Директор просматривал бумаги и откладывал их в сторону.,The director looked through the papers and put them aside.
5730,"Вопрос нужно решить немедленно, не откладывая!","The issue must be resolved immediately, without delay!"
5731,"В подъезде есть специальный датчик, отключающий свет.",There is a special sensor in the entrance that turns off the light.
5732,"В гостинице не было отопления, поэтому все замёрзли.","There was no heating in the hotel, so everyone was freezing."
5733,Когда уже в нашем доме включат отопление?,When will the heating be turned on in our house?
5734,В прошлом году семья переехала в новый дом с центральным отоплением.,Last year the family moved to a new house with central heating.
5735,Никто не собирается отменять ограничения на въезд в центр города.,No one is going to lift the restrictions on entering the city center.
5736,Исключение не отменяет правила.,An exception does not cancel out the rule.
5737,Успехи Китая не отменяют всеобщего кризиса.,China's successes do not cancel out the global crisis.
5738,"Как отмечает Лавров, все ограничения скоро будут сняты.","As Lavrov notes, all restrictions will soon be lifted."
5739,На прошлой неделе мы всей семьёй отмечали юбилей бабушки.,Last week our whole family celebrated grandma's birthday.
5740,Сегодня Долгов отмечал двадцатую годовщину своего выхода на сцену.,Today Dolgov celebrated the twentieth anniversary of his first appearance on stage.
5741,Сейчас снова стало модно отправлять открытки почтой.,It has now become popular again to send postcards via mail.
5742,Больных студентов отправляют домой.,The sick students are sent home.
5743,После осмотра терапевт отправляет пациента к специалисту.,After the examination the therapist sends the patient to a specialist.
5744,Наш автобус отправляется через пятнадцать минут. ,Our bus leaves in fifteen minutes.
5745,Каждое лето Вадик отправлялся в путешествие к бабушке в деревню. ,Every summer Vadik went on vacation to his grandmother in the countryside.
5746,"Вещи собраны, пора отправляться в путь.","We've gathered our things, it's time to hit the road."
5747,Мои родители готовятся отпраздновать двадцатую годовщину свадьбы.,My parents are getting ready to celebrate their twentieth wedding anniversary.
5748,Команда Финляднии отпраздновала победу.,The Finnish team celebrated their victory.
5749,Из-за болезни Веронике приходится часто отпрашиваться с работы. ,Due to illness Veronica has to often take time off work.
5750,Паша обнял сына и долго не отпускал.,Pasha hugged his son and did not let go for a long time.
5751,Выросших в неволе тигров не всегда отпускают на волю.,Tigers bred in captivity are not always released into the wild.
5752,"Валентин держал жену за руку, не отпуская.","Valentin held his wife's hand, not letting go."
5753,Ни один психологический тест не отражает действительность в полной мере.,Not one psychological test reflects reality completely..
5754,Указанные в докладе показатели отражают текущее состояние отрасли.,The specified indicators in the report reflect the current state of the industry.
5755,Отражающая поверхность позволяет зрительно увеличить помещение.,A reflective surface makes it possible to visually enlarge the room.
5756,В обществе заметно отрицательное отношение к политикам.,A negative attitude towards politics can be seen in society.
5757,Проявление отрицательных эмоций считается грубостью.,Showing negative emotions is considered rude.
5758,"У этой книги в основном отрицательные отзывы, не думаю, что я куплю её.","This book has mostly negative reviews, I don't think I'll buy it."
5759,Рынки уже в понедельник отреагировали на новости быстрым падением. ,On Monday the markets had already reacted to the news with a sharp drop.
5760,Никто не отреагировал на шум в соседней комнате.,No one reacted to the noise in the next room.
5761,"Не знаю, как Витя отреагирует на новость о новой школе.",I don’t know how Vitya will react to the news about the new school.
5762,"В прошлом году на фестивале был показан не весь фильм, а только отрывок.","Last year, the festival did not show the entire film, but only a snippet."
5763,"На театральном вечере представлены отрывки произведений Тургенева, Гоголя, Толстого.","Excerpts from the works of Turgenev, Gogol, and Tolstoy are presented at the theatrical evening."
5764,"В отрывке текста отмечены слова, которые нужно перевести и запомнить.",The text fragment contains words that need to be translated and memorized.
5765,Вова нагло отрезал себе самый большой кусок торта.,Vova cheekily cut himself the biggest piece of cake.
5766,,_
5767,Я могу отрезать не меньше пятисот граммов колбасы.,I can cut off no less than five hundred grams of sausage.
5768,После неудачи премьер-министр подал в отставку.,The Prime Minister resigned after the failure.
5769,Протестующие требуют отставки правительства.,Protesters demand the government's resignation.
5770,Отставка тренера только приведёт к ещё большим проблемам в команде.,The coach's resignation will only lead to even greater problems in the team.
5771,Отремонтируешь старые сапоги - и будут они как новые.,Repair your old boots and they will be like new.
5772,Под недавно отремонтированной лестницей нашли старый чулан.,They found an old closet under the recently renovated staircase
5773,Школа отремонтирована силами учителей и родителей.,The school has been renovated by teachers and parents.
5774,"Не мешай, мне нужно сегодня сдать отчёт. ","Don’t disturb me, I need to submit a report today."
5775,"По данным последнего отчёта, качество продукции растёт.","According to the latest report, the quality of the product is increasing."
5776,Государство обязано публиковать финансовые отчёты.,The state is required to publish financial reports.
5777,Для оформления визы необходимо предоставить в посольство ряд документов.,"To apply for a visa, you must submit a number of documents to the embassy."
5778,В памятке указаны требования по оформлению документов.,The memo indicates the paperwork requirements.
5779,Оформление визы обычно занимает около десяти дней.,Visa processing usually takes about ten days.
5780,Все предметы коллекции отреставрированы специалистами музея.,All of the items in the collection were restored by the museum’s specialists.
5781,В Мраморном дворце отреставрировали Белый зал.,The White Hall was restored in the Marble Palace.
5782,Весной охота в заповеднике запрещена.,Hunting in the reserve is prohibited in the spring.
5783,В детстве папа часто брал меня с собой на охоту.,My dad often took me hunting with him when I was a child.
5784,Начался сезон охоты на оленей.,The deer hunting season has begun.
5785,"Хозяйка начала говорить, не отрывая взгляда от стола.","The hostess began to speak, not taking her eyes off the table."
5786,Галина не отрывает глаз от горизонта и ждёт.,Galina does not take her eyes off the horizon and waits.
5787,"Не люблю, когда меня отрывают от работы.",I do not like being distracted from work.
5788,Охотники должны получить лицензии перед началом сезона.,Hunters must obtain licenses before the start of the season.
5789,Даже опытный охотник может заблудиться в лесу.,Even an experienced hunter can get lost in the forest.
5790,Собака - друг и помощник охотника.,A dog is both a hunter's friend and assistant.
5791,Министр появился на публике без охраны.,The minister appeared in public without security.
5792,"Пожалуйста, выйдите из зала, или я позову охрану.","Please leave the hall, or I will call security."
5793,Охрана природы стала одной из самых популярных тем.,Nature protection has become one of the most popular topics.
5794,Бывшие полицейские и военные становятся охранниками.,Former police officers and military personnel become security guards.
5795,Охранник должен осматривать магазин в течение всего дня.,A security guard must watch the store all day.
5796,"Георгий некоторое время работал охранником, затем нашел другую работу.","Georgiy worked as a security guard for a while, then he found another job."
5797,Промышленность Северной Кореи отстаёт от других стран.,North Korean industry is falling behind other countries.
5798,Даша ни в чём не отставала от брата.,Dasha was in no way behind her brother.
5799,Мы отстаём от западных тенденций в поп-музыке.,We are falling behind Western trends in pop music.
5800,В очередной раз мы не продумали все детали.,"Once again, we did not think through all the details."
5801,Акунин написал очередную книгу про Фандорина.,Akunin wrote another book about Fandorin.
5802,Будем ждать твоего очередного визита.,We will be waiting for your next visit.
5803,"Займи очередь в кассу, пока я выбираю продукты.",Take a place in the checkout line while I choose the groceries.
5804,Мы познакомились в очереди за колбасой.,We got to know each other in the line for sausage.
5805,Я провожу слишком много времени в очередях.,I spend too much time standing in lines.
5806,"Нельзя ехать, если в машине отсутствует аптечка.",You cannot drive if there is no first-aid kit in the car.
5807,Сегодня отсутствуют Лиза и Настя - они на конференции.,"Today Lisa and Nastya are absent, they are at the conference."
5808,Одиссей отсутствовал дома двадцать лет.,Odysseus was away from home for twenty years.
5809,Л. С. Левинсон охарактеризовал новый закон как дискриминационный.,L. S. Levinson described the new law as discriminatory.
5810,Конец июня можно охарактеризовать как самый аллергенный период.,The end of June can be described as the most allergenic period.
5811,В биографии учёного охарактеризованы главные области его интересов.,The main areas of the scientist's interests are described in his biography.
5812,"У меня такое ощущение, что нам скоро придётся уехать. ",I have a feeling that we will have to leave soon.
5813,Некоторые клетки отвечают за болевые ощущения.,Some cells are responsible for the feeling of pain.
5814,"Если хочется острых ощущений, попробуйте новые виды спорта.","If you want a thrill, try new sports."
5815,История жизни Вениамина - это история взлёта и падения.,Benjamin's lifestory is a story of ups and downs.
5816,Падение цен на нефть приведёт к экономическому кризису во многих странах.,The fall in oil prices will lead to an economic crisis in many countries.
5817,Пожилые люди часто говорят о падении нравов.,Elderly people often talk about moral decadence.
5818,В настоящее время ведётся работа по подготовке пакета документов.,Work is currently underway to prepare the batch of documents.
5819,"Купи, пожалуйста, пакет молока и батон.",Please buy a carton of milk and a loaf of bread.
5820,Настя наводила порядок на кухне и обнаружила кучу пакетов от чизбургеров и жареной картошки.,Nastya cleaned up the kitchen and found a pile of wrappers from cheeseburgers and french fries.
5821,"Среди наших работников, кроме армян, есть и коми, и белорусы, и украинцы, и русские.","Among our workers, besides Armenians, there are Komi, Belarusians, Ukrainians, and Russians."
5822,"Спикер нижней палаты парламента Ирина Хакамада дала интервью газете ""Ведомости"". ","The speaker of the lower house of parliament, Irina Khakamada, gave an interview to the Vedomosti newspaper."
5823,Мне вспомнилась больничная палата на пять человек. ,I remembered the hospital room for five people.
5824,"Чтобы Анфиса не скучала, папа принёс ей в больничную палату ноутбук.","So that Anfisa wouldn't get bored, dad brought her laptop to the hospital room."
5825,Гена развёл костёр прямо у палатки.,Gena made a fire right by the tent.
5826,"Не могу понять, как комары попадают в закрытую палатку.",I can’t understand how mosquitoes get into a closed tent.
5827,В походной палатке было тесно и жарко.,It was cramped and hot in the camp tent.
5828,"Появился лидер, способный объединить многочисленные группировки палестинцев.","A leader has emerged, capable of uniting numerous Palestinian groups."
5829,В войне продолжают гибнуть мирные палестинцы.,Innocent Palestinians continue to die in the war.
5830,Россия вмешалась в конфликт между израильтянами и палестинцами.,Russia intervened in the conflict between the Israelis and Palestinians.
5831,"Не стоило этого говорить, ты перегнул палку. ","You shouldn't have said that, you went too far."
5832,"В руке у Виктории была палка, поэтому с ней никто не спорил.","Victoria had a stick in her hand, so no one argued with her."
5833,"Катя пыталась достать яблоко палкой, но оно висело слишком высоко.","Katya tried to reach the apple with a stick, but it hung too high."
5834,Герман страстно целовал каждый пальчик Елены.,German passionately kissed each of Elena's fingers
5835,Пальчики первоклассника устали держать ручку.,The first-grader's little fingers are tired of holding a pen.
5836,Аня тонкими пальчиками осторожно погладила руку матери.,With her delicate fingers Anya gently stroked her mother's hand.
5837,Без паники! Сохраняйте спокойствие.,Don't panic! Keep calm.
5838,Люди в панике выбегали из горящего здания.,People ran out of the burning building in panic.
5839,В помещении ресторана началась паника.,Panic started to spread in the restaurant.
5840,Все полезные документы Лиза складывала в большую синюю папку.,Lisa put all useful documents in a large blue folder.
5841,"Папка, которую ты ищещь, лежит на столе в кабинете.",The folder you are looking for is lying on the desk in your office.
5842,Через пару часов ужин будет готов.,Dinner will be ready in a couple of hours.
5843,"Нам нужна пара недель, чтобы закончить проект.",We need a couple of weeks to complete the project.
5844,"Чтобы выполнить задание, Жанне хватило пары минут.",To finish the task Janna only needed a couple of minutes.
5845,С каждым годом на параде всё меньше ветеранов.,Every year there are fewer and fewer veterans at the parade.
5846,Войска начинают готовиться к параду на рассвете.,The troops are starting to prepare for the parade at dawn.
5847,Жители Москвы гордятся парадами на Красной площади.,The residents of Moscow are proud of the parades on Red Square.
5848,Змеи часто охотятся ночью.,Snakes often hunt at night.
5849,Охотящегося тигра очень сложно заметить.,A hunting tiger is very difficult to spot.
5850,"Братья любили охотиться и ловить рыбу, а не учиться.",The brothers loved to hunt and fish rather than study.
5851,Многие верят в существование параллельных миров.,Many believe in the existence of parallel universes.
5852,Параллельная парковка - один из самых сложных элементов экзамена по вождению.,Parallel parking is one of the hardest parts of a driving test.
5853,На конференции нам предоставили параллельный перевод докладчиков.,A parallel translation of the speakers was offered at the conference.
5854,Парикмахер внимательно выслушал пожелания клиента.,The hairdresser listened carefully to the client's wishes.
5855,"Не всегда парикмахеры делают то, что их просят. ",Hairdressers do not always do what they are asked to.
5856,"Евгений мечтал стать стилистом, а не просто парикмахером.","Eugene dreamed of becoming a stylist, not just a hairdresser."
5857,Через пару лет работы я смогу открыть свою парикмахерскую.,"After a couple of years of work, I can open my own hair salon."
5858,"В парикмахерской меня убедили, что короткая стрижка мне не пойдёт.","At the hair salon, they convinced me that a short haircut would not suit me."
5859,Где здесь ближайшая парикмахерская?,Where is the nearest hair salon here?
5860,Игорь молча рассматривал рисунок паркета.,Igor silently examined the pattern in the hardwood floor.
5861,"Однажды я поскользнулась на паркете, упала и сломала руку.","One day I slipped on the hardwood floor, fell and broke my arm."
5862,Полы дворца украшает художественный дубовый паркет.,The floors of the palace are decorated with artistic oak parquet.
5863,"Друзья ушли, оставив Илью охранять вещи.","His friends left, leaving Elijah to guard the things."
5864,Полиция охраняет покой граждан.,The police safeguard peace for the citizens.
5865,Около ста деревянных домов в нашем городе имеют статус охраняемых объектов. ,"About a hundred wooden houses in our city have a ""protected site"" status."
5866,Даже в первом ряду партера не всегда было слышно актёров на сцене.,Even in the front row of the stalls you couldn't always hear the actors on stage.
5867,"Места в партере стоят гораздо дороже, чем на балконе.",Seats in the stalls are much more expensive than on the balcony.
5868,Мы купили билеты в партер. ,We bought tickets for the stalls.
5869,В последние годы никто уже не верил обещаниям партийного руководства.,For the past few years no one has believed the party leadership's promises.
5870,Лаврентий Павлович снова не пришёл на партийное собрание.,Lavrenty Pavlovich did not come to the party meeting yet again.
5871,Лев Львович был из числа партийных работников.,Lev Lvovich was one of the party workers.
5872,В нашем магазине продается французская парфюмерия по низким ценам.,Our shop sells French perfumes at low prices.
5873,Где в вашем магазине отдел парфюмерии?,Where is the perfume department in your store?
5874,Из-за аллергии Зина не может пользоваться парфюмерией.,Zina cannot use perfume because she is allergic.
5875,"В прошлом году в Лондоне было меньше пасмурных дней, чем в Москве.",Last year there were fewer cloudy days in London than in Moscow.
5876,В пасмурную погоду приятно остаться дома и почитать книгу.,In dismal weather it is nice to stay at home and read a book.
5877,"Одним пасмурным утром он решил, что больше не хочет здесь жить.",One dismal morning he decided that he no longer wanted to live here.
5878,Сотрудники паспортных столов объясняют посетителям правила подачи документов.,The passport office staff are explaining the rules for submitting documents to visitors.
5879,Я захотела пить ещё перед паспортным контролем.,I started wanting to drink even before passport control.
5880,Паспортный контроль размещается в нейтральной зоне.,Passport control is located in the neutral zone.
5881,Информация об активах и пассивах банка отражена в отчётах.,Information about the bank's assets and liabilities is reflected in the reports.
5882,Изменения на рынке негативно сказались на стоимости банковских пассивов.,Changes in the market negatively affected the value of bank liabilities.
5883,Руководство не рискует проводить операции с пассивами предприятия. ,Management is not risking playing the market with the company's liabilities.
5884,"Родители не вмешивались в проблемы детей, а заняли роли пассивных наблюдателей.","The parents did not intervene in their children's problems, but rather passively observed from the sideline."
5885,Пассивный образ жизни ведёт к проблемам со здоровьем.,A passive lifestyle leads to health problems.
5886,"Не забудьте, что все пассивные доходы должны быть задекларированы. ",Do not forget to declare your residual income.
5887,Католическая Пасха отмечается на неделю раньше православной.,Catholic Easter is celebrated a week earlier than Orthodox Easter.
5888,На Пасху мы обычно раскрашиваем яйца. ,At Easter we usually paint eggs.
5889,После Пасхи мы поедем в отпуск.,After Easter we will go on vacation.
5890,"Патриоты не хотят уезжать из страны, несмотря на трудности.","The patriots do not want to leave the country, despite the difficulties."
5891,В стране всё меньше настоящих патриотов.,There are fewer true patriots in the country.
5892,Я патриот своей страны и горжусь этим.,I am a patriot of my country and proud of it.
5893,"Патриотизм не появляется при рождении, его нужно воспитывать. ",Patriotism does not appear at birth; it needs to be taught.
5894,На кухне друзья вели долгие разговоры о стране и патриотизме.,The friends had long conversations in the kitchen about the country and patriotism.
5895,Солдаты защищали свою страну из чувства патриотизма. ,Soldiers defended their country out of a feeling of patriotism.
5896,"Я устала, мне нужна небольшая пауза.","I'm tired, I need a little break."
5897,После секундной паузы докладчик продолжил выступление.,After a short pause the speaker continued his presentation.
5898,"Устройте себе небольшой отдых, сделайте паузу.","Take a little rest, have a break."
5899,Мне сегодня снились пауки.,Today I dreamed of spiders.
5900,Олег боится пауков больше всего на свете.,Oleg is afraid of spiders more than anything.
5901,Маме не нравится интерес Данилы к паукам и насекомым.,Mom does not like Danila's interest in spiders and insects.
5902,За неправильную парковку тебя здесь оштрафуют на пять тысяч рублей.,You will be fined five thousand rubles for improper parking here.
5903,"Оштрафуй сотрудника за опоздание, и он начнёт приходить вовремя.","Penalize an employee for being late, and he will start to come on time."
5904,За выезд на встречную полосу могут оштрафовать и даже лишить прав.,For going onto the oncoming lane you can be fined and even be stripped of your driver's license.
5905,Не забудь купить пачку сливочного масла.,Don't forget to buy a stick of butter.
5906,Курьер размахивал перед прохожими пачкой газет.,The courier brandished a stack of newspapers in front of passers-by.
5907,Чемодан на столе набит пачками денег.,The suitcase on the table is packed with bundles of money.
5908,Сегодня Руслан особенно остро ощущает своё одиночество.,Ruslan is especially acutely aware of his loneliness today.
5909,Приятно в марте ощущать на коже тепло весеннего солнца.,In March it is nice to feel the warmth of the spring sun on your skin.
5910,"Сегодня я выспалась, поэтому ощущаю во всём теле необыкновенную лёгкость.","Today I slept well, so I feel an extraordinary lightness throughout my body."
5911,Страх перед неизвестностью парализует волю.,Fear of the unknown paralyzes your will.
5912,"После аварии у Алана парализованы ноги, он больше не может ходить.","After the accident, Alan’s legs were paralyzed, he can no longer walk."
5913,Яд некоторых змей может парализовать тело человека за несколько минут.,The venom of some snakes can paralyze the human body in a few minutes.
5914,Гость заказал утиный паштет и бокал вина.,The guest ordered duck pâté and a glass of wine.
5915,Домашние колбасы и паштеты из индейки продаются на ярмарках по выходным.,Homemade turkey sausages and pâtés are sold at fairs on weekends.
5916,Без педагогического образования нельзя работать учителем в школе.,"Without teacher training, you cannot work as a teacher at a school."
5917,"Смоленский педагогический институт набирает студентов по специальности ""учитель начальных классов"".","Smolensk Pedagogical Institute is recruiting students majoring in ""elementary school teaching."""
5918,У Людмилы Фёдоровны огромный опыт педагогической деятельности.,Lyudmila Fedorovna has vast experience in teaching.
5919,Огромная новостройка на берегу реки портит пейзаж.,A huge new building on the bank of the river is spoiling the landscape.
5920,Художник раз за разом писал удивительные пейзажи Дальнего Востока.,The artist painted the amazing landscapes of the Far East over and over again.
5921,В России немало фантастических пейзажей.,There are many fantastic landscapes in Russia.
5922,Пельмени - лёгкий способ быстро поужинать.,Dumplings are an easy way to have a quick dinner.
5923,Моя мама хочет угостить тебя домашними пельменями.,My mom wants to treat you with homemade dumplings.
5924,Вот приду домой и съем целую тарелку пельменей.,I’ll come home and eat a whole plate of dumplings.
5925,От быстрого бега у лошади шла пена изо рта.,The horse was frothing at the mouth because of the fast run.
5926,"В бане жарко, в воздухе летают хлопья мыльной пены. ","It’s hot in the bath, puffs of soapy foam are flying in the air."
5927,"Саша выскочил из ванной, весь в мыльной пене и абсолютно голый.","Sasha jumped out of the bathroom, all in soapy foam and completely naked."
5928,Представители компании ведут переговоры с зарубежными инвесторами.,The company representatives are negotiating with foreign investors.
5929,В результате нелёгких переговоров было достигнуто согласие.,The difficult negotiations resulted in an agreement being reached.
5930,На переговорах присутствовали главы государств и министры.,Heads of state and ministers attended the talks.
5931,В воздухе пахло весной. ,The smell of spring was in the air.
5932,После похода вся одежда пахнет дымом.,After the expedition all our clothes smell of smoke.
5933,Свежие простыни пахнут мылом.,The fresh sheets smell of soap.
5934,Дети всегда что-нибудь пачкают и портят.,The children are always staining and spoiling something.
5935,"Глеб отошёл подальше от ямы, чтобы не испачкать ботинки.",Gleb moved away from the pothole so as not to stain his shoes.
5936,Белые вещи пачкаются быстрее.,White things get dirty faster.
5937,Девушки перевязывали раненому руку.,The girls bandaged the wounded man's arm.
5938,"Будь внимательным, на этом перекрёстке нет светофоров.","Be careful, there are no traffic lights at this intersection."
5939,Ночью перекрёсток освещается только одним фонарём.,"At night, the intersection is lit by only one light."
5940,"Через пятьсот метров перекрёстки кончились, мы выехали из города.","The crossroads ended after five hundred meters, and we left the city."
5941,Учебник по экономике переиздавали больше пяти раз.,The economics textbook has been reprinted more than five times.
5942,Татьяна взяла с собой переносную лампу.,Tatyana took a portable lamp with her.
5943,Внуки принесли бабушке в больницу маленький переносной телевизор.,The grandchildren brought a small portable TV to their grandmother at the hospital.
5944,"Я переключаю канал каждый раз, когда начинается реклама.",I switch the channel every time commercials start.
5945,Лариса лениво переключала телеканалы.,Larisa sluggishly switched from one TV channel to another.
5946,"Водитель, переключая скорость, резко давил на педаль газа.",Whilst changing speed the driver suddenly pressed on the accelerator.
5947,"Между уроками есть перерыв, когда можно перекусить.",There is a break between lessons when you can have a bite to eat.
5948,Арсений ведёт переписку со всем миром через Интернет.,Arseny is in contact with the whole world via the Internet.
5949,Уважайте право на тайну личной переписки.,Respect the right to privacy of personal correspondence.
5950,Недолгая переписка не привела ни к чему серьёзному.,The brief correspondence did not lead to anything serious.
5951,Не нужно перекладывать ответственность на подчинённых.,There's no need to shift the responsibility to the subordinates.
5952,В течение спектакля актёры несколько раз переодеваются.,During a performance the actors change costumes several times.
5953,Обычно мама помогает маленькой дочке переодеваться.,Usually mom helps her little daughter change clothes.
5954,"Вернувшись с работы, мама всегда переодевалась в голубое платье.","When she got home from work, my mother always changed into a blue dress."
5955,"Прежде всего, возникает вопрос: кто виноват?","First of all, the question arises: who is to blame?"
5956,Ночью в голове возникают странные мысли.,Strange thoughts appear in my head at night.
5957,Иногда в классе возникали конфликты.,Sometimes conflicts arose in the classroom.
5958,Всем нам иногда приходится чем-то жертвовать.,Sometimes we all have to sacrifice something.
5959,Мне ещё ни разу не приходилось оставаться после работы.,I have never had to stay after work.
5960,На одного врача в больнице должно приходиться несколько медсестер.,In a hospital there should be several nurses per doctor.
5961,Через несколько лет братья снова начали переписываться.,"A few years later, the brothers began to correspond again."
5962,В молодости Ваня ещё часто переписывался со школьными друзьями.,"In his youth, Vanya still often corresponded with his school friends."
5963,"Прежде чем встретиться, мы долго переписывались. ","Before we met, we corresponded for a long time."
5964,В суп нужно обязательно добавить соль и перец.,Salt and pepper must be added to the soup.
5965,В этом салате не должно быть перца.,There shouldn't be any pepper in this salad.
5966,Сладкие перцы лежат в холодильнике на нижней полке.,Sweet peppers are in the refrigerator on the bottom shelf.
5967,Наташа устало прислонилась к перилам.,Natasha leaned against the railing wearily.
5968,Соня старалась не касаться холодных перил.,Sonya tried not to touch the cold railing.
5969,Я посильнее наклонился над перилами и увидел Нику.,I leant over the railing a bit more and saw Nika.
5970,Из-за периодических кризисов люди больше не доверяют банкам.,"Because of recurrent crises, people don't trust banks anymore."
5971,Периодические головные боли могут быть признаком заболевания.,Recurrrent headaches can be a sign of an illness.
5972,Инженер объяснил руководству необходимость периодического обслуживания старого оборудования.,The engineer explained the need for regular maintenance of old equipment to management.
5973,Папа привёз с юга большую коробку с персиками и абрикосами.,The father brought a big box of peaches and apricots from the south.
5974,Персики зимой слишком дорогие.,Peaches are too expensive in winter.
5975,Павел добавил в кашу несколько кусочков персика.,Pavel added a few pieces of peach to his porridge.
5976,"Не бросай учёбу, у тебя хорошие перспективы.","Don't drop out of school, you have good prospects."
5977,В перспективе с помощью искусственного интеллекта можно будет решить ряд проблем. ,"In the future, with the help of artificial intelligence it will be possible to solve a number of problems."
5978,Необходимо на перспективу учесть рекомендации критиков.,"Thinking long-term, it is necessary to take into account the critics' recommendations."
5979,В нашем футбольном клубе нет перспективных молодых игроков.,Our football club does not have any promising young players.
5980,Самый перспективный вариант развития был представлен молодым участником.,The most promising development option was presented by a young participant.
5981,Энергетика — это самое перспективное направление российско-китайского сотрудничества.,Energy is the most promising area of Russian-Chinese cooperation.
5982,Эксперты выражают пессимизм по поводу развития промышленности. ,Experts are expressing pessimism towards the industry's development.
5983,"Хоть мы и проиграли, это ещё не повод для пессимизма.","Even though we lost, there's no reason to be pessimistic."
5984,Перед экзаменом всегда появляется пессимистическое настроение.,A pessimistic atmosphere always appears before an exam.
5985,Пессимистический прогноз не оправдался.,The pessimistic forecast did not materialize.
5986,В Испании часто звучит пессимистическая оценка действий правительства.,A pessimistic evaluation of government actions is common in Spain.
5987,Лодка мягко ударилась о песчаный берег.,The boat softly hit the sandy shore.
5988,Песчаные пляжи - визитная карточка Крыма.,Sandy beaches are a showpeace of Crimea.
5989,На песчаном берегу реки загорают отдыхающие.,The vacationers are sunbathing on the sandy river bank.
5990,При подаче на стол добавьте в суп петрушку и другие травы.,When serving add parsley and other herbs to the soup.
5991,Для красоты готовое блюдо можно посыпать петрушкой.,For a better appearance you can sprinkle the finished dish with parsley.
5992,В этом салате нет петрушки? ,Is there no parsley in this salad?
5993,По двору гуляют куры с петухом. ,Chickens and a rooster are walking around the yard.
5994,Такого красивого петуха я раньше никогда не видел.,I have never seen such a beautiful rooster before.
5995,Петух воинственно расправил крылья.,The rooster belligerently spread its wings.
5996,Печаль и тревога не дают матери уснуть.,Sadness and anxiety prevent the mother from falling asleep.
5997,Станислав сел и с печалью стал смотреть на смеющихся друзей.,"Stanislav sat down and looked sadly at his friends, who were laughing."
5998,Увольнение - не повод для печали!,Getting fired is no reason to be sad!
5999,У обеих девушек был очень печальный вид.,Both girls had a very sad look.
6000,Дедушка рассказал нам одну печальную историю.,Grandfather told us a sad story.
6001,"Раньше моя жена всегда была весёлой, а теперь стала печальной.","My wife used to always be cheerful, but now she has gotten sad."
6002,Без печати справка недействительна. ,The certificate is invalid without a stamp.
6003,Не забудьте поставить печать на каждой странице.,Do not forget to stamp each page.
6004,Реальная история до сих пор остаётся тайной за семью печатями.,The true story is still a conundrum.
6005,Новое лекарство может вылечить самые серьёзные болезни печени.,A new medicine can cure the most serious liver diseases.
6006,При употреблении алкоголя с лекарствами страдает печень.,"When drinking alcohol with medication, the liver gets afflicted."
6007,Зимой мы топим печку дровами. ,In winter we burn firewood in the stove.
6008,Вечером все дети собираются у печки. ,In the evening all the children gather around the stove.
6009,Кровать стоит между шкафом и печкой.,The bed is between the wardrobe and the stove.
6010,Пирог нужно поставить в печь на два часа.,The pie must be put in the oven for two hours.
6011,Пора вынимать хлеб из печи.,It's time to take the bread out of the oven.
6012,Катерина с удовольствием печёт пироги для всей семьи.,Katerina is happy to bake pies for the whole family.
6013,Сколько можно! Мы же едем со скоростью пешехода!,Come on! We're driving at a snail's pace!
6014,Пешеходов не видно в темноте.,Pedestrians are not visible in the dark.
6015,Многие пианисты выступали в этом доме.,Many pianists have performed in this house.
6016,Пламя свечи отражается в зеркале.,The candle flame is reflected in the mirror.
6017,На астрономии дети изучают законы движения планет.,In astronomy classes children learn the laws of planetary motion.
6018,"Журнал ""Форбс"" опубликовал список самых богатых людей планеты. ",Forbes magazine has published a list of the richest people on the planet.
6019,Без микробов жизнь на планете была бы невозможна.,Without microorganisms life on our planet would be impossible.
6020,"Она хотела подарить ему любовь, переполняющую её душу.","She wanted to give him love, overwhelming her soul."
6021,Моё сердце переполняет радость за тебя.,My heart is filled with joy for you.
6022,Во многих странах налажена переработка пластиковых бутылок.,Many countries recycle plastic bottles.
6023,Пластиковые стаканчики засоряют планету.,Plastic bags pollute the planet.
6024,В пути придётся есть пластиковыми вилками.,On our way we will have to eat with plastic forks.
6025,Дети зашли в летнее кафе с пластмассовыми столами и стульями.,Children went into a summer café with plastic tables and chairs.
6026,Сложно нарезать хлеб пластмассовым ножом.,It is difficult to cut bread with a plastic knife.
6027,"Мы часто уезжаем, поэтому покупаем домой только пластмассовые растения.","We often go away, so we only buy plastic plants at home."
6028,Пластырь наклеен на пятку.,The band aid is attached to the heel.
6029,Ни у кого случайно нет пластыря?,Does anyone by chance have a band aid?
6030,В аптечке обязательно должны быть пластыри. ,A first-aid kit must include band aids.
6031,"Помимо основной программы, в нашем университете есть платные языковые курсы.","In addition to the main program, our university provides paid language courses."
6032,В Москве увеличено количество платных парковок.,The number of paid parking lots in Moscow has increased.
6033,Пациенты не хотят пользоваться платными медицинскими услугами.,Patients do not want to use paid medical services.
6034,Мой племянник скоро пойдёт в первый класс.,My nephew will start first grade soon.
6035,Ольга много работала и редко видела своих племянников.,Olga worked a lot and rarely saw her nephews.
6036,Сегодня в гости пришла жена моего племянника.,My nephew’s wife came to visit today.
6037,Племянница Сергея уехала в Италию.,Sergei's niece left for Italy.
6038,Недавно Вера получила открытку от племянницы.,Vera recently received a postcard from her niece.
6039,Я помню вашу племянницу ещё маленькой девочкой.,I remember your niece as a little girl.
6040,Сидоров попал в плен в самом конце войны.,Sidorov was captured at the very end of the war.
6041,Многие люди живут в плену стереотипов.,Many people are enthralled by stereotypes.
6042,Дмитрий вернулся из плена в восемнадцатом году.,Dmitry returned from captivity in 1918.
6043,Все покупки завёрнуты в прозрачную плёнку.,All purchases are wrapped in a transparent film.
6044,От действия крема на коже образуется защитная плёнка.,The cream acts as a protective layer on the skin.
6045,Перед началом ремонта застелите пол полиэтиленовой плёнкой.,"Before the repairs start, cover the floor with a plastic sheet."
6046,В узбекском реcторане готовят отличный плов. ,They cook excellent pilaf in the Uzbek restaurant.
6047,Гостеприимный хозяин должен накормить всех гостей пловом.,A good host should feed all their guests with pilaf.
6048,В каждой кавказской деревне свои правила приготовления плова.,Each Caucasian village has its own customs for cooking pilaf.
6049,Американский пловец Майкл Фелпс завоевал восемь медалей за одни игры.,American swimmer Michael Phelps won eight medals at one Olympic Games.
6050,Новый фильм даёт повод для плодотворных дискуссий.,The new movie provokes stimulating discussions.
6051,"Надеемся, наши старания окажутся плодотворными.",We hope our efforts will prove worthwhile.
6052,Сотрудничество оказалось не очень плодотворным.,The collaboration didn't seem to be very effective.
6053,Илья несколько раз пересаживался с линии на линию и окончательно заблудился.,Ilya changed from line to line several times and in the end got lost.
6054,Каждое утро отдыхающие встречались на пляже.,Every morning the vacationers met on the beach.
6055,В нашем городе нет хорошего пляжа.,There aren't any good beaches in our city.
6056,К вечеру пляж опустел.,By the evening the beach was empty.
6057,Марина любит пересказывать истории из журналов и светские сплетни.,Marina loves to spread local gossip and stories from magazines.
6058,"Студенты весело болтали, пересказывая друг другу самые острые моменты экзамена. ","The students chatted cheerfully, recounting to each other the most pressing moments of the exam."
6059,Родители пересказывали детям старые легенды.,The parents told their children the old legends.
6060,В современном мире люди всё ещё умирают от пневмонии.,In the modern world people are still dying of pneumonia.
6061,"Если пневмонию не лечить, появляются опасные осложнения.","If pneumonia is not treated, there can be dangerous complications."
6062,Атипичная пневмония распространяется с большой скоростью. ,Walking pneumonia spreads at high speed.
6063,Все посылки на моё имя пересылали на новый адрес.,All parcels sent in my name were forwarded to the new address.
6064,"Документы, пересылаемые по электронной почте, должны быть в формате PDF.",Documents sent by e-mail must be in PDF format.
6065,При переводе денег банк берёт комиссию в 10% от пересылаемой суммы.,When transferring money the bank charges 10% of the transferred amount.
6066,Анапа― самый солнечный курорт Черноморского побережья.,Anapa is the sunniest resort on the Black Sea coast.
6067,Многие северные растения не растут на побережье.,Many northern plants do not grow on the coast.
6068,Брат и сестра гуляют по побережью.,The brother and sister are walking along the coast.
6069,Вам нужно избегать стрессов и не переутомляться.,You should avoid stress and not overwork yourself.
6070,Мой брат планирует через неделю приехать в гости.,My brother is planning on coming to visit in a week.
6071,Евгений совсем не умеет планировать финансы.,Evgeniy does not know how to plan his finances.
6072,Куда вы планируете поехать в отпуск?,Where do you plan to go on vacation?
6073,Новый повар ещё не запомнил рецепты всех блюд.,The new cook has not yet remembered the recipes for all the dishes.
6074,У хорошего повара на кухне всегда чисто.,The kitchen of a good cook is always clean.
6075,Максим всегда мечтал стать поваром.,Maxim has always dreamed of becoming a chef.
6076,Ученики должны соблюдать правила поведения в школе.,The pupils must abide by the school rules.
6077,Как ты можешь объяснить своё поведение?,How can you explain your behavior?
6078,Учёные обнаружили связь между размером и поведением некоторых обезьян.,Scientists have found a connection between the size and behavior of some monkeys.
6079,В речи царя появилось много повелительных интонаций.,The tsar started using a commanding tone when he spoke.
6080,"У глагола ""ехать"" нет повелительной формы.",The verb ехать (to drive) has no imperative form.
6081,Повелительная интонация директора раздражает подчинённых.,The director's commanding tone annoys the subordinates.
6082,"Мне плевать, успеешь ты в срок или нет.",I don’t care if you manage to do it on time or not.
6083,"""Плевали мы на ваши постановления!"" - кричали митингующие.","""Screw your rules!"" the protesters shouted."
6084,Старик на лавочке ест семечки и плюёт под ноги.,The old man on the bench is eating sunflower seeds and spitting the shells under his feet.
6085,"Ваша новая книга очень поверхностная, в ней нет глубоких идей.","Your new book is very frivolous, it has no deep ideas."
6086,Учителя считали меня поверхностным и невнимательным.,My teachers considered me to be shallow and inattentive.
6087,Перед обработкой снимите поверхностный слой дерева.,"Before processing, remove the surface layer of wood."
6088,Марсоход нашёл воду на поверхности Марса.,The Mars rover found water on the surface of Mars.
6089,Крот проводит всю жизнь под поверхностью земли.,A mole spends his whole life beneath the surface of the ground.
6090,Покройте поверхность изделия лаком или краской.,Coat the surface of the product with lacquer or paint.
6091,В центре повествования находится девочка с необычными способностями.,At the heart of the story there is a girl with unusual abilities.
6092,Повествование ведётся от первого лица.,The narration is in first person.
6093,Во многих эпических повествованиях герой в конце погибает.,In many epic narratives the hero dies at the end.
6094,Повесть была опубликована в литературном журнале.,The story was published in a literary magazine.
6095,Пушкин любил читать свои повести друзьям.,Pushkin loved to read his stories to his friends.
6096,В повестях Чехова много юмора.,Chekhov’s novels are full of humor.
6097,"Старик посмотрел на длинную очередь в кассу, плюнул, выругался и ушёл.","The old man looked at the long line at the cash desk, spat, cursed, and left."
6098,Очень хотелось плюнуть на всё и поехать домой.,I really wanted to say to hell with everything and go home.
6099,Власти города и области в очередной раз плюнули на мнение горожан.,"Once again, the city and regional authorities didn't give a damn about the citizens' opinion."
6100,Ребёнок начинает плакать по любому поводу.,The child is starting to cry for no reason.
6101,"Нам не нужен повод, чтобы выпить.",We don’t need a reason to drink.
6102,Повышение налогов послужило поводом для новых протестов.,The increase in taxes led to new protests.
6103,Молодые люди плясали вокруг костра. ,Young people danced around the fire.
6104,Катенька пела и плясала лучше всех в деревне.,Katya was the best in the village at singing and dancing.
6105,С тех пор я никогда не видел Виктора пляшущим.,Since then I have never seen Victor dancing.
6106,"Никогда не знаешь, что ждёт нас за поворотом.",You never know what awaits us around the corner.
6107,Водитель пропустил нужный поворот и заблудился.,The driver missed the right turn and got lost.
6108,Машину занесло на повороте.,The car skidded on the bend.
6109,Повреждения обоих двигателей привели к падению самолёта.,Damage to both engines led to the plane crash.
6110,При аварии водитель не получил серьёзных повреждений.,The driver didn't receive any serious injuries in the accident.
6111,Повреждение позвоночника может привести к инвалидности. ,A spine injury can lead to disability.
6112,В магазине около дома можно найти любые товары повседневного использования.,You can find any everyday goods at the store near the house.
6113,Твардовский описывал ситуации из повседневной жизни на войне.,Tvardovski described situations from everyday life at war.
6114,Новый компьютер необходим мне для решения повседневных задач.,I need a new computer for everyday tasks.
6115,Никто не хочет повторения событий прошлого года.,No one wants to repeat the events of last year.
6116,Студентам надоело постоянное повторение одного и того же материала.,Students are fed up with the constant repetition of the same material.
6117,При повторении подобной ситуации нарушитель будет уволен.,"If this situation repeats itself, the offender will be removed."
6118,Повторный приём врача стоит тысячу рублей.,A return visit to the doctor costs a thousand rubles.
6119,При повторном нажатии кнопки лифт останавливается.,The elevator stops when you press the button again.
6120,Мы заключаем много повторных сделок с нашими клиентами.,We are tying up a lot of follow-up deals with our clients.
6121,От напряжения у спасателя побелели костяшки пальцев.,The rescuer's knuckles turned white due to exertion.
6122,Солдат побелел от страха.,The soldier turned white with fear.
6123,Старик лежал с побелевшими губами.,The old man lay with whitened lips.
6124,Гаврилов побледнел и молча сел за стол.,Gavrilov turned pale and silently sat at the table.
6125,Лицо Маруси побледнело и стало печальным.,Marousya's face turned pale and sad.
6126,Побледневшую девушку увели с места аварии.,A pale-looking girl was led away from the scene of the accident.
6127,Мы с подружками любим поболтать за чашкой кофе.,My girlfriends and I like to have a chat over a cup of coffee.
6128,Друзья пару минут поболтали о новостях.,The friends chatted about the news for a couple of minutes.
6129,"Давай встретимся завтра перед работой, поболтаем.",Let's meet tomorrow before work and chat.
6130,Ничто не может повлиять на решение о сносе кинотеатра.,Nothing can influence the decision about the demolition of the movie theater.
6131,Присутствие посторонних не повлияло на ход урока.,The presence of outsiders did not affect the course of the lesson.
6132,Кризис не повлиял на качество продуктов компании.,The crisis did not affect the quality of the company's products.
6133,В руках ветеринар держал поводящего носом кота.,"The veterinarian was holding a cat, who was smelling the air."
6134,Возле входа в резиденцию стояла поводящая испуганным взглядом лошадь.,"A horse stood near the entrance to the residence, casting a fearful glance."
6135,В этом году государство не станет повышать налоги на транспорт.,This year the state will not increase transport taxes.
6136,Употребление алкоголя на улице повышает риск переохлаждения.,Drinking alcohol outdoors increases the risk of hypothermia.
6137,"Сложно повторять одно и то же, не повышая голос.",It is difficult to repeat one and the same thing without raising your voice.
6138,"Весной температура воды повышается, и лёд тает.",In spring the water temperature rises and the ice melts.
6139,Требования к поступающим в военные вузы повышаются.,The admission requirements to military universities are increasing.
6140,Со следующего года цены на алкоголь будут постоянно повышаться.,"Starting next year, alcohol prices will regularly increase."
6141,"Глаза капитана были прикрыты опущенными веками, и это делало его лицо суровым.","The captain's eyelids were lowered, and this made his face look stern."
6142,На секунду Маргарита прикрыла веки.,For a second Margarita covered her eyelids.
6143,"Ученик должен объяснить, что значит поговорка.",The student must explain what the saying means.
6144,В русском языке много поговорок.,There are many sayings in Russian.
6145,Даша произнесла свою любимую поговорку.,Dasha repeated her favorite saying.
6146,При прохождении границы не стоит шутить с пограничниками.,"When crossing the border, you should not make jokes with the border guards."
6147,В результате неожиданного нападения пострадало шестнадцать пограничников.,Sixteen border guards were hurt during an unexpected attack.
6148,Вам необходимо погасить задолженность.,You need to pay off the debt.
6149,"Надеюсь, в этом году я погашу кредит за квартиру.",This year I hope to pay off the mortgage on the apartment.
6150,Сегодня всё освещение в городе будет погашено на час. ,All the lighting in the city will be put out for an hour today.
6151,Подбородок посетителя был выдвинут вперед.,The visitor stuck out his chin.
6152,При падении Матвей ударился подбородком о стол.,"When falling, Matvey hit his chin on the table."
6153,На подбородке выскочил прыщ. ,A pimple popped up on my chin.
6154,Ахмед купил небольшой подвал и мечтает открыть в нём кафе.,Ahmed bought a small basement and wants to open a café in it.
6155,В подвале жилого дома часто прячутся кошки.,Cats often hide in the basement of the apartment building.
6156,Старые минские здания имели очень глубокие подвалы.,Old buildings in Minsk had very deep basements.
6157,Потомки не забудут подвиг первого космонавта.,Future generations will not forget the achievment of the first astronaut.
6158,В жизни всегда есть место подвигу!,In life there is always a place for a heroic act.
6159,Подвиги советских солдат перечислены в исторических документах.,The achievements of Soviet soldiers are detailed in the historical documents.
6160,Я всегда мечтал погладить тигра.,I always dreamed of petting a tiger.
6161,Мать погладила сына по голове. ,The mother patted her son on the head.
6162,В химчистке мне постирали и погладили всю одежду.,I had all my clothes washed and ironed at the dry-cleaner's.
6163,Марат поглядел на закат и вернулся в дом.,Marat looked at the sunset and returned to the house.
6164,"Погляди скорей, что по телевизору показывают. ","Quick, take a look at what's on TV."
6165,Алия поглядела по сторонам и быстро подняла деньги.,Alia glanced around and quickly picked up the money.
6166,"Если за нами погонятся, нужно сразу разделиться.","If they chase after us, we must split up immediately."
6167,Нам нужно серьёзно поговорить о твоём поступке.,We need to talk seriously about what you did.
6168,В сегодняшнем выпуске мы подробно поговорим о ситуации в Средней Азии.,"In today's episode, we will talk in detail about the situation in Central Asia."
6169,В этот раз друзья поговорили начистоту. ,This time the friends spoke their mind.
6170,Корабль в Средиземном море подаёт сигнал бедствия. ,A ship in the Mediterranean is giving a distress signal.
6171,Старосты школы должны подавать пример ученикам.,School prefects should set an example for students.
6172,Яблоки и чернослив традиционно подают с гусем.,Apples and prunes are traditionally served with goose.
6173,Дети подбегают к Деду Морозу за конфетами.,Children run up to Father Frost for candy.
6174,К месту происшествия уже подбегали прохожие.,Passers-by were already running up to the scene of the accident.
6175,Раньше собака подбегала к хозяйке по первой команде.,The dog used to run to her mistress on the first command.
6176,Музыканты выступили в поддержку политических заключённых.,The musicians spoke out in support of political prisoners.
6177,В перерыве матча выступила группа поддержки.,The cheerleaders performed during half-time.
6178,Мне сейчас нужна твоя моральная поддержка.,I need your moral support now.
6179,"Динар осмотрел себя в зеркале, подвигал плечами и замер.","Dinar examined himself in the mirror, shrugged his shoulders, and froze."
6180,,_
6181,"В школе должна быть комната, где дети могли бы свободно подвигаться.",In school there should be a room where children can move freely.
6182,Интуиция меня никогда не подводит.,Intuition never fails me.
6183,"Подводя итоги, хочу напомнить всем о событиях этого года.","Summing up, I want to remind everyone about this year's events."
6184,Сегодня я подвожу итоги и делаю выводы.,Today I am summarizing and drawing conclusions.
6185,Пётр стал всё чаще подвозить Алину до дома.,Peter started giving Alina a lift home more often.
6186,Раствор и бетон подвозили прямо на стройку в больших автомобилях.,Cement and concrete were transported directly to the construction site in large vehicles.
6187,"Подлежащее обычно отвечает на вопросы ""Кто?"" и ""Что"".","The subject usually answers the questions ""Who?"" and ""What?""."
6188,Первые дипломаты должны только подготовить почву для торговых переговоров.,The first diplomats should only set the stage for the trade negotiations.
6189,Материалы подготовила журналистка Анна Портнягина.,The journalist Anna Portnyagina prepared the content.
6190,В регионах необходимы хорошо подготовленные специалисты.,Well-trained specialists are required in regional areas..
6191,Лекарство подействовало только через несколько дней.,The medicine only took affect after a few days.
6192,"Чтобы музыка на вас подействовала, она должна нравиться.","In order for music to have an effect on you, you have to like it."
6193,Наследство поделили поровну между братьями.,The inheritance was divided equally between the brothers.
6194,Рынок нефти был поделён в середине восьмидесятых.,The oil market was divided in the mid-eighties.
6195,Пространство выставки поделено на зоны.,The exhibition space is divided into zones.
6196,На подоконнике росла целая коллекция кактусов.,A whole collection of cactuses were growing on the windowsill.
6197,Кошка запрыгнула на подоконник.,The cat jumped onto the windowsill.
6198,У нас на всех подоконниках стоят горшки с цветами.,We have flower pots on all the windowsills.
6199,"Вы можете решить, что вас это не касается, но это не так.","You might think that this does not concern you, but that's not the case."
6200,"Когда дело касалось чьей-то репутации, Ренат становился осторожным.","When it was a matter of someone’s reputation, Renat was cautious."
6201,"На саммите обсуждались вопросы, касающиеся российско-украинских отношений.",The summit discussed issues about Russian-Ukrainian relations.
6202,Зульфия хотела поделиться своей радостью с друзьями.,Zulfia wanted to share her joy with her friends.
6203,Главный врач поделился своим мнением с журналистами.,The head physician shared his opinion with the reporters.
6204,"Он жадный, никогда ни с кем не поделится.","He is greedy, he never shares with anyone."
6205,Учреждения начали принимать документы с электронной подписью.,Institutions started accepting documents with a digital signature.
6206,Для подачи документов нужна твоя подпись.,Your signature is required for submitting the documents.
6207,Идёт сбор подписей за кандидата в депутаты.,Signatures are being collected for the candidate for deputy.
6208,,_
6209,Подполковник полиции Александр Трошков стал начальником нового подразделения.,Police lieutenant colonel Alexander Troshkov became the head of the new unit.
6210,Весёлов закончил военную службу в звании подполковника.,Veselov finished his military service at the rank of lieutenant colonel.
6211,Рядовой доложил подполковнику о прибытии комиссии.,The private reported to the lieutenant colonel about the arrival of the commission.
6212,"Отдыхай, я сам здесь подмету.","Relax, I will sweep here myself."
6213,"Вымой посуду и подмети пол, после этого можешь идти гулять.","Wash the dishes and sweep the floor, then you can go for a walk."
6214,Я подмёл пол во всём доме. ,I swept the floor throughout the house.
6215,Из-за аллергии на пыль я не люблю подметать.,"Because of my dust allergy, I do not like sweeping floors."
6216,В новом доме папа подметает полы каждый день.,Dad sweeps the floors in the new house every day.
6217,"Мирон устроился разнорабочим: подметал двор, носил тяжести. ",Miron got a job as a handyman: he swept the yard and carried heavy things.
6218,У современных подростков больше технических навыков.,Teenagers these days have more technical skills.
6219,Тело подростка быстро меняется.,A teenager's body changes quickly.
6220,Подростки не любят говорить о своих чувствах.,Teenagers do not like to talk about their feelings.
6221,Известный актёр любит подогревать интерес к своей персоне.,The famous actor likes to attract interest to himself.
6222,Подогреваемые азартом игроки делали большие ставки.,"Fueled by excitement, the players made big bets."
6223,С нового года водка подорожает.,The price of vodka will go up at the beginning of the year. 
6224,За последние три года всё сильно подорожало.,"Over the past three years, everything has become significantly more expensive."
6225,В прошлом месяце продукты резко подорожали.,Groceries got more expensive last month. 
6226,Тысячи граждан подписываются под требованиями снизить налоги.,Thousands of citizens are signing petitions demanding tax cuts.
6227,Подписываюсь под каждым твоим словом!,I support you 100 percent!
6228,На последней странице договора подписывается директор компании.,The head of the company is signing the last page of the contract.
6229,В молодости я часто подрабатывал грузчиком.,When I was young I often worked part-time loading trucks.
6230,Студенты часто подрабатывают на каникулах.,Students often earn extra money during the holidays.
6231,"Мне часто приходится подрабатывать, чтобы содержать семью.",I often have to work extra to support my family.
6232,Коля любит подраться с соседскими мальчишками.,Kolya loves to fight with the neighboring boys.
6233,"Сейчас мы друзья, но однажды мы чуть не подрались.","We are friends, but we almost got into a fight once."
6234,"Ещё немного, и они подерутся. ",They're going to start fighting any minute now.
6235,"Мы могли бы подружиться, хоть ты и из другого города.","We could become friends, even though you are from another city."
6236,В Приморском зоопарке тигр подружился с козлом.,A tiger made friends with a goat at the Primorsky zoo.
6237,Людмила сразу подружилась с соседями.,Lyudmila immediately made friends with her neighbors.
6238,Дети подсказывают ответы своему однокласснику.,The children are whispering answers to their classmate.
6239,"Интуиция подсказывает мне, что пора уходить.",My intuition tells me it's time to leave.
6240,Я никогда не подсказываю соседу по парте.,I never give answers to my desk mate.
6241,Положи голову на подушку. ,Put your head on the pillow.
6242,Лёня прячет игрушки под подушкой.,Lionya hides his toys under his pillow.
6243,Производители автомобилей начали устанавливать современные подушки безопасности с 1963 года.,Car manufacturers have been installing modern airbags since 1963.
6244,Нужно выбрать подходящее место для палатки. ,You need to choose a suitable place for the tent.
6245,"Я пытался выбрать подходящий момент, чтобы рассказать ей правду.",I tried to choose the right moment to tell her the truth.
6246,Завод должен быть построен в подходящем месте. ,The factory should be built in a suitable location.
6247,"Девушке, подслушивающей у чужих дверей, удалось сбежать. ",The girl who wa eavesdropping at the door managed to escape.
6248,Артём очень любит подслушивать чужие разговоры. ,Artyom loves to eavesdrop on other people's conversations.
6249,Полицейские установили в дом подозреваемого одно из подсматривающих устройств.,Police officers installed a hidden camera in the suspect’s house.
6250,Алла любит подсматривать в замочную скважину.,Alla loves to peep through the keyhole.
6251,В Австралии долго не могли потушить лесной пожар. ,It took a long time for the firefighters to put out the forest fire in Australia.
6252,"Жители пытались восстановить деревню, уничтоженную пожаром.",The villagers tried to rebuild their village destroyed by fire.
6253,Сотни добровольцев тушат пожары. ,Hundreds of volunteers are putting out the fires.
6254,Дом сгорел до приезда пожарных.,The house burned down before the firefighters arrived.
6255,На каждом этаже установили пожарный шланг.,A fire hose was installed on each floor.
6256,В маленьком городке нет пожарной охраны.,There is no fire department in that small town.
6257,Все пожелания и предложения принимаются по электронной почте.,All suggestions and proposals are accepted by email.
6258,Мое пожелание на Новый год -- чтобы все были счастливы.,My wish for the New Year is for everyone to be happy.
6259,"С наилучшими пожеланиями, ваш Алексей. ","Best regards, yours truly Alexey."
6260,Доля государства в компании составляет менее тридцати процентов.,The state’s share in the company is less than thirty percent.
6261,Микроорганизмы составляют основу всей жизни в Мировом океане.,Microorganisms form the basis of all life in the oceans.
6262,Галина умеет правильно составлять все документы.,Galina knows how to draw up all the documents correctly.
6263,Пожилая женщина не смогла поднять тяжёлую сумку.,The elderly woman could not lift the heavy bag.
6264,Пожилые люди чаще болеют.,Older people get sick more often.
6265,Жителям пожилого возраста бывает сложно осваивать новые технологии.,Elderly people find it difficult to learn new technologies.
6266,"Клиент подтверждает, что ознакомился с договором.",The client confirms that he has read the contract.
6267,Новые открытия подтверждают нашу теорию. ,New discoveries confirm our theory.
6268,Для получения кредита вам не хватает подтверждающих документов.,You do not have enough supporting documents to get a loan.
6269,В армии солдаты вынуждены подчиняться приказам.,Soldiers are obliged to obey orders in the army.
6270,Молодёжь не подчиняется старым авторитетам.,Young people do not obey the old leaders.
6271,Руководители предприятий подчиняются напрямую президенту.,Company managers report directly to the president.
6272,Я переехал в новый дом и не пожалел об этом. ,I moved to a new house and did not regret it.
6273,Марина пожалела нищего и дала ему денег.,Marina felt sorry for the beggar and gave him money.
6274,"Они ещё пожалеют, что отказали нам.",They will be sorry they refused us.
6275,"Уже поздно, пойдём спать. ","It is late, let's go to sleep."
6276,Поздняя осень в этом году была сухая и тёплая. ,Late autumn was dry and warm this year.
6277,Более поздние исследования подтвердили предположения автора. ,Later studies confirmed the author's assumptions.
6278,Жители страны демонстрируют свою гражданскую позицию.,Residents of the country are demonstrating their social activism.
6279,Россия стремится к укреплению своих позиций на международной арене.,Russia seeks to strengthen its position on the global stage.
6280,Позиция редакции может не совпадать с мнением автора.,The editor's position may not coincide with the opinion of the author.
6281,"Если тебя обижают, ты должен пожаловаться учителю.","If you are being bullied, you should complain to the teacher."
6282,Пенсионер пожаловался президенту на действия местных властей. ,A pensioner complained to the president about the actions of the local authorities.
6283,"Мама пожаловалась, что у неё болит голова.",Mom complained that she had a headache.
6284,Стыд и позор!,What a shame and disgrace!
6285,"К моему глубокому позору, я не читал эту книгу. ","To my deep shame, I did not read this book."
6286,Мы никогда не забудем этого позора.,We will never forget this disgrace.
6287,В октябре похолодало и пожелтели листья.,It got colder in October and the leaves turned yellow.
6288,В ящике была только стопка пожелтевших фотографий.,There was only a stack of discolored photographs in the drawer.
6289,"Книги были старые, с пожелтевшими страницами.","The books were old, with yellowed pages."
6290,Ради свободы мы готовы пожертвовать всем.,We are ready to sacrifice everything for freedom.
6291,Не пожертвуете ли вы сто рублей на добрые дела?,Will you donate a hundred rubles to a good cause?
6292,Новое приложение позволяет контролировать расходы. ,This new app allows you to monitor your expenses.
6293,Проведённые исследования позволяют сделать важные выводы.,The studies that we have conducted allow us to draw important conclusions.
6294,Семён никогда не позволял себе лишнего.,Semyon would never take liberties.
6295,Каждое утро Аркадий пожимает руки всем мужчинам в кабинете.,Every morning Arkady shakes hands with all the men in the office.
6296,"Константин Петрович отошёл в сторону, пожимая плечами. ",Konstantin Petrovich stepped aside and shrugged his shoulders.
6297,На все вопросы Марина только презрительно пожимала плечами.,Marina just contemptuously shrugged off all questions.
6298,В зале собрались поклонники творчества Маяковского. ,Admirers of Mayakovsky's works gathered in the hall.
6299,Толпы поклонников артиста собрались у здания театра.,Crowds of the artist's admirers gathered at the theater.
6300,Я являюсь давним поклонником вашего творчества.,I am a longtime admirer of your work.
6301,Поклонница прислала художнику букет цветов. ,An admirer sent flowers to the artist. 
6302,Певец всегда окружён восторженными поклонницами.,The singer is always surrounded by enthusiastic fans.
6303,"Проблема нашего поколения в том, что мы перестали видеть прекрасное в простоте. ",The problem of our generation is that we do not see beauty in simplicity any more.
6304,Новое поколение не похоже на своих родителей.,The new generation is not like their parents.
6305,Через несколько поколений все забудут твоё имя. ,Everyone will forget your name in a few generations.
6306,Я сама могу о себе позаботиться.,I can take care of myself.
6307,Никто не позаботился о бедной женщине. ,No one took care of the poor woman.
6308,"Когда я умру, позаботьтесь о моих детях.","When I die, take care of my children."
6309,Любой позавидует твоей силе воли.,Everyone will envy your willpower.
6310,Нашим потомкам можно только позавидовать.,Our descendants can only be envied.
6311,Жителям крайнего севера не позавидуешь.,You would not envy the inhabitants of the far north.
6312,После покупки автомобиля Руслан совсем перестал ходить пешком.,"After buying a car, Ruslan stopped walking completely."
6313,Молодой человек взял кредит на покупку квартиры.,The young man took a loan to buy an apartment.
6314,При покупке квартиры вы получаете ковёр в подарок. ,When you buy an apartment you get a carpet as a gift.
6315,Почти с самого рождения ребёнок начинает познавать окружающий мир.,A child begins to learn about the world almost from the moment of birth.
6316,"Всегда приятно встретить человека, познающего мир.",It is always nice to meet a person who is interested in the world.
6317,Семинар закончился в полдень.,The seminar ended at noon.
6318,Давай встретимся в музее около полудня.,Let's meet at the museum around noon.
6319,К полудню все проснулись.,Everyone woke up by noon.
6320,Опытные бортпроводники сопровождают пассажиров в течение всего полёта.,Experienced flight attendants accompany passengers throughout the flight.
6321,Военные заправили самолёт прямо в полёте. ,The military refueled the plane right during the flight.
6322,Полёт прошёл без происшествий.,The flight went without incident.
6323,"Посетитель вежливо поинтересовался, открыт ли магазин.",The visitor inquired politely if the shop was open.
6324,"Мы поинтересовались у автора, как ему удается так много писать.",We asked the author how he manages to write so much.
6325,"Бабушка поинтересовалась, как дела у её внука.",Grandma asked how her grandson was doing.
6326,Сегодня мы хотим покататься на лыжах.,We want to go skiing today. 
6327,Вчера мы немного покатались на велосипеде.,Yesterday we took a little bike ride.
6328,Пусть Вова покатается на коньках или сходит в кино.,Let Vova skate for a while or go to the movies.
6329,Дядя удивился и отрицательно покачал головой.,My uncle was surprised and shook his head in disagreement.
6330,Ирина улыбнулась и неуверенно покачала головой.,Irina smiled and shook her head uncertainly.
6331,На открытии выставки присутствовало много известных политиков.,There were many famous politicians at the opening of the exhibition.
6332,Работу комиссии возглавил известный политик Михаил Касьянов.,The work of the commission was led by the well-known politician Mikhail Kasyanov.
6333,"Многие политики убеждены, что нужны обществу.",Many politicians are convinced that society needs them.
6334,Полиэтиленовые пакеты можно приобрести на кассе.,Plastic bags can be purchased at the cashier's desk.
6335,Остатки еды завернули в полиэтиленовую плёнку и убрали в холодильник.,The remaining food was wrapped in plastic wrap and put in the refrigerator.
6336,Полковник Новиков рано вышел в отставку.,Colonel Novikov took an early retirement.
6337,Полковника Стрельникова назначили командиром в дальнем гарнизоне.,Colonel Strelnikov was appointed commander in a distant garrison.
6338,Никто давно не пишет полковнику Семёнову.,Nobody has been writing to Colonel Semenov for a long time.
6339,В полночь просыпаются тёмные силы.,Dark forces awaken at midnight.
6340,К полуночи все в доме уснули.,By midnight everyone in the house was asleep.
6341,К полночи придёшь к подземелью.,Come to the dungeon by midnight.
6342,Моё положение в обществе не позволяет мне выходить на улицу без охраны.,My social status does not allow me to go outside without a security guard.
6343,Социологи отметили ухудшение материального положения граждан.,Sociologists noted a deterioration in the financial situation of citizens.
6344,Храните прибор строго в вертикальном положении.,Be sure to store the instrument upright.
6345,Даже в самых плохих людях всегда есть что-то положительное.,Even the worst people always have something good in them.
6346,Каждому нужны положительные эмоции.,Everyone needs positive emotions.
6347,Вениамину важно получить положительную оценку судей.,It’s important for Benjamin to get a positive assessment from the judges.
6348,Нарисуйте квадрат и полукруг.,Draw a square and a semicircle.
6349,По коридору больницы шёл полуодетый пациент.,A half-dressed patient was walking along the corridor of the hospital.
6350,"Многие мечтают уехать на полуостров, к морю.","Many people dream of going to the peninsula, to the sea."
6351,Сейчас на полуострове наконец-то наступил мир.,Now peace has finally arrived on the peninsula.
6352,Большая часть полуострова занята лесами.,Most of the peninsula is covered with forests.
6353,Дверь открыл полусонный хозяин дома.,The door was opened by the owner of the house who was half asleep.
6354,В полусонной тишине вдруг раздался крик.,A scream suddenly ripped through the drowsy silence.
6355,Василиса поклонилась зрителям и села за рояль.,Vasilisa bowed to the audience and sat down at the piano.
6356,Калмыков слегка поклонился и поприветствовал гостей.,Kalmykov bowed slightly and greeted the guests.
6357,Не забудь поклониться после выступления.,Don't forget to bow after the performance.
6358,Часто случайные знакомства приносят пользу.,Acquaintances that you make by chance often turn out to be useful.
6359,"Не могу понять, есть ли польза от нового прибора.",I can’t understand whether the new device is of any use.
6360,Никакой от тебя пользы нет.,You are just useless.
6361,Весной Григорий покрасил двери и окна белой краской.,In the spring Grigory painted the doors and windows white.
6362,В этом году стены в школе покрасили в зелёный цвет.,This year the school walls were painted green.
6363,На следующей неделе я покрашу волосы в новый цвет.,Next week I will dye my hair a new color.
6364,Данила всегда мечтал проехать от полюса до экватора. ,Danila always dreamed of traveling from the pole to the equator.
6365,Учительница попросила показать на глобусе северный и южный полюсы.,The teacher asked the student to show where the north and south poles are on a globe.
6366,"Наша планета - шар, немного сплющенный у полюсов.",Our planet is a sphere slightly flattened at the poles.
6367,В финальном матче поляки сыграют с канадцами.,In the final match the Poles will play with the Canadians.
6368,Дмитрий Иванович встретил делегацию поляков в аэропорту.,Dmitry Ivanovich met a delegation of Poles at the airport.
6369,Сотрудники таможни проверили документы и пожелали поляку счастливого пути. ,The customs officers checked his documents and wished the Pole a pleasant journey.
6370,Ольга взглянула на меня и слегка покраснела.,Olga looked at me and blushed slightly.
6371,Петя смутился и покраснел.,Petya got embarrassed and blushed.
6372,Спортсмен тёр покрасневшую от мороза щёку.,The athlete rubbed his cheek that had turned red from the frosty weather.
6373,Бабушка уговаривала внучку покушать.,The grandmother persuaded her granddaughter to eat.
6374,В детском саду Миша хорошо покушал.,Misha had a good meal at his kindergarten.
6375,"Покушайте наших деревенских яблок, они очень вкусные.","Try some of our village apples, they are very tasty."
6376,Перенесите оборудование из тёплого помещения в холодное.,Move the equipment from a warm room to a cold one.
6377,Для проведения праздника организаторы арендовали большое помещение.,The organizers rented a large room for the celebration.
6378,В одном из помещений архива нашли ценные документы.,Valuable documents were found a room belonging to the archive.
6379,В моём детстве никаких мобильных телефонов и в помине не было.,In my childhood there were no mobile phones at all.
6380,На похоронах часто пьют на помин души умершего.,At funerals people often drink to honor the memory of the deceased's soul.
6381,"Некоторые змеи ползают не только по земле, но и по деревьям.","Some snakes crawl not only on the ground, but also in trees."
6382,Ребёнок ползает по полу в гостиной.,The baby is crawling on the floor in the living room.
6383,По дну клетки ползали три змеи.,Three snakes were slithering in the bottom of the cage.
6384,Пешеходы еле ползли по скользким дорожкам.,Pedestrians barely crawled along the slippery paths.
6385,"Маша, по твоей руке ползёт жук.","Masha, a bug is crawling on your arm."
6386,"Туман, ползущий с севера, уже накрыл город.",A fog creeping from the north has already covered the city.
6387,"Не забывай поливать цветы, пока нас нет дома.",Do not forget to water the flowers while we are away.
6388,Мама Антона постоянно поливает грязью его друзей.,Anton’s mother keeps slinging dirt at his friends.
6389,Летом дедушка каждый день поливал огород.,Grandfather used to water the garden every day in summer.
6390,Я всегда мечтал полюбоваться на Париж.,I have always dreamed of seeing Paris.
6391,Только полюбуйся на этих хулиганов!,Just look at those thugs!
6392,Художник немного полюбовался своей картиной и отдал её заказчику.,The artist admired his painting for a little while and then gave it to the customer.
6393,Слава помахал друзьям рукой на прощанье. ,Slava waved goodbye to his friends.
6394,,
6395,"Увидев приятеля, сёстры помахали ему рукой.",The sisters saw a friend and waved at him.
6396,"Многое поменялось с тех пор, как мы уехали отсюда.",A lot has changed since we left this place.
6397,Близнецы незаметно поменялись местами.,The twins switched places without being noticed.
6398,В поезде я бы хотела поменяться местами с соседом., I would have liked to swap places with the person next to me on the train.
6399,"Мы недавно поссорились, но сейчас уже помирились. ","We had an argument recently, but now we have made up again."
6400,В конце концов Эльдар Рязанов помирился с Войновичем.,"In the end, Eldar Ryazanov made peace with Voinovich."
6401,"Виталий хотел помириться с женой, но она оказалось слишком гордой.","Vitali wanted to make peace with his wife, but she was too arrogant."
6402,Для понимания ситуации я должен знать все подробности.,In order to understand the situation I need to know all the details.
6403,"В конце фильма к Евгении пришло чёткое понимание, что она потратила время зря.","At the end of the film, it was clear to Eugenia that she had wasted her time."
6404,"В моем понимании, хороший человек должен быть честным.","In my view, a good person should be honest."
6405,Мы все должны помолиться о наших солдатах.,We should all pray for our soldiers.
6406,Я помолился деве Марии и попросил у неё удачи.,I prayed to the Virgin Mary and asked her for success.
6407,"Помолившись, паломники отправились в путь.",The piligrims prayed and then set off.
6408,Теперь Ларисе всё стало понятно.,Now everything became clear to Larisa.
6409,Мне понятен ход ваших мыслей.,I understand your train of thought.
6410,"История, рассказанная в фильме, понятна всем зрителям.",The story told in the film is clear to all viewers.
6411,Ты так помолодела после отпуска!,You look so much younger after your vacation!
6412,От радостной новости Сергей как будто помолодел.,Sergey seemed to look younger after hearing the good news.
6413,"Люди готовы на многое, чтобы помолодеть.",People are willing to do a lot in order to look younger.
6414,После ужина нужно помыть посуду и убраться. ,You should wash the dishes and clean up after dinner.
6415,"Я помою полы завтра, сейчас я устал.","I will wash the floors tomorrow, I'm tired now."
6416,Врачи помыли руки и начали операцию.,The doctors washed their hands and started the operation.
6417,Совет Госдумы рассмотрел поправки к новому закону.,The State Duma Council has considered amendments to the new law.
6418,После долгой болезни моя дочь наконец-то пошла на поправку.,"After a long illness, my daughter is finally on the mend."
6419,Вторая поправка ограничивает возможности региональных властей.,The second amendment limits the powers of regional authorities.
6420,Мечтаю уже приехать домой и поскорее помыться.,My wish is to come home and have a wash as soon as possible.
6421,"Константин встал рано, помылся, оделся и пошёл на работу.","Konstantin got up early, washed, got dressed and went to work."
6422,"Помывшись и переодевшись, мы сели за стол.","After washing and changing our clothes, we sat down at the table."
6423,Правительство Франции не собирается понижать цены на бензин.,The French government is not going to lower gas prices.
6424,"Не понижая голос, подруги обсудили все последние новости.","Without lowering their voices, the friends discussed all the latest news."
6425,"Пациентка пользуется новым средством, понижающим давление. ",The patient is using a new remedy that lowers blood pressure.
6426,Попытка возродить рождественские традиции не увенчалась успехом. ,An attempt to revive Christmas traditions was unsuccessful.
6427,В нашей клинике участились попытки самоубийства.,Cases of attempted suicide have become more frequent at our hospital.
6428,Бизнесмен предпринял попытку спасти свой бизнес.,The businessman made an attempt to save his business.
6429,В сентябре температура воздуха начинает понижаться.,The air temperature begins to drop in September.
6430,Наши спортсмены достигли поразительных результатов.,Our athletes have achieved amazing results.
6431,Белорусский учёный удивил всех поразительным открытием.,The Belarusian scientist surprised everyone with a startling discovery.
6432,В результате проверки исследователи подтвердили поразительный результат эксперимента.,"By doing a follow-up test, the researchers confirmed the amazing result of the experiment."
6433,"Котёнок попытался понюхать мышку, но она сразу убежала.","The kitten tried to sniff at the mouse, but it ran away immediately."
6434,Аносов понюхал подаренный букет цветов и улыбнулся.,Anosov sniffed the bouquet of flowers that was presented to him and smiled.
6435,"Понюхай этот хлеб - чувствуешь, какой свежий?",Take a sniff of this bread -- do you smell how fresh it is?
6436,Опытный стрелок всегда попадает в цель.,An experienced shooter always hits the target.
6437,Раньше на этом перекрёстке пешеходы часто попадали под машину.,Pedestrians used to get hit by cars quite often at this intersection.
6438,После смерти праведники попадают в рай.,After death the righteous go to heaven.
6439,Дима зашёл домой попить воды.,Dima stopped by at home to get a drink of water.
6440,Пёс попил из лужи и побежал дальше.,The dog took a drink from a puddle and ran on.
6441,"Оставайся с нами, чаю попьёшь.","Stay with us, have some tea."
6442,"Елена читала, время от времени поправляя очки.",Elena was reading and occasionally adjusting her glasses.
6443,На празднике даме часто приходилось поправлять причёску.,At the party the lady had to straighten her hair repeatedly.
6444,Кристина нервничала и часто поправляла волосы.,Christina was nervous and often straightened her hair.
6445,Поправляйся скорее!,Get well soon!
6446,"Линда сломала ногу, но сейчас она уже поправляется.","Linda broke her leg, but she is already recovering."
6447,В Анголе капитан подружился с одним португальцем. ,The captain made friends with a Portuguese man in Angola.
6448,Что ты носишь в своём портфеле?,What are you carrying in your briefcase?
6449,В прошлом году наш инвестиционный портфель состоял из облигаций и ценных бумаг.,"Last year, our investment portfolio consisted of bonds and securities."
6450,Пётр Алексеевич всегда выходит из дома с портфелем в руке.,Pyotr Alekseevich always leaves the house with his briefcase in his hand.
6451,Пейзаж на Камчатке поражает воображение.,The landscape at Kamchatka is amazing.
6452,"Новый марсоход присылает фотографии, поражающие своей чёткостью.",The new Mars rover sends strikingly clear photos.
6453,Современные дети поражают меня своей хитростью. ,Modern children amaze me with how clever they are.
6454,Порча государственного имущества карается штрафом.,Damage to state property is punishable by a fine.
6455,Гадалка пообещала девушке снять с неё порчу за тысячу рублей.,The fortuneteller promised the girl to remove a jinx from her for a thousand rubles.
6456,Риск случайной порчи оборудования лежит на владельце оборудования.,The risk of accidental damage to the equipment is the responsibility of the owner of the equipment.
6457,Щенок поранил лапку на прогулке.,The puppy injured his paw on a walk.
6458,Для шашлыка нужно порезать мясо на маленькие кусочки.,For shashlik you need to cut the meat into small pieces.
6459,Пальцы Тереховой порезаны стеклом от разбитого окна.,Terekhova’s fingers were cut with glass from a broken window.
6460,Филе трески уже почищено и порезано на мелкие кусочки.,The cod fillet has already been cleaned and cut into small pieces.
6461,Вот уже порядка 130 лет Россию и Мексику связывают двусторонние отношения.,Russia and Mexico have been linked by bilateral relations for about 130 years.
6462,"Хорошо, что у тебя всё в порядке.",It’s good that you’re all right.
6463,Я должен вернуться и привести в порядок дом.,I have to go back and tidy up the house.
6464,В некоторых ситуациях сложно оставаться порядочным человеком.,In some situations it is difficult to remain a decent person.
6465,"Марк -- не только честный и порядочный человек, но и отличный специалист.","Mark is not only an honest and decent person, but also an excellent specialist."
6466,Порядочные люди не обманывают своих друзей.,Decent people do not deceive their friends.
6467,Могу порекомендовать вам отличный ресторан в этом районе.,I can recommend to you an excellent restaurant in this area.
6468,Юрист порекомендовал заявить о краже имущества в полицию.,The lawyer recommended reporting the theft of property to the police.
6469,"Порекомендуйте мне, пожалуйста, хорошего парикмахера.",Please recommend to me a good hairdresser.
6470,"Друзья убеждали меня не портить отношения с родителями, но я их не послушал.","Friends urged me not to spoil my relationship with my parents, but I did not listen to them."
6471,На вечеринках Максим всегда портит всем настроение.,Maxim always spoils everyone's mood at parties.
6472,"Зина, не порть мне вечер.","Zina, don't ruin my evening."
6473,Вечером в зале почти не было посетителей.,In the evening there were almost no visitors in the hall.
6474,Посетители выставки оценили талант художника.,Visitors of the exhibition appreciated the talent of the artist.
6475,Студия художника всегда была переполнена посетителями.,The artist's studio has always been crowded with visitors.
6476,К вечеру погода начала портиться.,The weather started turning bad as evening approached.
6477,"Этот салат нужно съесть сегодня, он быстро портится.","This salad needs to be eaten today, it goes bad quickly."
6478,Вчера мы с отцом снова сильно поругались.,"Yesterday, my father and I had a big fight again."
6479,После регулярных занятий спортом моё тело стало послушным.,"After regular exercise, my body got into shape."
6480,Мы с братом никогда не были послушными детьми.,My brother and I were never obedient as children.
6481,Послушные дети реже становятся лидерами.,Obedient children are less likely to become leaders.
6482,"Как вылечить наркомана, если он не хочет порывать с наркотиками?",How can you cure a drug addict if he does not want to part with his drugs?
6483,В конце книги барон навсегда порывает с темным прошлым и занимается благотворительностью.,At the end of the book the baron departs from his dark past forever and does charity work.
6484,"Пока были силы, Клавдия Семёновна порывалась встать и пойти куда-нибудь","For as long as her strength held out, Klavdia Semyonovna kept trying to get up and go somewhere."
6485,Малыша посадили на стульчик.,The baby was put in a high chair.
6486,Высокие растения можно посадить вдоль забора.,Tall plants can be planted along the fence.
6487,За свою жизнь Прокофий посадил множество деревьев и вырастил трёх сыновей.,"During his life, Prokofy planted many trees and raised three sons."
6488,Андрей не хотел посвящать друзей в свои дела.,Andrey did not want to share his affairs with his friends. 
6489,"Поэт, посвящающий стихи любимой женщине, очень романтичен.",A poet dedicating poetry to a woman he loves is very romantic.
6490,Некоторые люди посвящают всю жизнь служению богу. ,Some people devote their whole lives to the service of God.
6491,Посиневшие губы детей дрожали от холода.,The blue lips of the children trembled from the cold.
6492,"Настя последит за собакой, пока нас нет.",Nastya will take care of the dog while we are gone.
6493,От постоянного переутомления у Юли часто болит голова.,Julia often gets headaches because of constant exhaustion.
6494,Наш постоянный клиент сегодня не пришёл. ,Our regular customer did not come today.
6495,"Если вы сменили постоянное место жительства, обратитесь в паспортный стол своего города.","If you have changed your permanent place of residence, contact the registration office in your city."
6496,Перед обжариванием мясо нужно посолить.,The meat must be salted before frying.
6497,Я посолю суп в конце приготовления.,I will salt the soup when it is done cooking.
6498,"Соль не нужна, я уже посолила овощи.","Salt is not needed, I have already salted the vegetables."
6499,Поступок героя удивил всех.,The hero’s deed surprised everyone.
6500,Мы всегда должны отвечать за свои поступки.,We must always be responsible for our actions.
6501,Мне непонятны мотивы твоих поступков. ,I don’t understand the motives for your actions.
6502,"Посочувствовав девушке, шофёр помог ей выгрузить тяжёлые сумки.","Feeling sorry for the girl, the driver helped her unload the heavy bags."
6503,Мой сын всегда моет за собой посуду.,My son always washes his dishes.
6504,Дорогая посуда -- показатель богатства хозяев.,Expensive dishes are a sign of wealthy owners.
6505,"В новом доме не было ни мебели, ни посуды.",There was no furniture or utensils in the new house.
6506,Анастасия отправила тебе посылку из Германии.,Anastasia sent you a parcel from Germany.
6507,"Алексею не прислали ничего, кроме одной посылки. ","Nothing was sent to Alexey, except for one package."
6508,На день рождения друзья прислали Тане много посылок с игрушками.,Friends sent Tanya many packages with toys on her birthday.
6509,После скандала журналисты поспешили найти всех участников событий.,After the scandal journalists hastened to find all the participants in the events.
6510,Старик увидел тучи и поспешил домой.,The old man saw the clouds and hurried home.
6511,Поспешишь -- людей насмешишь.,Haste makes waste.
6512,Инвесторы стремятся избавиться от потенциальных угроз своим вложениям.,Investors try to avoid potential risks to their investments.
6513,Перед занятиями спортом нужно оценить потенциальную опасность для здоровья.,"Before playing sports, you need to evaluate the potential health hazards."
6514,На встрече с потенциальными клиентами Чиркаева рассказала о новом здании. ,At a meeting with potential customers Chirkaeva spoke about the new building.
6515,Кто же решится поспорить с опытным охотником!,Who would want to argue with an experienced hunter!
6516,"Давай поспорим, что ты не успеешь вернуться до заката.",Let's bet you won't manage to come back before sunset.
6517,Завтра команды России и Канады поспорят за первое место в чемпионате.,Russian and Canadian teams will compete for first place at the championship.
6518,Перед свадьбой Катя поссорилась со всеми родственниками.,Katya argued with all her relatives before the wedding.
6519,"Вижу, ты хочешь и со мной тоже поссориться?",I see you want to argue with me too?
6520,"Миша не поедет в путешествие с Маргаритой, они поссорились.","Misha will not go on the trip with Margarita, they've had a fight."
6521,Иван Прокофьевич вошёл в старый дом и остановился от потока воспоминаний.,Ivan Prokofievich entered his old house and was stopped by the flood of memories.
6522,"Рустам стоит под дождём, не замечая потоков воды.",Rustam is standing in the rain not noticing the water pouring down on him.
6523,Потоки людей наполняют метро каждое утро.,Streams of people fill the subway every morning.
6524,Подвиги ветеранов навсегда останутся в памяти потомков.,The veterans' great achievements will forever remain in the memory of their descendants.
6525,Потомки Рахманинова принимают участие в организации конкурсов имени великого композитора. ,Rachmaninov's descendants take part in organizing contests named after the great composer.
6526,Мой коллега - потомок Чингисхана.,My colleague is a descendant of Genghis Khan.
6527,Население страны сильно постарело за последние двадцать лет.,The population of the country has greatly aged over the past twenty years.
6528,"Нас потрясло, как постарел наш учитель. ",We were shocked by how much our teacher had aged.
6529,Постаревшая актриса вновь вышла на сцену. ,The elderly actress took to the stage again.
6530,"Приняты поправки в закон ""о защите прав потребителей"".",The amendments on the Consumer Protection Act have been adopted.
6531,Станет ли жильё доступнее для российского потребителя?,Will housing become more affordable for the Russian consumer?
6532,"Потребитель сам определяет, какие продукты ему нужны.",The consumer himself determines what products he needs.
6533,Банки развивают рынок потребительских кредитов. ,Banks are developing the personal loans market.
6534,Предприятие совершенствует потребительские свойства товара.,The company is improving the consumer properties of its goods.
6535,Расходы на обогрев занимают до десяти процентов потребительской корзины.,Spending on heating accoutns for up to ten percent of the consumer basket.
6536,Голод - это потребность организма в пище.,Hunger is the body's need for food.
6537,У меня мало потребностей.,I have few needs.
6538,У разных народов России нет потребности во вражде.,The various nationalities that live in Russia have no need for hostility.
6539,Утром в запертую дверь постучали.,In the morning there was a knock on the locked door.
6540,"Виктор постучал, прежде чем войти.",Victor knocked before entering.
6541,"Приезжайте в офис, постучите в двадцать третий кабинет, спросите Ларису Витальевну.","Come to the office, knock on room twenty-three, ask for Larisa Vitalievna."
6542,От резкого движения у мамы потемнело в глазах.,Mother almost fainted when she made a sudden movement.
6543,Путешественники вошли в старую церковь с потемневшими от времени иконами.,The travelers went into an old church with time-stained icons.
6544,В углу стоял потемневший от времени сундук. ,There was a time-stained chest in the corner.
6545,На севере Хабаровского края завтра немного потеплеет.,It will get a little warmer tomorrow in the north of the Khabarovsk region.
6546,К утру в квартире потеплело. ,It warmed up in the apartment by morning.
6547,"Денис сел за стол, потирая руки в предвкушении обеда.","Denis sat at the table, rubbing his hands in anticipation of dinner."
6548,Олег недовольно потирал ушибленное плечо.,Oleg was rubbing his bruised shoulder with discontent.
6549,"Ты уже знаешь, что победишь, и потираешь руки.","You already know that you will win, and you're rubbing your hands."
6550,"Нам нужно поторопиться, иначе опоздаем на поезд.","We need to hurry, otherwise we'll be late for the train."
6551,"Станислав был очень молод и поторопился с женитьбой, о чем потом часто жалел.","Stanislav was very young and rushed to get married, which he often regretted later."
6552,"Увидев солнце, мы поторопились на улицу. ",We saw the sun and hurried outside.
6553,Для салата вам потребуется варёная свёкла.,You will need boiled beets for thе salad.
6554,На реконструкцию здания потребовалось девять месяцев и 20 миллионов рублей.,The reconstruction of the building took nine months and 20 million rubles.
6555,Для составления проекта директору потребовались грамотные специалисты.,The manager needed competent specialists to draft the project.
6556,Идея Крестовых походов возникла в западном христианстве.,The concept of the Crusades first appeared in Western Christianity.
6557,"Туристы вернулись из похода на неделю позже, чем планировали.",The tourists returned from the hike a week later than they planned.
6558,В летнем лагере организованы туристические походы для детей разных возрастов.,There are hiking trips for children of different ages organized at the summer camp.
6559,Даже походка Никиты изменилась после занятий спортом.,Even Nikita’s manner of walking changed after the workout.
6560,Савельев всегда выходил на сцену стремительной походкой.,Savelyev always stepped on the stage with a swift pace.
6561,В запасе у актрисы было немало различных походок и жестов.,The actress had a lot of different walks and gestures in her repertoire.
6562,На следующей неделе в Москве ожидается похолодание.,The temperature is expected to fall in Moscow next week.
6563,Отец потрогал горячий лоб сына. ,The father touched his son’s hot forehead.
6564,В детстве Аня всегда мечтала потрогать слона.,As a child Anya always dreamed of touching an elephant.
6565,Анатолий осторожно потрогал свежий синяк.,Anatoly touched his fresh bruise carefully.
6566,"Пьяница бежит по улице, злобно потрясая кулаками.","The drunkard is running down the street, viciously shaking his fists."
6567,"Занимаясь спортом дома, можно добиться потрясающих результатов.",You can achieve amazing results by working out at home.
6568,"Детям повезло, что у них такой потрясающий отец.",Children are lucky to have such an amazing father.
6569,На похороны президента пришли несколько тысяч человек.,Several thousand people attended the president’s funeral.
6570,Организация похорон - сложное занятие.,Organizing funerals is a difficult task.
6571,На похоронах актрисы присутствовали только близкие родственники.,Only close relatives attended the actress's funeral.
6572,Пожар в жилом доме потушили только к утру.,The fire in the residential building was only extinguished in the morning.
6573,София потушила сигарету и вернулась в дом.,Sophia put out her cigarette and went back in the house.
6574,Никита потушил свет в комнате и лёг спать.,Nikita put out the light in the room and went to bed.
6575,У многих врачей неразборчивый почерк.,Many doctors have illegible handwriting.
6576,Оля подписывала документы аккуратным почерком.,Olya signed the documents in neat handwriting.
6577,"Борис потянул подругу за руку, но она осталась на месте.","Boris tugged on his friend's hand, but she didn't move."
6578,От двери потянуло холодом.,A cold breeze blew from the door.
6579,Родители не потянут воспитание четырёх детей. ,The parents are not going to be able to manage to raise four children.
6580,Василий Витальевич был приглашён почётным гостем на заседание партии.,Vasily Vitalyevich was invited to the party meeting as an honored guest.
6581,Ротой почётного караула командует капитан Рыбников.,The silent drill platoon is commanded by Captain Rybnikov.
6582,Команда по плаванию заняла почётное третье место.,The swimming team came in an honorable third place.
